    0.0000       0.03607       0.04408      99.99999       0.00011      99.99997       0.00011      99.99994       0.00011
    0.0006       0.00100       0.04408      49.25988      -0.00380      49.27298      -0.00379       0.00000       0.00000
    0.0013       0.00100       0.02427      49.25824      -0.00380      49.26619      -0.00379       0.00000       0.00000
    0.0019       0.00100       0.02427      49.25734      -0.00380      49.26528      -0.00379       0.00000       0.00000
    0.0025       0.00100       0.02427      49.25644      -0.00380      49.26438      -0.00379       0.00000       0.00000
    0.0031       0.00100       0.02427      49.25554      -0.00380      49.26348      -0.00379       0.00000       0.00000
    0.0038       0.00100       0.02427      49.25463      -0.00379      49.26257      -0.00379       0.00000       0.00000
    0.0044       0.00100       0.02427      49.25373      -0.00379      49.26167      -0.00379       0.00000       0.00000
    0.0050       0.00100       0.02427      49.25283      -0.00379      49.26169      -0.00379       0.00000       0.00000
    0.0056       0.00100       0.02427      49.25193      -0.00379      49.26169      -0.00379       0.00000       0.00000
    0.0062       0.00100       0.02427      49.25103      -0.00379      49.26169      -0.00379       0.00000       0.00000
    0.0069       0.00100       0.02427      49.25013      -0.00379      49.26169      -0.00379       0.00000       0.00000
    0.0075       0.00100       0.02427      49.24923      -0.00379      49.26169      -0.00379       0.00000       0.00000
    0.0081       0.00100       0.02427      49.24832      -0.00379      49.26169      -0.00379       0.00000       0.00000
    0.0087       0.00100       0.02427      49.24742      -0.00379      49.26169      -0.00379       0.00000       0.00000
    0.0094       0.00100       0.02427      49.24652      -0.00379      49.26169      -0.00379       0.00000       0.00000
    0.0100       0.00100       0.02427      49.24654      -0.00379      49.26169      -0.00379       0.00000       0.00000
    0.0106       0.00100       0.02427      49.24654      -0.00379      49.26169      -0.00379       0.00000       0.00000
    0.0113       0.00100       0.02427      49.24654      -0.00379      49.26169      -0.00379       0.00000       0.00000
    0.0119       0.00100       0.02427      49.24654      -0.00379      49.26169      -0.00379       0.00000       0.00000
    0.0125       0.00100       0.02427      49.24654      -0.00379      49.26169      -0.00379       0.00000       0.00000
    0.0131       0.00100       0.02427      49.24654      -0.00379      49.26169      -0.00379       0.00000       0.00000
    0.0138       0.00100       0.02427      49.24654      -0.00379      49.26169      -0.00379       0.00000       0.00000
    0.0144       0.00100       0.02427      49.24654      -0.00379      49.26169      -0.00379       0.00000       0.00000
    0.0150       0.00100       0.02427      49.24654      -0.00379      49.26169      -0.00379       0.00000       0.00000
    0.0156       0.00100       0.02427      49.24654      -0.00379      49.26169      -0.00379       0.00000       0.00000
    0.0163       0.00100       0.02427      49.24654      -0.00379      49.26169      -0.00379       0.00000       0.00000
    0.0169       0.00100       0.02427      49.24654      -0.00379      49.26169      -0.00379       0.00000       0.00000
    0.0175       0.00100       0.02427      49.24654      -0.00379      49.26169      -0.00379       0.00000       0.00000
    0.0181       0.00100       0.02427      49.24654      -0.00379      49.26169      -0.00379       0.00000       0.00000
    0.0188       0.00100       0.02427      49.24654      -0.00379      49.26169      -0.00379       0.00000       0.00000
    0.0194       0.00100       0.02427      49.24654      -0.00379      49.26169      -0.00379       0.00000       0.00000
    0.0200       0.00100       0.02427      49.24654      -0.00379      49.26169      -0.00379       0.00000       0.00000
    0.0206       0.00100       0.02427      49.24654      -0.00379      49.26169      -0.00379       0.00000       0.00000
    0.0213       0.00100       0.02427      49.24654      -0.00379      49.26169      -0.00379       0.00000       0.00000
    0.0219       0.00100       0.02427      49.24654      -0.00379      49.26169      -0.00379       0.00000       0.00000
    0.0225       0.00100       0.02427      49.24654      -0.00379      49.26169      -0.00379       0.00000       0.00000
    0.0231       0.00100       0.02427      49.24654      -0.00379      49.26169      -0.00379       0.00000       0.00000
    0.0238       0.00100       0.02427      49.24654      -0.00379      49.26169      -0.00379       0.00000       0.00000
    0.0244       0.00100       0.02427      49.24654      -0.00379      49.26169      -0.00379       0.00000       0.00000
    0.0250       0.00100       0.02427      49.24654      -0.00379      49.26169      -0.00379       0.00000       0.00000
    0.0256       0.00100       0.02427      49.24654      -0.00379      49.26169      -0.00379       0.00000       0.00000
    0.0263       0.00100       0.02427      49.24654      -0.00379      49.26169      -0.00379       0.00000       0.00000
    0.0269       0.00100       0.02427      49.24654      -0.00379      49.26169      -0.00379       0.00000       0.00000
    0.0275       0.00100       0.02427      49.24654      -0.00379      49.26169      -0.00379       0.00000       0.00000
    0.0281       0.00100       0.02427      49.24654      -0.00379      49.26169      -0.00379       0.00000       0.00000
    0.0288       0.00100       0.02427      49.24654      -0.00379      49.26169      -0.00379       0.00000       0.00000
    0.0294       0.00100       0.02427      49.24654      -0.00379      49.26169      -0.00379       0.00000       0.00000
    0.0300       0.00100       0.02427      49.24654      -0.00379      49.26169      -0.00379       0.00000       0.00000
    0.0306       0.00100       0.02427      49.24654      -0.00379      49.26169      -0.00379       0.00000       0.00000
    0.0313       0.00100       0.02427      49.24654      -0.00379      49.26169      -0.00379       0.00000       0.00000
    0.0319       0.00100       0.02427      49.24654      -0.00379      49.26169      -0.00379       0.00000       0.00000
    0.0325       0.00100       0.02427      49.24654      -0.00379      49.26169      -0.00379       0.00000       0.00000
    0.0331       0.00100       0.02427      49.24654      -0.00379      49.26169      -0.00379       0.00000       0.00000
    0.0338       0.00100       0.02427      49.24654      -0.00379      49.26169      -0.00379       0.00000       0.00000
    0.0344       0.00100       0.02427      49.24654      -0.00379      49.26169      -0.00379       0.00000       0.00000
    0.0350       0.00100       0.02427      49.24654      -0.00379      49.26169      -0.00379       0.00000       0.00000
    0.0356       0.00100       0.02427      49.24654      -0.00379      49.26169      -0.00379       0.00000       0.00000
    0.0363       0.00100       0.02427      49.24654      -0.00379      49.26169      -0.00379       0.00000       0.00000
    0.0369       0.00100       0.02427      49.24654      -0.00379      49.26169      -0.00379       0.00000       0.00000
    0.0375       0.00100       0.02427      49.24654      -0.00379      49.26169      -0.00379       0.00000       0.00000
    0.0381       0.00100       0.02427      49.24654      -0.00379      49.26169      -0.00379       0.00000       0.00000
    0.0388       0.00100       0.02427      49.24654      -0.00379      49.26169      -0.00379       0.00000       0.00000
    0.0394       0.00100       0.02427      49.24654      -0.00379      49.26169      -0.00379       0.00000       0.00000
    0.0400       0.00100       0.02427      49.24654      -0.00379      49.26169      -0.00379       0.00000       0.00000
    0.0406       0.00100       0.02427      49.24654      -0.00379      49.26169      -0.00379       0.00000       0.00000
    0.0413       0.00100       0.02427      49.24654      -0.00379      49.26169      -0.00379       0.00000       0.00000
    0.0419       0.00100       0.02427      49.24654      -0.00379      49.26169      -0.00379       0.00000       0.00000
    0.0425       0.00100       0.02427      49.24654      -0.00379      49.26169      -0.00379       0.00000       0.00000
    0.0431       0.00100       0.02427      49.24654      -0.00379      49.26169      -0.00379       0.00000       0.00000
    0.0438       0.00100       0.02427      49.24654      -0.00379      49.26169      -0.00379       0.00000       0.00000
    0.0444       0.00100       0.02427      49.24654      -0.00379      49.26169      -0.00379       0.00000       0.00000
    0.0450       0.00100       0.02427      49.24654      -0.00379      49.26169      -0.00379       0.00000       0.00000
    0.0456       0.00100       0.02427      49.24654      -0.00379      49.26169      -0.00379       0.00000       0.00000
    0.0463       0.00100       0.02427      49.24654      -0.00379      49.26169      -0.00379       0.00000       0.00000
    0.0469       0.00100       0.02427      49.24654      -0.00379      49.26169      -0.00379       0.00000       0.00000
    0.0475       0.00100       0.02427      49.24654      -0.00379      49.26169      -0.00379       0.00000       0.00000
    0.0481       0.00100       0.02427      49.24654      -0.00379      49.26169      -0.00379       0.00000       0.00000
    0.0488       0.00100       0.02427      49.24654      -0.00379      49.26169      -0.00379       0.00000       0.00000
    0.0494       0.00100       0.02427      49.24654      -0.00379      49.26169      -0.00379       0.00000       0.00000
    0.0500       0.00100       0.02427      49.24654      -0.00379      49.26169      -0.00379       0.00000       0.00000
    0.0506       0.00100       0.02427      49.24654      -0.00379      49.26169      -0.00379       0.00000       0.00000
    0.0513       0.00100       0.02427      49.24654      -0.00379      49.26169      -0.00379       0.00000       0.00000
    0.0519       0.00100       0.02427      49.24654      -0.00379      49.26169      -0.00379       0.00000       0.00000
    0.0525       0.00100       0.02427      49.24654      -0.00379      49.26169      -0.00379       0.00000       0.00000
    0.0531       0.00100       0.02427      49.24654      -0.00379      49.26169      -0.00379       0.00000       0.00000
    0.0538       0.00100       0.02427      49.24654      -0.00379      49.26169      -0.00379       0.00000       0.00000
    0.0544       0.00100       0.02427      49.24654      -0.00379      49.26169      -0.00379       0.00000       0.00000
    0.0550       0.00100       0.02427      49.24654      -0.00379      49.26169      -0.00379       0.00000       0.00000
    0.0556       0.00100       0.02427      49.24654      -0.00379      49.26169      -0.00379       0.00000       0.00000
    0.0563       0.00100       0.02427      49.24654      -0.00379      49.26169      -0.00379       0.00000       0.00000
    0.0569       0.00100       0.02427      49.24654      -0.00379      49.26169      -0.00379       0.00000       0.00000
    0.0575       0.00100       0.02427      49.24654      -0.00379      49.26169      -0.00379       0.00000       0.00000
    0.0581       0.00100       0.02427      49.24654      -0.00379      49.26169      -0.00379       0.00000       0.00000
    0.0588       0.00100       0.02427      49.24654      -0.00379      49.26169      -0.00379       0.00000       0.00000
    0.0594       0.00100       0.02427      49.24654      -0.00379      49.26169      -0.00379       0.00000       0.00000
    0.0600       0.00100       0.02427      49.24654      -0.00379      49.26169      -0.00379       0.00000       0.00000
    0.0606       0.00100       0.02427      49.24654      -0.00379      49.26169      -0.00379       0.00000       0.00000
    0.0613       0.00100       0.02427      49.24654      -0.00379      49.26169      -0.00379       0.00000       0.00000
    0.0619       0.00100       0.02427      49.24654      -0.00379      49.26169      -0.00379       0.00000       0.00000
    0.0625       0.00100       0.02427      49.24654      -0.00379      49.26169      -0.00379       0.00000       0.00000
    0.0631       0.00100       0.02427      49.24654      -0.00379      49.26169      -0.00379       0.00000       0.00000
    0.0638       0.00100       0.02427      49.24654      -0.00379      49.26169      -0.00379       0.00000       0.00000
    0.0644       0.00100       0.02427      49.24654      -0.00379      49.26169      -0.00379       0.00000       0.00000
    0.0650       0.00100       0.02427      49.24654      -0.00379      49.26169      -0.00379       0.00000       0.00000
    0.0656       0.00100       0.02427      49.24654      -0.00379      49.26169      -0.00379       0.00000       0.00000
    0.0663       0.00100       0.02427      49.24654      -0.00379      49.26169      -0.00379       0.00000       0.00000
    0.0669       0.00100       0.02427      49.24654      -0.00379      49.26169      -0.00379       0.00000       0.00000
    0.0675       0.00100       0.02427      49.24654      -0.00379      49.26169      -0.00379       0.00000       0.00000
    0.0681       0.00100       0.02427      49.24654      -0.00379      49.26169      -0.00379       0.00000       0.00000
    0.0688       0.00100       0.02427      49.24654      -0.00379      49.26169      -0.00379       0.00000       0.00000
    0.0694       0.00100       0.02427      49.24654      -0.00379      49.26169      -0.00379       0.00000       0.00000
    0.0700       0.00100       0.02427      49.24654      -0.00379      49.26169      -0.00379       0.00000       0.00000
    0.0706       0.00100       0.02427      49.24654      -0.00379      49.26169      -0.00379       0.00000       0.00000
    0.0713       0.00100       0.02427      49.24654      -0.00379      49.26169      -0.00379       0.00000       0.00000
    0.0719       0.00100       0.02427      49.24654      -0.00379      49.26169      -0.00379       0.00000       0.00000
    0.0725       0.00100       0.02427      49.24654      -0.00379      49.26169      -0.00379       0.00000       0.00000
    0.0731       0.00100       0.02427      49.24654      -0.00379      49.26169      -0.00379       0.00000       0.00000
    0.0738       0.00100       0.02427      49.24654      -0.00379      49.26169      -0.00379       0.00000       0.00000
    0.0744       0.00100       0.02427      49.24654      -0.00379      49.26169      -0.00379       0.00000       0.00000
    0.0750       0.00100       0.02427      49.24654      -0.00379      49.26169      -0.00379       0.00000       0.00000
    0.0756       0.00100       0.02427      49.24654      -0.00379      49.26169      -0.00379       0.00000       0.00000
    0.0763       0.00100       0.02427      49.24654      -0.00379      49.26169      -0.00379       0.00000       0.00000
    0.0769       0.00100       0.02427      49.24654      -0.00379      49.26169      -0.00379       0.00000       0.00000
    0.0775       0.00100       0.02427      49.24654      -0.00379      49.26169      -0.00379       0.00000       0.00000
    0.0781       0.00100       0.02427      49.24654      -0.00379      49.26169      -0.00379       0.00000       0.00000
    0.0788       0.00100       0.02427      49.24654      -0.00379      49.26169      -0.00379       0.00000       0.00000
    0.0794       0.00100       0.02427      49.24654      -0.00379      49.26169      -0.00379       0.00000       0.00000
    0.0800       0.00100       0.02427      49.24654      -0.00379      49.26169      -0.00379       0.00000       0.00000
    0.0806       0.00100       0.02427      49.24654      -0.00379      49.26169      -0.00379       0.00000       0.00000
    0.0813       0.00100       0.02427      49.24654      -0.00379      49.26169      -0.00379       0.00000       0.00000
    0.0819       0.00100       0.02427      49.24654      -0.00379      49.26169      -0.00379       0.00000       0.00000
    0.0825       0.00100       0.02427      49.24654      -0.00379      49.26169      -0.00379       0.00000       0.00000
    0.0831       0.00100       0.02427      49.24654      -0.00379      49.26169      -0.00379       0.00000       0.00000
    0.0838       0.00100       0.02427      49.24654      -0.00379      49.26169      -0.00379       0.00000       0.00000
    0.0844       0.00100       0.02427      49.24654      -0.00379      49.26169      -0.00379       0.00000       0.00000
    0.0850       0.00100       0.02427      49.24654      -0.00379      49.26169      -0.00379       0.00000       0.00000
    0.0856       0.00100       0.02427      49.24654      -0.00379      49.26169      -0.00379       0.00000       0.00000
    0.0863       0.00100       0.02427      49.24654      -0.00379      49.26169      -0.00379       0.00000       0.00000
    0.0869       0.00100       0.02427      49.24654      -0.00379      49.26169      -0.00379       0.00000       0.00000
    0.0875       0.00100       0.02427      49.24654      -0.00379      49.26169      -0.00379       0.00000       0.00000
    0.0881       0.00100       0.02427      49.24654      -0.00379      49.26169      -0.00379       0.00000       0.00000
    0.0888       0.00100       0.02427      49.24654      -0.00379      49.26169      -0.00379       0.00000       0.00000
    0.0894       0.00100       0.02427      49.24654      -0.00379      49.26169      -0.00379       0.00000       0.00000
    0.0900       0.00100       0.02427      49.24654      -0.00379      49.26169      -0.00379       0.00000       0.00000
    0.0906       0.00100       0.02427      49.24654      -0.00379      49.26169      -0.00379       0.00000       0.00000
    0.0913       0.00100       0.02427      49.24654      -0.00379      49.26169      -0.00379       0.00000       0.00000
    0.0919       0.00100       0.02427      49.24654      -0.00379      49.26169      -0.00379       0.00000       0.00000
    0.0925       0.00100       0.02427      49.24654      -0.00379      49.26169      -0.00379       0.00000       0.00000
    0.0931       0.00100       0.02427      49.24654      -0.00379      49.26169      -0.00379       0.00000       0.00000
    0.0938       0.00100       0.02427      49.24654      -0.00379      49.26169      -0.00379       0.00000       0.00000
    0.0944       0.00100       0.02427      49.24654      -0.00379      49.26169      -0.00379       0.00000       0.00000
    0.0950       0.00100       0.02427      49.24654      -0.00379      49.26169      -0.00379       0.00000       0.00000
    0.0956       0.00100       0.02427      49.24654      -0.00379      49.26169      -0.00379       0.00000       0.00000
    0.0963       0.00100       0.02427      49.24654      -0.00379      49.26169      -0.00379       0.00000       0.00000
    0.0969       0.00100       0.02427      49.24654      -0.00379      49.26169      -0.00379       0.00000       0.00000
    0.0975       0.00100       0.02427      49.24654      -0.00379      49.26169      -0.00379       0.00000       0.00000
    0.0981       0.00100       0.02427      49.24654      -0.00379      49.26169      -0.00379       0.00000       0.00000
    0.0988       0.00100       0.02427      49.24654      -0.00379      49.26169      -0.00379       0.00000       0.00000
    0.0994       0.00100       0.02427      49.24654      -0.00379      49.26169      -0.00379       0.00000       0.00000
    0.1000       0.00100       0.02427      49.24654      -0.00379      49.26169      -0.00379       0.00000       0.00000
    0.1006       0.00100       0.02427      49.24654      -0.00379      49.26169      -0.00379       0.00000       0.00000
    0.1013       0.00100       0.02427      49.24654      -0.00379      49.26169      -0.00379       0.00000       0.00000
    0.1019       0.00100       0.02427      49.24654      -0.00379      49.26169      -0.00379       0.00000       0.00000
    0.1025       0.00100       0.02427      49.24654      -0.00379      49.26169      -0.00379       0.00000       0.00000
    0.1031       0.00100       0.02427      49.24654      -0.00379      49.26169      -0.00379       0.00000       0.00000
    0.1038       0.00100       0.02427      49.24654      -0.00379      49.26169      -0.00379       0.00000       0.00000
    0.1044       0.00100       0.02427      49.24654      -0.00379      49.26169      -0.00379       0.00000       0.00000
    0.1050       0.00100       0.02427      49.24654      -0.00379      49.26169      -0.00379       0.00000       0.00000
    0.1056       0.00100       0.02427      49.24654      -0.00379      49.26169      -0.00379       0.00000       0.00000
    0.1063       0.00100       0.02427      49.24654      -0.00379      49.26169      -0.00379       0.00000       0.00000
    0.1069       0.00100       0.02427      49.24654      -0.00379      49.26169      -0.00379       0.00000       0.00000
    0.1075       0.00100       0.02427      49.24654      -0.00379      49.26169      -0.00379       0.00000       0.00000
    0.1081       0.00100       0.02427      49.24654      -0.00379      49.26169      -0.00379       0.00000       0.00000
    0.1088       0.00100       0.02427      49.24654      -0.00379      49.26169      -0.00379       0.00000       0.00000
    0.1094       0.00100       0.02427      49.24654      -0.00379      49.26169      -0.00379       0.00000       0.00000
    0.1100       0.00100       0.02427      49.24654      -0.00379      49.26169      -0.00379       0.00000       0.00000
    0.1106       0.00100       0.02427      49.24654      -0.00379      49.26169      -0.00379       0.00000       0.00000
    0.1113       0.00100       0.02427      49.24654      -0.00379      49.26169      -0.00379       0.00000       0.00000
    0.1119       0.00100       0.02427      49.24654      -0.00379      49.26169      -0.00379       0.00000       0.00000
    0.1125       0.00100       0.02427      49.24654      -0.00379      49.26169      -0.00379       0.00000       0.00000
    0.1131       0.00100       0.02427      49.24654      -0.00379      49.26169      -0.00379       0.00000       0.00000
    0.1138       0.00100       0.02427      49.24654      -0.00379      49.26169      -0.00379       0.00000       0.00000
    0.1144       0.00100       0.02427      49.24654      -0.00379      49.26169      -0.00379       0.00000       0.00000
    0.1150       0.00100       0.02427      49.24654      -0.00379      49.26169      -0.00379       0.00000       0.00000
    0.1156       0.00100       0.02427      49.24654      -0.00379      49.26169      -0.00379       0.00000       0.00000
    0.1163       0.00100       0.02427      49.24654      -0.00379      49.26169      -0.00379       0.00000       0.00000
    0.1169       0.00100       0.02427      49.24654      -0.00379      49.26169      -0.00379       0.00000       0.00000
    0.1175       0.00100       0.02427      49.24654      -0.00379      49.26169      -0.00379       0.00000       0.00000
    0.1181       0.00100       0.02427      49.24654      -0.00379      49.26169      -0.00379       0.00000       0.00000
    0.1188       0.00100       0.02427      49.24654      -0.00379      49.26169      -0.00379       0.00000       0.00000
    0.1194       0.00100       0.02427      49.24654      -0.00379      49.26169      -0.00379       0.00000       0.00000
    0.1200       0.00100       0.02427      49.24654      -0.00379      49.26169      -0.00379       0.00000       0.00000
    0.1206       0.00100       0.02427      49.24654      -0.00379      49.26169      -0.00379       0.00000       0.00000
    0.1213       0.00100       0.02427      49.24654      -0.00379      49.26169      -0.00379       0.00000       0.00000
    0.1219       0.00100       0.02427      49.24654      -0.00379      49.26169      -0.00379       0.00000       0.00000
    0.1225       0.00100       0.02427      49.24654      -0.00379      49.26169      -0.00379       0.00000       0.00000
    0.1231       0.00100       0.02427      49.24654      -0.00379      49.26169      -0.00379       0.00000       0.00000
    0.1238       0.00100       0.02427      49.24654      -0.00379      49.26169      -0.00379       0.00000       0.00000
    0.1244       0.00100       0.02427      49.24654      -0.00379      49.26169      -0.00379       0.00000       0.00000
    0.1250       0.00100       0.02427      49.24654      -0.00379      49.26169      -0.00379       0.00000       0.00000
    0.1256       0.00100       0.02427      49.24654      -0.00379      49.26169      -0.00379       0.00000       0.00000
    0.1263       0.00100       0.02427      49.24654      -0.00379      49.26169      -0.00379       0.00000       0.00000
    0.1269       0.00100       0.02427      49.24654      -0.00379      49.26169      -0.00379       0.00000       0.00000
    0.1275       0.00100       0.02427      49.24654      -0.00379      49.26169      -0.00379       0.00000       0.00000
    0.1281       0.00100       0.02427      49.24654      -0.00379      49.26169      -0.00379       0.00000       0.00000
    0.1288       0.00100       0.02427      49.24654      -0.00379      49.26169      -0.00379       0.00000       0.00000
    0.1294       0.00100       0.02427      49.24654      -0.00379      49.26169      -0.00379       0.00000       0.00000
    0.1300       0.00100       0.02427      49.24654      -0.00379      49.26169      -0.00379       0.00000       0.00000
    0.1306       0.00100       0.02427      49.24654      -0.00379      49.26169      -0.00379       0.00000       0.00000
    0.1312       0.00100       0.02427      49.24654      -0.00379      49.26169      -0.00379       0.00000       0.00000
    0.1319       0.00100       0.02427      49.24654      -0.00379      49.26169      -0.00379       0.00000       0.00000
    0.1325       0.00100       0.02427      49.24654      -0.00379      49.26169      -0.00379       0.00000       0.00000
    0.1331       0.00100       0.02427      49.24654      -0.00379      49.26169      -0.00379       0.00000       0.00000
    0.1337       0.00100       0.02427      49.24654      -0.00379      49.26169      -0.00379       0.00000       0.00000
    0.1344       0.00100       0.02427      49.24654      -0.00379      49.26169      -0.00379       0.00000       0.00000
    0.1350       0.00100       0.02427      49.24654      -0.00379      49.26169      -0.00379       0.00000       0.00000
    0.1356       0.00100       0.02427      49.24654      -0.00379      49.26169      -0.00379       0.00000       0.00000
    0.1362       0.00100       0.02427      49.24654      -0.00379      49.26169      -0.00379       0.00000       0.00000
    0.1369       0.00100       0.02427      49.24654      -0.00379      49.26169      -0.00379       0.00000       0.00000
    0.1375       0.00100       0.02427      49.24654      -0.00379      49.26169      -0.00379       0.00000       0.00000
    0.1381       0.00100       0.02427      49.24654      -0.00379      49.26169      -0.00379       0.00000       0.00000
    0.1387       0.00100       0.02427      49.24654      -0.00379      49.26169      -0.00379       0.00000       0.00000
    0.1394       0.00100       0.02427      49.24654      -0.00379      49.26169      -0.00379       0.00000       0.00000
    0.1400       0.00100       0.02427      49.24654      -0.00379      49.26169      -0.00379       0.00000       0.00000
    0.1406       0.00100       0.02427      49.24654      -0.00379      49.26169      -0.00379       0.00000       0.00000
    0.1412       0.00100       0.02427      49.24654      -0.00379      49.26169      -0.00379       0.00000       0.00000
    0.1419       0.00100       0.02427      49.24654      -0.00379      49.26169      -0.00379       0.00000       0.00000
    0.1425       0.00100       0.02427      49.24654      -0.00379      49.26169      -0.00379       0.00000       0.00000
    0.1431       0.00100       0.02427      49.24654      -0.00379      49.26169      -0.00379       0.00000       0.00000
    0.1437       0.00100       0.02427      49.24654      -0.00379      49.26169      -0.00379       0.00000       0.00000
    0.1444       0.00100       0.02427      49.24654      -0.00379      49.26169      -0.00379       0.00000       0.00000
    0.1450       0.00100       0.02427      49.24654      -0.00379      49.26169      -0.00379       0.00000       0.00000
    0.1456       0.00100       0.02427      49.24654      -0.00379      49.26169      -0.00379       0.00000       0.00000
    0.1462       0.00100       0.02427      49.24654      -0.00379      49.26169      -0.00379       0.00000       0.00000
    0.1469       0.00100       0.02427      49.24654      -0.00379      49.26169      -0.00379       0.00000       0.00000
    0.1475       0.00100       0.02427      49.24654      -0.00379      49.26169      -0.00379       0.00000       0.00000
    0.1481       0.00100       0.02427      49.24654      -0.00379      49.26169      -0.00379       0.00000       0.00000
    0.1487       0.00100       0.02427      49.24654      -0.00379      49.26169      -0.00379       0.00000       0.00000
    0.1494       0.00100       0.02427      49.24654      -0.00379      49.26169      -0.00379       0.00000       0.00000
    0.1500       0.00100       0.02427      49.24654      -0.00379      49.26169      -0.00379       0.00000       0.00000
    0.1506       0.00100       0.02427      49.24654      -0.00379      49.26169      -0.00379       0.00000       0.00000
    0.1512       0.00100       0.02427      49.24654      -0.00379      49.26169      -0.00379       0.00000       0.00000
    0.1519       0.00100       0.02427      49.24654      -0.00379      49.26169      -0.00379       0.00000       0.00000
    0.1525       0.00100       0.02427      49.24654      -0.00379      49.26169      -0.00379       0.00000       0.00000
    0.1531       0.00100       0.02427      49.24654      -0.00379      49.26169      -0.00379       0.00000       0.00000
    0.1537       0.00100       0.02427      49.24654      -0.00379      49.26169      -0.00379       0.00000       0.00000
    0.1544       0.00100       0.02427      49.24654      -0.00379      49.26169      -0.00379       0.00000       0.00000
    0.1550       0.00100       0.02427      49.24654      -0.00379      49.26169      -0.00379       0.00000       0.00000
    0.1556       0.00100       0.02427      49.24654      -0.00379      49.26169      -0.00379       0.00000       0.00000
    0.1562       0.00100       0.02427      49.24654      -0.00379      49.26169      -0.00379       0.00000       0.00000
    0.1569       0.00100       0.02427      49.24654      -0.00379      49.26169      -0.00379       0.00000       0.00000
    0.1575       0.00100       0.02427      49.24654      -0.00379      49.26169      -0.00379       0.00000       0.00000
    0.1581       0.00100       0.02427      49.24654      -0.00379      49.26169      -0.00379       0.00000       0.00000
    0.1587       0.00100       0.02427      49.24654      -0.00379      49.26169      -0.00379       0.00000       0.00000
    0.1594       0.00100       0.02427      49.24654      -0.00379      49.26169      -0.00379       0.00000       0.00000
    0.1600       0.00100       0.02427      49.24654      -0.00379      49.26169      -0.00379       0.00000       0.00000
    0.1606       0.00100       0.02427      49.24654      -0.00379      49.26169      -0.00379       0.00000       0.00000
    0.1612       0.00100       0.02427      49.24654      -0.00379      49.26169      -0.00379       0.00000       0.00000
    0.1619       0.00100       0.02427      49.24654      -0.00379      49.26169      -0.00379       0.00000       0.00000
    0.1625       0.00100       0.02427      49.24654      -0.00379      49.26169      -0.00379       0.00000       0.00000
    0.1631       0.00100       0.02427      49.24654      -0.00379      49.26169      -0.00379       0.00000       0.00000
    0.1637       0.00100       0.02427      49.24654      -0.00379      49.26169      -0.00379       0.00000       0.00000
    0.1644       0.00100       0.02427      49.24654      -0.00379      49.26169      -0.00379       0.00000       0.00000
    0.1650       0.00100       0.02427      49.24654      -0.00379      49.26169      -0.00379       0.00000       0.00000
    0.1656       0.00100       0.02427      49.24654      -0.00379      49.26169      -0.00379       0.00000       0.00000
    0.1662       0.00100       0.02427      49.24654      -0.00379      49.26169      -0.00379       0.00000       0.00000
    0.1669       0.00100       0.02427      49.24654      -0.00379      49.26169      -0.00379       0.00000       0.00000
    0.1675       0.00100       0.02427      49.24654      -0.00379      49.26169      -0.00379       0.00000       0.00000
    0.1681       0.00100       0.02427      49.24654      -0.00379      49.26169      -0.00379       0.00000       0.00000
    0.1687       0.00100       0.02427      49.24654      -0.00379      49.26169      -0.00379       0.00000       0.00000
    0.1694       0.00100       0.02427      49.24654      -0.00379      49.26169      -0.00379       0.00000       0.00000
    0.1700       0.00100       0.02427      49.24654      -0.00379      49.26169      -0.00379       0.00000       0.00000
    0.1706       0.00100       0.02427      49.24654      -0.00379      49.26169      -0.00379       0.00000       0.00000
    0.1712       0.00100       0.02427      49.24654      -0.00379      49.26169      -0.00379       0.00000       0.00000
    0.1719       0.00100       0.02427      49.24654      -0.00379      49.26169      -0.00379       0.00000       0.00000
    0.1725       0.00100       0.02427      49.24654      -0.00379      49.26169      -0.00379       0.00000       0.00000
    0.1731       0.00100       0.02427      49.24654      -0.00379      49.26169      -0.00379       0.00000       0.00000
    0.1737       0.00100       0.02427      49.24654      -0.00379      49.26169      -0.00379       0.00000       0.00000
    0.1744       0.00100       0.02427      49.24654      -0.00379      49.26169      -0.00379       0.00000       0.00000
    0.1750       0.00100       0.02427      49.24654      -0.00379      49.26169      -0.00379       0.00000       0.00000
    0.1756       0.00100       0.02427      49.24654      -0.00379      49.26169      -0.00379       0.00000       0.00000
    0.1762       0.00100       0.02427      49.24654      -0.00379      49.26169      -0.00379       0.00000       0.00000
    0.1769       0.00100       0.02427      49.24654      -0.00379      49.26169      -0.00379       0.00000       0.00000
    0.1775       0.00100       0.02427      49.24654      -0.00379      49.26169      -0.00379       0.00000       0.00000
    0.1781       0.00100       0.02427      49.24654      -0.00379      49.26169      -0.00379       0.00000       0.00000
    0.1787       0.00100       0.02427      49.24654      -0.00379      49.26169      -0.00379       0.00000       0.00000
    0.1794       0.00100       0.02427      49.24654      -0.00379      49.26169      -0.00379       0.00000       0.00000
    0.1800       0.00100       0.02427      49.24654      -0.00379      49.26169      -0.00379       0.00000       0.00000
    0.1806       0.00100       0.02427      49.24654      -0.00379      49.26169      -0.00379       0.00000       0.00000
    0.1812       0.00100       0.02427      49.24654      -0.00379      49.26169      -0.00379       0.00000       0.00000
    0.1819       0.00100       0.02427      49.24654      -0.00379      49.26169      -0.00379       0.00000       0.00000
    0.1825       0.00100       0.02427      49.24654      -0.00379      49.26169      -0.00379       0.00000       0.00000
    0.1831       0.00100       0.02427      49.24654      -0.00379      49.26169      -0.00379       0.00000       0.00000
    0.1837       0.00100       0.02427      49.24654      -0.00379      49.26169      -0.00379       0.00000       0.00000
    0.1844       0.00100       0.02427      49.24654      -0.00379      49.26169      -0.00379       0.00000       0.00000
    0.1850       0.00100       0.02427      49.24654      -0.00379      49.26169      -0.00379       0.00000       0.00000
    0.1856       0.00100       0.02427      49.24654      -0.00379      49.26169      -0.00379       0.00000       0.00000
    0.1862       0.00100       0.02427      49.24654      -0.00379      49.26169      -0.00379       0.00000       0.00000
    0.1869       0.00100       0.02427      49.24654      -0.00379      49.26169      -0.00379       0.00000       0.00000
    0.1875       0.00100       0.02427      49.24654      -0.00379      49.26169      -0.00379       0.00000       0.00000
    0.1881       0.00100       0.02427      49.24654      -0.00379      49.26169      -0.00379       0.00000       0.00000
    0.1887       0.00100       0.02427      49.24654      -0.00379      49.26169      -0.00379       0.00000       0.00000
    0.1894       0.00100       0.02427      49.24654      -0.00379      49.26169      -0.00379       0.00000       0.00000
    0.1900       0.00100       0.02427      49.24654      -0.00379      49.26169      -0.00379       0.00000       0.00000
    0.1906       0.00100       0.02427      49.24654      -0.00379      49.26169      -0.00379       0.00000       0.00000
    0.1912       0.00100       0.02427      49.24654      -0.00379      49.26169      -0.00379       0.00000       0.00000
    0.1919       0.00100       0.02427      49.24654      -0.00379      49.26169      -0.00379       0.00000       0.00000
    0.1925       0.00100       0.02427      49.24654      -0.00379      49.26169      -0.00379       0.00000       0.00000
    0.1931       0.00100       0.02427      49.24654      -0.00379      49.26169      -0.00379       0.00000       0.00000
    0.1937       0.00100       0.02427      49.24654      -0.00379      49.26169      -0.00379       0.00000       0.00000
    0.1944       0.00100       0.02427      49.24654      -0.00379      49.26169      -0.00379       0.00000       0.00000
    0.1950       0.00100       0.02427      49.24654      -0.00379      49.26169      -0.00379       0.00000       0.00000
    0.1956       0.00100       0.02427      49.24654      -0.00379      49.26169      -0.00379       0.00000       0.00000
    0.1962       0.00100       0.02427      49.24654      -0.00379      49.26169      -0.00379       0.00000       0.00000
    0.1969       0.00100       0.02427      49.24654      -0.00379      49.26169      -0.00379       0.00000       0.00000
    0.1975       0.00100       0.02427      49.24654      -0.00379      49.26169      -0.00379       0.00000       0.00000
    0.1981       0.00100       0.02427      49.24654      -0.00379      49.26169      -0.00379       0.00000       0.00000
    0.1987       0.00100       0.02427      49.24654      -0.00379      49.26169      -0.00379       0.00000       0.00000
    0.1994       0.00100       0.02427      49.24654      -0.00379      49.26169      -0.00379       0.00000       0.00000
    0.2000       0.00100       0.02427      49.24654      -0.00379      49.26169      -0.00379       0.00000       0.00000
    0.2006       0.00100       0.02427      49.24654      -0.00379      49.26169      -0.00379       0.00000       0.00000
    0.2012       0.00100       0.02427      49.24654      -0.00379      49.26169      -0.00379       0.00000       0.00000
    0.2019       0.00100       0.02427      49.24654      -0.00379      49.26169      -0.00379       0.00000       0.00000
    0.2025       0.00100       0.02427      49.24654      -0.00379      49.26169      -0.00379       0.00000       0.00000
    0.2031       0.00100       0.02427      49.24654      -0.00379      49.26169      -0.00379       0.00000       0.00000
    0.2037       0.00100       0.02427      49.24654      -0.00379      49.26169      -0.00379       0.00000       0.00000
    0.2044       0.00100       0.02427      49.24654      -0.00379      49.26169      -0.00379       0.00000       0.00000
    0.2050       0.00100       0.02427      49.24654      -0.00379      49.26169      -0.00379       0.00000       0.00000
    0.2056       0.00100       0.02427      49.24654      -0.00379      49.26169      -0.00379       0.00000       0.00000
    0.2062       0.00100       0.02427      49.24654      -0.00379      49.26169      -0.00379       0.00000       0.00000
    0.2069       0.00100       0.02427      49.24654      -0.00379      49.26169      -0.00379       0.00000       0.00000
    0.2075       0.00100       0.02427      49.24654      -0.00379      49.26169      -0.00379       0.00000       0.00000
    0.2081       0.00100       0.02427      49.24654      -0.00379      49.26169      -0.00379       0.00000       0.00000
    0.2087       0.00100       0.02427      49.24654      -0.00379      49.26169      -0.00379       0.00000       0.00000
    0.2094       0.00100       0.02427      49.24654      -0.00379      49.26169      -0.00379       0.00000       0.00000
    0.2100       0.00100       0.02427      49.24654      -0.00379      49.26169      -0.00379       0.00000       0.00000
    0.2106       0.00100       0.02427      49.24654      -0.00379      49.26169      -0.00379       0.00000       0.00000
    0.2112       0.00100       0.02427      49.24654      -0.00379      49.26169      -0.00379       0.00000       0.00000
    0.2119       0.00100       0.02427      49.24654      -0.00379      49.26169      -0.00379       0.00000       0.00000
    0.2125       0.00100       0.02427      49.24654      -0.00379      49.26169      -0.00379       0.00000       0.00000
    0.2131       0.00100       0.02427      49.24654      -0.00379      49.26169      -0.00379       0.00000       0.00000
    0.2137       0.00100       0.02427      49.24654      -0.00379      49.26169      -0.00379       0.00000       0.00000
    0.2144       0.00100       0.02427      49.24654      -0.00379      49.26169      -0.00379       0.00000       0.00000
    0.2150       0.00100       0.02427      49.24654      -0.00379      49.26169      -0.00379       0.00000       0.00000
    0.2156       0.00100       0.02427      49.24654      -0.00379      49.26169      -0.00379       0.00000       0.00000
    0.2162       0.00100       0.02427      49.24654      -0.00379      49.26169      -0.00379       0.00000       0.00000
    0.2169       0.00100       0.02427      49.24654      -0.00379      49.26169      -0.00379       0.00000       0.00000
    0.2175       0.00100       0.02427      49.24654      -0.00379      49.26169      -0.00379       0.00000       0.00000
    0.2181       0.00100       0.02427      49.24654      -0.00379      49.26169      -0.00379       0.00000       0.00000
    0.2187       0.00100       0.02427      49.24654      -0.00379      49.26169      -0.00379       0.00000       0.00000
    0.2194       0.00100       0.02427      49.24654      -0.00379      49.26169      -0.00379       0.00000       0.00000
    0.2200       0.00100       0.02427      49.24654      -0.00379      49.26169      -0.00379       0.00000       0.00000
    0.2206       0.00100       0.02427      49.24654      -0.00379      49.26169      -0.00379       0.00000       0.00000
    0.2212       0.00100       0.02427      49.24654      -0.00379      49.26169      -0.00379       0.00000       0.00000
    0.2219       0.00100       0.02427      49.24654      -0.00379      49.26169      -0.00379       0.00000       0.00000
    0.2225       0.00100       0.02427      49.24654      -0.00379      49.26169      -0.00379       0.00000       0.00000
    0.2231       0.00100       0.02427      49.24654      -0.00379      49.26169      -0.00379       0.00000       0.00000
    0.2237       0.00100       0.02427      49.24654      -0.00379      49.26169      -0.00379       0.00000       0.00000
    0.2244       0.00100       0.02427      49.24654      -0.00379      49.26169      -0.00379       0.00000       0.00000
    0.2250       0.00100       0.02427      49.24654      -0.00379      49.26169      -0.00379       0.00000       0.00000
    0.2256       0.00100       0.02427      49.24654      -0.00379      49.26169      -0.00379       0.00000       0.00000
    0.2262       0.00100       0.02427      49.24654      -0.00379      49.26169      -0.00379       0.00000       0.00000
    0.2269       0.00100       0.02427      49.24654      -0.00379      49.26169      -0.00379       0.00000       0.00000
    0.2275       0.00100       0.02427      49.24654      -0.00379      49.26169      -0.00379       0.00000       0.00000
    0.2281       0.00100       0.02427      49.24654      -0.00379      49.26169      -0.00379       0.00000       0.00000
    0.2287       0.00100       0.02427      49.24654      -0.00379      49.26169      -0.00379       0.00000       0.00000
    0.2294       0.00100       0.02427      49.24654      -0.00379      49.26169      -0.00379       0.00000       0.00000
    0.2300       0.00100       0.02427      49.24654      -0.00379      49.26169      -0.00379       0.00000       0.00000
    0.2306       0.00100       0.02427      49.24654      -0.00379      49.26169      -0.00379       0.00000       0.00000
    0.2312       0.00100       0.02427      49.24654      -0.00379      49.26169      -0.00379       0.00000       0.00000
    0.2319       0.00100       0.02427      49.24654      -0.00379      49.26169      -0.00379       0.00000       0.00000
    0.2325       0.00100       0.02427      49.24654      -0.00379      49.26169      -0.00379       0.00000       0.00000
    0.2331       0.00100       0.02427      49.24654      -0.00379      49.26169      -0.00379       0.00000       0.00000
    0.2337       0.00100       0.02427      49.24654      -0.00379      49.26169      -0.00379       0.00000       0.00000
    0.2344       0.00100       0.02427      49.24654      -0.00379      49.26169      -0.00379       0.00000       0.00000
    0.2350       0.00100       0.02427      49.24654      -0.00379      49.26169      -0.00379       0.00000       0.00000
    0.2356       0.00100       0.02427      49.24654      -0.00379      49.26169      -0.00379       0.00000       0.00000
    0.2362       0.00100       0.02427      49.24654      -0.00379      49.26169      -0.00379       0.00000       0.00000
    0.2369       0.00100       0.02427      49.24654      -0.00379      49.26169      -0.00379       0.00000       0.00000
    0.2375       0.00100       0.02427      49.24654      -0.00379      49.26169      -0.00379       0.00000       0.00000
    0.2381       0.00100       0.02427      49.24654      -0.00379      49.26169      -0.00379       0.00000       0.00000
    0.2387       0.00100       0.02427      49.24654      -0.00379      49.26169      -0.00379       0.00000       0.00000
    0.2394       0.00100       0.02427      49.24654      -0.00379      49.26169      -0.00379       0.00000       0.00000
    0.2400       0.00100       0.02427      49.24654      -0.00379      49.26169      -0.00379       0.00000       0.00000
    0.2406       0.00100       0.02427      49.24654      -0.00379      49.26169      -0.00379       0.00000       0.00000
    0.2412       0.00100       0.02427      49.24654      -0.00379      49.26169      -0.00379       0.00000       0.00000
    0.2419       0.00100       0.02427      49.24654      -0.00379      49.26169      -0.00379       0.00000       0.00000
    0.2425       0.00100       0.02427      49.24654      -0.00379      49.26169      -0.00379       0.00000       0.00000
    0.2431       0.00100       0.02427      49.24654      -0.00379      49.26169      -0.00379       0.00000       0.00000
    0.2437       0.00100       0.02427      49.24654      -0.00379      49.26169      -0.00379       0.00000       0.00000
    0.2444       0.00100       0.02427      49.24654      -0.00379      49.26169      -0.00379       0.00000       0.00000
    0.2450       0.00100       0.02427      49.24654      -0.00379      49.26169      -0.00379       0.00000       0.00000
    0.2456       0.00100       0.02427      49.24654      -0.00379      49.26169      -0.00379       0.00000       0.00000
    0.2462       0.00100       0.02427      49.24654      -0.00379      49.26169      -0.00379       0.00000       0.00000
    0.2469       0.00100       0.02427      49.24654      -0.00379      49.26169      -0.00379       0.00000       0.00000
    0.2475       0.00100       0.02427      49.24654      -0.00379      49.26169      -0.00379       0.00000       0.00000
    0.2481       0.00100       0.02427      49.24654      -0.00379      49.26169      -0.00379       0.00000       0.00000
    0.2487       0.00100       0.02427      49.24654      -0.00379      49.26169      -0.00379       0.00000       0.00000
    0.2494       0.00100       0.02427      49.24654      -0.00379      49.26169      -0.00379       0.00000       0.00000
    0.2500       0.00100       0.02427      49.24654      -0.00379      49.26169      -0.00379       0.00000       0.00000
    0.2506       0.00100       0.02427      49.24654      -0.00379      49.26169      -0.00379       0.00000       0.00000
    0.2512       0.00100       0.02427      49.24654      -0.00379      49.26169      -0.00379       0.00000       0.00000
    0.2519       0.00100       0.02427      49.24654      -0.00379      49.26169      -0.00379       0.00000       0.00000
    0.2525       0.00100       0.02427      49.24654      -0.00379      49.26169      -0.00379       0.00000       0.00000
    0.2531       0.00100       0.02427      49.24654      -0.00379      49.26169      -0.00379       0.00000       0.00000
    0.2537       0.00100       0.02427      49.24654      -0.00379      49.26169      -0.00379       0.00000       0.00000
    0.2544       0.00100       0.02427      49.24654      -0.00379      49.26169      -0.00379       0.00000       0.00000
    0.2550       0.00100       0.02427      49.24654      -0.00379      49.26169      -0.00379       0.00000       0.00000
    0.2556       0.00100       0.02427      49.24654      -0.00379      49.26169      -0.00379       0.00000       0.00000
    0.2562       0.00100       0.02427      49.24654      -0.00379      49.26169      -0.00379       0.00000       0.00000
    0.2569       0.00100       0.02427      49.24654      -0.00379      49.26169      -0.00379       0.00000       0.00000
    0.2575       0.00100       0.02427      49.24654      -0.00379      49.26169      -0.00379       0.00000       0.00000
    0.2581       0.00100       0.02427      49.24654      -0.00379      49.26169      -0.00379       0.00000       0.00000
    0.2587       0.00100       0.02427      49.24654      -0.00379      49.26169      -0.00379       0.00000       0.00000
    0.2594       0.00100       0.02427      49.24654      -0.00379      49.26169      -0.00379       0.00000       0.00000
    0.2600       0.00100       0.02427      49.24654      -0.00379      49.26169      -0.00379       0.00000       0.00000
    0.2606       0.00100       0.02427      49.24654      -0.00379      49.26169      -0.00379       0.00000       0.00000
    0.2612       0.00100       0.02427      49.24654      -0.00379      49.26169      -0.00379       0.00000       0.00000
    0.2619       0.00100       0.02427      49.24654      -0.00379      49.26169      -0.00379       0.00000       0.00000
    0.2625       0.00100       0.02427      49.24654      -0.00379      49.26169      -0.00379       0.00000       0.00000
    0.2631       0.00100       0.02427      49.24654      -0.00379      49.26169      -0.00379       0.00000       0.00000
    0.2637       0.00100       0.02427      49.24654      -0.00379      49.26169      -0.00379       0.00000       0.00000
    0.2644       0.00100       0.02427      49.24654      -0.00379      49.26169      -0.00379       0.00000       0.00000
    0.2650       0.00100       0.02427      49.24654      -0.00379      49.26169      -0.00379       0.00000       0.00000
    0.2656       0.00100       0.02427      49.24654      -0.00379      49.26169      -0.00379       0.00000       0.00000
    0.2662       0.00100       0.02427      49.24654      -0.00379      49.26169      -0.00379       0.00000       0.00000
    0.2669       0.00100       0.02427      49.24654      -0.00379      49.26169      -0.00379       0.00000       0.00000
    0.2675       0.00100       0.02427      49.24654      -0.00379      49.26169      -0.00379       0.00000       0.00000
    0.2681       0.00100       0.02427      49.24654      -0.00379      49.26169      -0.00379       0.00000       0.00000
    0.2687       0.00100       0.02427      49.24654      -0.00379      49.26169      -0.00379       0.00000       0.00000
    0.2694       0.00100       0.02427      49.24654      -0.00379      49.26169      -0.00379       0.00000       0.00000
    0.2700       0.00100       0.02427      49.24654      -0.00379      49.26169      -0.00379       0.00000       0.00000
    0.2706       0.00100       0.02427      49.24654      -0.00379      49.26169      -0.00379       0.00000       0.00000
    0.2712       0.00100       0.02427      49.24654      -0.00379      49.26169      -0.00379       0.00000       0.00000
    0.2719       0.00100       0.02427      49.24654      -0.00379      49.26169      -0.00379       0.00000       0.00000
    0.2725       0.00100       0.02427      49.24654      -0.00379      49.26169      -0.00379       0.00000       0.00000
    0.2731       0.00100       0.02427      49.24654      -0.00379      49.26169      -0.00379       0.00000       0.00000
    0.2737       0.00100       0.02427      49.24654      -0.00379      49.26169      -0.00379       0.00000       0.00000
    0.2744       0.00100       0.02427      49.24654      -0.00379      49.26169      -0.00379       0.00000       0.00000
    0.2750       0.00100       0.02427      49.24654      -0.00379      49.26169      -0.00379       0.00000       0.00000
    0.2756       0.00100       0.02427      49.24654      -0.00379      49.26169      -0.00379       0.00000       0.00000
    0.2762       0.00100       0.02427      49.24654      -0.00379      49.26169      -0.00379       0.00000       0.00000
    0.2769       0.00100       0.02427      49.24654      -0.00379      49.26169      -0.00379       0.00000       0.00000
    0.2775       0.00100       0.02427      49.24654      -0.00379      49.26169      -0.00379       0.00000       0.00000
    0.2781       0.00100       0.02427      49.24654      -0.00379      49.26169      -0.00379       0.00000       0.00000
    0.2787       0.00100       0.02427      49.24654      -0.00379      49.26169      -0.00379       0.00000       0.00000
    0.2794       0.00100       0.02427      49.24654      -0.00379      49.26169      -0.00379       0.00000       0.00000
    0.2800       0.00100       0.02427      49.24654      -0.00379      49.26169      -0.00379       0.00000       0.00000
    0.2806       0.00100       0.02427      49.24654      -0.00379      49.26169      -0.00379       0.00000       0.00000
    0.2812       0.00100       0.02427      49.24654      -0.00379      49.26169      -0.00379       0.00000       0.00000
    0.2819       0.00100       0.02427      49.24654      -0.00379      49.26169      -0.00379       0.00000       0.00000
    0.2825       0.00100       0.02427      49.24654      -0.00379      49.26169      -0.00379       0.00000       0.00000
    0.2831       0.00100       0.02427      49.24654      -0.00379      49.26169      -0.00379       0.00000       0.00000
    0.2837       0.00100       0.02427      49.24654      -0.00379      49.26169      -0.00379       0.00000       0.00000
    0.2844       0.00100       0.02427      49.24654      -0.00379      49.26169      -0.00379       0.00000       0.00000
    0.2850       0.00100       0.02427      49.24654      -0.00379      49.26169      -0.00379       0.00000       0.00000
    0.2856       0.00100       0.02427      49.24654      -0.00379      49.26169      -0.00379       0.00000       0.00000
    0.2862       0.00100       0.02427      49.24654      -0.00379      49.26169      -0.00379       0.00000       0.00000
    0.2869       0.00100       0.02427      49.24654      -0.00379      49.26169      -0.00379       0.00000       0.00000
    0.2875       0.00100       0.02427      49.24654      -0.00379      49.26169      -0.00379       0.00000       0.00000
    0.2881       0.00100       0.02427      49.24654      -0.00379      49.26169      -0.00379       0.00000       0.00000
    0.2887       0.00100       0.02427      49.24654      -0.00379      49.26169      -0.00379       0.00000       0.00000
    0.2894       0.00100       0.02427      49.24654      -0.00379      49.26169      -0.00379       0.00000       0.00000
    0.2900       0.00100       0.02427      49.24654      -0.00379      49.26169      -0.00379       0.00000       0.00000
    0.2906       0.00100       0.02427      49.24654      -0.00379      49.26169      -0.00379       0.00000       0.00000
    0.2912       0.00100       0.02427      49.24654      -0.00379      49.26169      -0.00379       0.00000       0.00000
    0.2919       0.00100       0.02427      49.24654      -0.00379      49.26169      -0.00379       0.00000       0.00000
    0.2925       0.00100       0.02427      49.24654      -0.00379      49.26169      -0.00379       0.00000       0.00000
    0.2931       0.00100       0.02427      49.24654      -0.00379      49.26169      -0.00379       0.00000       0.00000
    0.2937       0.00100       0.02427      49.24654      -0.00379      49.26169      -0.00379       0.00000       0.00000
    0.2944       0.00100       0.02427      49.24654      -0.00379      49.26169      -0.00379       0.00000       0.00000
    0.2950       0.00100       0.02427      49.24654      -0.00379      49.26169      -0.00379       0.00000       0.00000
    0.2956       0.00100       0.02427      49.24654      -0.00379      49.26169      -0.00379       0.00000       0.00000
    0.2962       0.00100       0.02427      49.24654      -0.00379      49.26169      -0.00379       0.00000       0.00000
    0.2969       0.00100       0.02427      49.24654      -0.00379      49.26169      -0.00379       0.00000       0.00000
    0.2975       0.00100       0.02427      49.24654      -0.00379      49.26169      -0.00379       0.00000       0.00000
    0.2981       0.00100       0.02427      49.24654      -0.00379      49.26169      -0.00379       0.00000       0.00000
    0.2987       0.00100       0.02427      49.24654      -0.00379      49.26169      -0.00379       0.00000       0.00000
    0.2994       0.00100       0.02427      49.24654      -0.00379      49.26169      -0.00379       0.00000       0.00000
    0.3000       0.00100       0.02427      49.24654      -0.00379      49.26169      -0.00379       0.00000       0.00000
    0.3006       0.00100       0.02427      49.24654      -0.00379      49.26169      -0.00379       0.00000       0.00000
    0.3012       0.00100       0.02427      49.24654      -0.00379      49.26169      -0.00379       0.00000       0.00000
    0.3019       0.00100       0.02427      49.24654      -0.00379      49.26169      -0.00379       0.00000       0.00000
    0.3025       0.00100       0.02427      49.24654      -0.00379      49.26169      -0.00379       0.00000       0.00000
    0.3031       0.00100       0.02427      49.24654      -0.00379      49.26169      -0.00379       0.00000       0.00000
    0.3037       0.00100       0.02427      49.24654      -0.00379      49.26169      -0.00379       0.00000       0.00000
    0.3044       0.00100       0.02427      49.24654      -0.00379      49.26169      -0.00379       0.00000       0.00000
    0.3050       0.00100       0.02427      49.24654      -0.00379      49.26169      -0.00379       0.00000       0.00000
    0.3056       0.00100       0.02427      49.24654      -0.00379      49.26169      -0.00379       0.00000       0.00000
    0.3062       0.00100       0.02427      49.24654      -0.00379      49.26169      -0.00379       0.00000       0.00000
    0.3069       0.00100       0.02427      49.24654      -0.00379      49.26169      -0.00379       0.00000       0.00000
    0.3075       0.00100       0.02427      49.24654      -0.00379      49.26169      -0.00379       0.00000       0.00000
    0.3081       0.00100       0.02427      49.24654      -0.00379      49.26169      -0.00379       0.00000       0.00000
    0.3087       0.00100       0.02427      49.24654      -0.00379      49.26169      -0.00379       0.00000       0.00000
    0.3094       0.00100       0.02427      49.24654      -0.00379      49.26169      -0.00379       0.00000       0.00000
    0.3100       0.00100       0.02427      49.24654      -0.00379      49.26169      -0.00379       0.00000       0.00000
    0.3106       0.00100       0.02427      49.24654      -0.00379      49.26169      -0.00379       0.00000       0.00000
    0.3112       0.00100       0.02427      49.24654      -0.00379      49.26169      -0.00379       0.00000       0.00000
    0.3119       0.00100       0.02427      49.24654      -0.00379      49.26169      -0.00379       0.00000       0.00000
    0.3125       0.00100       0.02427      49.24654      -0.00379      49.26169      -0.00379       0.00000       0.00000
    0.3131       0.00100       0.02427      49.24654      -0.00379      49.26169      -0.00379       0.00000       0.00000
    0.3137       0.00100       0.02427      49.24654      -0.00379      49.26169      -0.00379       0.00000       0.00000
    0.3144       0.00100       0.02427      49.24654      -0.00379      49.26169      -0.00379       0.00000       0.00000
    0.3150       0.00100       0.02427      49.24654      -0.00379      49.26169      -0.00379       0.00000       0.00000
    0.3156       0.00100       0.02427      49.24654      -0.00379      49.26169      -0.00379       0.00000       0.00000
    0.3162       0.00100       0.02427      49.24654      -0.00379      49.26169      -0.00379       0.00000       0.00000
    0.3169       0.00100       0.02427      49.24654      -0.00379      49.26169      -0.00379       0.00000       0.00000
    0.3175       0.00100       0.02427      49.24654      -0.00379      49.26169      -0.00379       0.00000       0.00000
    0.3181       0.00100       0.02427      49.24654      -0.00379      49.26169      -0.00379       0.00000       0.00000
    0.3187       0.00100       0.02427      49.24654      -0.00379      49.26169      -0.00379       0.00000       0.00000
    0.3194       0.00100       0.02427      49.24654      -0.00379      49.26169      -0.00379       0.00000       0.00000
    0.3200       0.00100       0.02427      49.24654      -0.00379      49.26169      -0.00379       0.00000       0.00000
    0.3206       0.00100       0.02427      49.24654      -0.00379      49.26169      -0.00379       0.00000       0.00000
    0.3212       0.00100       0.02427      49.24654      -0.00379      49.26169      -0.00379       0.00000       0.00000
    0.3219       0.00100       0.02427      49.24654      -0.00379      49.26169      -0.00379       0.00000       0.00000
    0.3225       0.00100       0.02427      49.24654      -0.00379      49.26169      -0.00379       0.00000       0.00000
    0.3231       0.00100       0.02427      49.24654      -0.00379      49.26169      -0.00379       0.00000       0.00000
    0.3237       0.00100       0.02427      49.24654      -0.00379      49.26169      -0.00379       0.00000       0.00000
    0.3244       0.00100       0.02427      49.24654      -0.00379      49.26169      -0.00379       0.00000       0.00000
    0.3250       0.00100       0.02427      49.24654      -0.00379      49.26169      -0.00379       0.00000       0.00000
    0.3256       0.00100       0.02427      49.24654      -0.00379      49.26169      -0.00379       0.00000       0.00000
    0.3262       0.00100       0.02427      49.24654      -0.00379      49.26169      -0.00379       0.00000       0.00000
    0.3269       0.00100       0.02427      49.24654      -0.00379      49.26169      -0.00379       0.00000       0.00000
    0.3275       0.00100       0.02427      49.24654      -0.00379      49.26169      -0.00379       0.00000       0.00000
    0.3281       0.00100       0.02427      49.24654      -0.00379      49.26169      -0.00379       0.00000       0.00000
    0.3287       0.00100       0.02427      49.24654      -0.00379      49.26169      -0.00379       0.00000       0.00000
    0.3294       0.00100       0.02427      49.24654      -0.00379      49.26169      -0.00379       0.00000       0.00000
    0.3300       0.00100       0.02427      49.24654      -0.00379      49.26169      -0.00379       0.00000       0.00000
    0.3306       0.00100       0.02427      49.24654      -0.00379      49.26169      -0.00379       0.00000       0.00000
    0.3312       0.00100       0.02427      49.24654      -0.00379      49.26169      -0.00379       0.00000       0.00000
    0.3319       0.00100       0.02427      49.24654      -0.00379      49.26169      -0.00379       0.00000       0.00000
    0.3325       0.00100       0.02427      49.24654      -0.00379      49.26169      -0.00379       0.00000       0.00000
    0.3331       0.00100       0.02427      49.24654      -0.00379      49.26169      -0.00379       0.00000       0.00000
    0.3337       0.00100       0.02427      49.24654      -0.00379      49.26169      -0.00379       0.00000       0.00000
    0.3344       0.00100       0.02427      49.24654      -0.00379      49.26169      -0.00379       0.00000       0.00000
    0.3350       0.00100       0.02427      49.24654      -0.00379      49.26169      -0.00379       0.00000       0.00000
    0.3356       0.00100       0.02427      49.24654      -0.00379      49.26169      -0.00379       0.00000       0.00000
    0.3362       0.00100       0.02427      49.24654      -0.00379      49.26169      -0.00379       0.00000       0.00000
    0.3369       0.00100       0.02427      49.24654      -0.00379      49.26169      -0.00379       0.00000       0.00000
    0.3375       0.00100       0.02427      49.24654      -0.00379      49.26169      -0.00379       0.00000       0.00000
    0.3381       0.00100       0.02427      49.24654      -0.00379      49.26169      -0.00379       0.00000       0.00000
    0.3387       0.00100       0.02427      49.24654      -0.00379      49.26169      -0.00379       0.00000       0.00000
    0.3394       0.00100       0.02427      49.24654      -0.00379      49.26169      -0.00379       0.00000       0.00000
    0.3400       0.00100       0.02427      49.24654      -0.00379      49.26169      -0.00379       0.00000       0.00000
    0.3406       0.00100       0.02427      49.24654      -0.00379      49.26169      -0.00379       0.00000       0.00000
    0.3412       0.00100       0.02427      49.24654      -0.00379      49.26169      -0.00379       0.00000       0.00000
    0.3419       0.00100       0.02427      49.24654      -0.00379      49.26169      -0.00379       0.00000       0.00000
    0.3425       0.00100       0.02427      49.24654      -0.00379      49.26169      -0.00379       0.00000       0.00000
    0.3431       0.00100       0.02427      49.24654      -0.00379      49.26169      -0.00379       0.00000       0.00000
    0.3437       0.00100       0.02427      49.24654      -0.00379      49.26169      -0.00379       0.00000       0.00000
    0.3444       0.00100       0.02427      49.24654      -0.00379      49.26169      -0.00379       0.00000       0.00000
    0.3450       0.00100       0.02427      49.24654      -0.00379      49.26169      -0.00379       0.00000       0.00000
    0.3456       0.00100       0.02427      49.24654      -0.00379      49.26169      -0.00379       0.00000       0.00000
    0.3462       0.00100       0.02427      49.24654      -0.00379      49.26169      -0.00379       0.00000       0.00000
    0.3469       0.00100       0.02427      49.24654      -0.00379      49.26169      -0.00379       0.00000       0.00000
    0.3475       0.00100       0.02427      49.24654      -0.00379      49.26169      -0.00379       0.00000       0.00000
    0.3481       0.00100       0.02427      49.24654      -0.00379      49.26169      -0.00379       0.00000       0.00000
    0.3487       0.00100       0.02427      49.24654      -0.00379      49.26169      -0.00379       0.00000       0.00000
    0.3494       0.00100       0.02427      49.24654      -0.00379      49.26169      -0.00379       0.00000       0.00000
    0.3500       0.00100       0.02427      49.24654      -0.00379      49.26169      -0.00379       0.00000       0.00000
    0.3506       0.00100       0.02427      49.24654      -0.00379      49.26169      -0.00379       0.00000       0.00000
    0.3512       0.00100       0.02427      49.24654      -0.00379      49.26169      -0.00379       0.00000       0.00000
    0.3519       0.00100       0.02427      49.24654      -0.00379      49.26169      -0.00379       0.00000       0.00000
    0.3525       0.00100       0.02427      49.24654      -0.00379      49.26169      -0.00379       0.00000       0.00000
    0.3531       0.00100       0.02427      49.24654      -0.00379      49.26169      -0.00379       0.00000       0.00000
    0.3537       0.00100       0.02427      49.24654      -0.00379      49.26169      -0.00379       0.00000       0.00000
    0.3544       0.00100       0.02427      49.24654      -0.00379      49.26169      -0.00379       0.00000       0.00000
    0.3550       0.00100       0.02427      49.24654      -0.00379      49.26169      -0.00379       0.00000       0.00000
    0.3556       0.00100       0.02427      49.24654      -0.00379      49.26169      -0.00379       0.00000       0.00000
    0.3562       0.00100       0.02427      49.24654      -0.00379      49.26169      -0.00379       0.00000       0.00000
    0.3569       0.00100       0.02427      49.24654      -0.00379      49.26169      -0.00379       0.00000       0.00000
    0.3575       0.00100       0.02427      49.24654      -0.00379      49.26169      -0.00379       0.00000       0.00000
    0.3581       0.00100       0.02427      49.24654      -0.00379      49.26169      -0.00379       0.00000       0.00000
    0.3587       0.00100       0.02427      49.24654      -0.00379      49.26169      -0.00379       0.00000       0.00000
    0.3594       0.00100       0.02427      49.24654      -0.00379      49.26169      -0.00379       0.00000       0.00000
    0.3600       0.00100       0.02427      49.24654      -0.00379      49.26169      -0.00379       0.00000       0.00000
    0.3606       0.00100       0.02427      49.24654      -0.00379      49.26169      -0.00379       0.00000       0.00000
    0.3612       0.00100       0.02427      49.24654      -0.00379      49.26169      -0.00379       0.00000       0.00000
    0.3619       0.00100       0.02427      49.24654      -0.00379      49.26169      -0.00379       0.00000       0.00000
    0.3625       0.00100       0.02427      49.24654      -0.00379      49.26169      -0.00379       0.00000       0.00000
    0.3631       0.00100       0.02427      49.24654      -0.00379      49.26169      -0.00379       0.00000       0.00000
    0.3637       0.00100       0.02427      49.24654      -0.00379      49.26169      -0.00379       0.00000       0.00000
    0.3644       0.00100       0.02427      49.24654      -0.00379      49.26169      -0.00379       0.00000       0.00000
    0.3650       0.00100       0.02427      49.24654      -0.00379      49.26169      -0.00379       0.00000       0.00000
    0.3656       0.00100       0.02427      49.24654      -0.00379      49.26169      -0.00379       0.00000       0.00000
    0.3662       0.00100       0.02427      49.24654      -0.00379      49.26169      -0.00379       0.00000       0.00000
    0.3669       0.00100       0.02427      49.24654      -0.00379      49.26169      -0.00379       0.00000       0.00000
    0.3675       0.00100       0.02427      49.24654      -0.00379      49.26169      -0.00379       0.00000       0.00000
    0.3681       0.00100       0.02427      49.24654      -0.00379      49.26169      -0.00379       0.00000       0.00000
    0.3687       0.00100       0.02427      49.24654      -0.00379      49.26169      -0.00379       0.00000       0.00000
    0.3694       0.00100       0.02427      49.24654      -0.00379      49.26169      -0.00379       0.00000       0.00000
    0.3700       0.00100       0.02427      49.24654      -0.00379      49.26169      -0.00379       0.00000       0.00000
    0.3706       0.00100       0.02427      49.24654      -0.00379      49.26169      -0.00379       0.00000       0.00000
    0.3712       0.00100       0.02427      49.24654      -0.00379      49.26169      -0.00379       0.00000       0.00000
    0.3719       0.00100       0.02427      49.24654      -0.00379      49.26169      -0.00379       0.00000       0.00000
    0.3725       0.00100       0.02427      49.24654      -0.00379      49.26169      -0.00379       0.00000       0.00000
    0.3731       0.00100       0.02427      49.24654      -0.00379      49.26169      -0.00379       0.00000       0.00000
    0.3737       0.00100       0.02427      49.24654      -0.00379      49.26169      -0.00379       0.00000       0.00000
    0.3744       0.00100       0.02427      49.24654      -0.00379      49.26169      -0.00379       0.00000       0.00000
    0.3750       0.00100       0.02427      49.24654      -0.00379      49.26169      -0.00379       0.00000       0.00000
    0.3756       0.00100       0.02427      49.24654      -0.00379      49.26169      -0.00379       0.00000       0.00000
    0.3762       0.00100       0.02427      49.24654      -0.00379      49.26169      -0.00379       0.00000       0.00000
    0.3769       0.00100       0.02427      49.24654      -0.00379      49.26169      -0.00379       0.00000       0.00000
    0.3775       0.00100       0.02427      49.24654      -0.00379      49.26169      -0.00379       0.00000       0.00000
    0.3781       0.00100       0.02427      49.24654      -0.00379      49.26169      -0.00379       0.00000       0.00000
    0.3787       0.00100       0.02427      49.24654      -0.00379      49.26169      -0.00379       0.00000       0.00000
    0.3794       0.00100       0.02427      49.24654      -0.00379      49.26169      -0.00379       0.00000       0.00000
    0.3800       0.00100       0.02427      49.24654      -0.00379      49.26169      -0.00379       0.00000       0.00000
    0.3806       0.00100       0.02427      49.24654      -0.00379      49.26169      -0.00379       0.00000       0.00000
    0.3812       0.00100       0.02427      49.24654      -0.00379      49.26169      -0.00379       0.00000       0.00000
    0.3819       0.00100       0.02427      49.24654      -0.00379      49.26169      -0.00379       0.00000       0.00000
    0.3825       0.00100       0.02427      49.24654      -0.00379      49.26169      -0.00379       0.00000       0.00000
    0.3831       0.00100       0.02427      49.24654      -0.00379      49.26169      -0.00379       0.00000       0.00000
    0.3837       0.00100       0.02427      49.24654      -0.00379      49.26169      -0.00379       0.00000       0.00000
    0.3844       0.00100       0.02427      49.24654      -0.00379      49.26169      -0.00379       0.00000       0.00000
    0.3850       0.00100       0.02427      49.24654      -0.00379      49.26169      -0.00379       0.00000       0.00000
    0.3856       0.00100       0.02427      49.24654      -0.00379      49.26169      -0.00379       0.00000       0.00000
    0.3862       0.00100       0.02427      49.24654      -0.00379      49.26169      -0.00379       0.00000       0.00000
    0.3869       0.00100       0.02427      49.24654      -0.00379      49.26169      -0.00379       0.00000       0.00000
    0.3875       0.00100       0.02427      49.24654      -0.00379      49.26169      -0.00379       0.00000       0.00000
    0.3881       0.00100       0.02427      49.24654      -0.00379      49.26169      -0.00379       0.00000       0.00000
    0.3887       0.00100       0.02427      49.24654      -0.00379      49.26169      -0.00379       0.00000       0.00000
    0.3894       0.00100       0.02427      49.24654      -0.00379      49.26169      -0.00379       0.00000       0.00000
    0.3900       0.00100       0.02427      49.24654      -0.00379      49.26169      -0.00379       0.00000       0.00000
    0.3906       0.00100       0.02427      49.24654      -0.00379      49.26169      -0.00379       0.00000       0.00000
    0.3912       0.00100       0.02427      49.24654      -0.00379      49.26169      -0.00379       0.00000       0.00000
    0.3919       0.00100       0.02427      49.24654      -0.00379      49.26169      -0.00379       0.00000       0.00000
    0.3925       0.00100       0.02427      49.24654      -0.00379      49.26169      -0.00379       0.00000       0.00000
    0.3931       0.00100       0.02427      49.24654      -0.00379      49.26169      -0.00379       0.00000       0.00000
    0.3937       0.00100       0.02427      49.24654      -0.00379      49.26169      -0.00379       0.00000       0.00000
    0.3944       0.00100       0.02427      49.24654      -0.00379      49.26169      -0.00379       0.00000       0.00000
    0.3950       0.00100       0.02427      49.24654      -0.00379      49.26169      -0.00379       0.00000       0.00000
    0.3956       0.00100       0.02427      49.24654      -0.00379      49.26169      -0.00379       0.00000       0.00000
    0.3962       0.00100       0.02427      49.24654      -0.00379      49.26169      -0.00379       0.00000       0.00000
    0.3969       0.00100       0.02427      49.24654      -0.00379      49.26169      -0.00379       0.00000       0.00000
    0.3975       0.00100       0.02427      49.24654      -0.00379      49.26169      -0.00379       0.00000       0.00000
    0.3981       0.00100       0.02427      49.24654      -0.00379      49.26169      -0.00379       0.00000       0.00000
    0.3987       0.00100       0.02427      49.24654      -0.00379      49.26169      -0.00379       0.00000       0.00000
    0.3994       0.00100       0.02427      49.24654      -0.00379      49.26169      -0.00379       0.00000       0.00000
    0.4000       0.00100       0.02427      49.24654      -0.00379      49.26169      -0.00379       0.00000       0.00000
    0.4006       0.00100       0.02427      49.24654      -0.00379      49.26169      -0.00379       0.00000       0.00000
    0.4012       0.00100       0.02427      49.24654      -0.00379      49.26169      -0.00379       0.00000       0.00000
    0.4019       0.00100       0.02427      49.24654      -0.00379      49.26169      -0.00379       0.00000       0.00000
    0.4025       0.00100       0.02427      49.24654      -0.00379      49.26169      -0.00379       0.00000       0.00000
    0.4031       0.00100       0.02427      49.24654      -0.00379      49.26169      -0.00379       0.00000       0.00000
    0.4037       0.00100       0.02427      49.24654      -0.00379      49.26169      -0.00379       0.00000       0.00000
    0.4044       0.00100       0.02427      49.24654      -0.00379      49.26169      -0.00379       0.00000       0.00000
    0.4050       0.00100       0.02427      49.24654      -0.00379      49.26169      -0.00379       0.00000       0.00000
    0.4056       0.00100       0.02427      49.24654      -0.00379      49.26169      -0.00379       0.00000       0.00000
    0.4062       0.00100       0.02427      49.24654      -0.00379      49.26169      -0.00379       0.00000       0.00000
    0.4069       0.00100       0.02427      49.24654      -0.00379      49.26169      -0.00379       0.00000       0.00000
    0.4075       0.00100       0.02427      49.24654      -0.00379      49.26169      -0.00379       0.00000       0.00000
    0.4081       0.00100       0.02427      49.24654      -0.00379      49.26169      -0.00379       0.00000       0.00000
    0.4087       0.00100       0.02427      49.24654      -0.00379      49.26169      -0.00379       0.00000       0.00000
    0.4094       0.00100       0.02427      49.24654      -0.00379      49.26169      -0.00379       0.00000       0.00000
    0.4100       0.00100       0.02427      49.24654      -0.00379      49.26169      -0.00379       0.00000       0.00000
    0.4106       0.00100       0.02427      49.24654      -0.00379      49.26169      -0.00379       0.00000       0.00000
    0.4112       0.00100       0.02427      49.24654      -0.00379      49.26169      -0.00379       0.00000       0.00000
    0.4119       0.00100       0.02427      49.24654      -0.00379      49.26169      -0.00379       0.00000       0.00000
    0.4125       0.00100       0.02427      49.24654      -0.00379      49.26169      -0.00379       0.00000       0.00000
    0.4131       0.00100       0.02427      49.24654      -0.00379      49.26169      -0.00379       0.00000       0.00000
    0.4137       0.00100       0.02427      49.24654      -0.00379      49.26169      -0.00379       0.00000       0.00000
    0.4144       0.00100       0.02427      49.24654      -0.00379      49.26169      -0.00379       0.00000       0.00000
    0.4150       0.00100       0.02427      49.24654      -0.00379      49.26169      -0.00379       0.00000       0.00000
    0.4156       0.00100       0.02427      49.24654      -0.00379      49.26169      -0.00379       0.00000       0.00000
    0.4162       0.00100       0.02427      49.24654      -0.00379      49.26169      -0.00379       0.00000       0.00000
    0.4169       0.00100       0.02427      49.24654      -0.00379      49.26169      -0.00379       0.00000       0.00000
    0.4175       0.00100       0.02427      49.24654      -0.00379      49.26169      -0.00379       0.00000       0.00000
    0.4181       0.00100       0.02427      49.24654      -0.00379      49.26169      -0.00379       0.00000       0.00000
    0.4187       0.00100       0.02427      49.24654      -0.00379      49.26169      -0.00379       0.00000       0.00000
    0.4194       0.00100       0.02427      49.24654      -0.00379      49.26169      -0.00379       0.00000       0.00000
    0.4200       0.00100       0.02427      49.24654      -0.00379      49.26169      -0.00379       0.00000       0.00000
    0.4206       0.00100       0.02427      49.24654      -0.00379      49.26169      -0.00379       0.00000       0.00000
    0.4212       0.00100       0.02427      49.24654      -0.00379      49.26169      -0.00379       0.00000       0.00000
    0.4219       0.00100       0.02427      49.24654      -0.00379      49.26169      -0.00379       0.00000       0.00000
    0.4225       0.00100       0.02427      49.24654      -0.00379      49.26169      -0.00379       0.00000       0.00000
    0.4231       0.00100       0.02427      49.24654      -0.00379      49.26169      -0.00379       0.00000       0.00000
    0.4237       0.00100       0.02427      49.24654      -0.00379      49.26169      -0.00379       0.00000       0.00000
    0.4244       0.00100       0.02427      49.24654      -0.00379      49.26169      -0.00379       0.00000       0.00000
    0.4250       0.00100       0.02427      49.24654      -0.00379      49.26169      -0.00379       0.00000       0.00000
    0.4256       0.00100       0.02427      49.24654      -0.00379      49.26169      -0.00379       0.00000       0.00000
    0.4262       0.00100       0.02427      49.24654      -0.00379      49.26169      -0.00379       0.00000       0.00000
    0.4269       0.00100       0.02427      49.24654      -0.00379      49.26169      -0.00379       0.00000       0.00000
    0.4275       0.00100       0.02427      49.24654      -0.00379      49.26169      -0.00379       0.00000       0.00000
    0.4281       0.00100       0.02427      49.24654      -0.00379      49.26169      -0.00379       0.00000       0.00000
    0.4287       0.00100       0.02427      49.24654      -0.00379      49.26169      -0.00379       0.00000       0.00000
    0.4294       0.00100       0.02427      49.24654      -0.00379      49.26169      -0.00379       0.00000       0.00000
    0.4300       0.00100       0.02427      49.24654      -0.00379      49.26169      -0.00379       0.00000       0.00000
    0.4306       0.00100       0.02427      49.24654      -0.00379      49.26169      -0.00379       0.00000       0.00000
    0.4312       0.00100       0.02427      49.24654      -0.00379      49.26169      -0.00379       0.00000       0.00000
    0.4319       0.00100       0.02427      49.24654      -0.00379      49.26169      -0.00379       0.00000       0.00000
    0.4325       0.00100       0.02427      49.24654      -0.00379      49.26169      -0.00379       0.00000       0.00000
    0.4331       0.00100       0.02427      49.24654      -0.00379      49.26169      -0.00379       0.00000       0.00000
    0.4337       0.00100       0.02427      49.24654      -0.00379      49.26169      -0.00379       0.00000       0.00000
    0.4344       0.00100       0.02427      49.24654      -0.00379      49.26169      -0.00379       0.00000       0.00000
    0.4350       0.00100       0.02427      49.24654      -0.00379      49.26169      -0.00379       0.00000       0.00000
    0.4356       0.00100       0.02427      49.24654      -0.00379      49.26169      -0.00379       0.00000       0.00000
    0.4362       0.00100       0.02427      49.24654      -0.00379      49.26169      -0.00379       0.00000       0.00000
    0.4369       0.00100       0.02427      49.24654      -0.00379      49.26169      -0.00379       0.00000       0.00000
    0.4375       0.00100       0.02427      49.24654      -0.00379      49.26169      -0.00379       0.00000       0.00000
    0.4381       0.00100       0.02427      49.24654      -0.00379      49.26169      -0.00379       0.00000       0.00000
    0.4387       0.00100       0.02427      49.24654      -0.00379      49.26169      -0.00379       0.00000       0.00000
    0.4394       0.00100       0.02427      49.24654      -0.00379      49.26169      -0.00379       0.00000       0.00000
    0.4400       0.00100       0.02427      49.24654      -0.00379      49.26169      -0.00379       0.00000       0.00000
    0.4406       0.00100       0.02427      49.24654      -0.00379      49.26169      -0.00379       0.00000       0.00000
    0.4412       0.00100       0.02427      49.24654      -0.00379      49.26169      -0.00379       0.00000       0.00000
    0.4419       0.00100       0.02427      49.24654      -0.00379      49.26169      -0.00379       0.00000       0.00000
    0.4425       0.00100       0.02427      49.24654      -0.00379      49.26169      -0.00379       0.00000       0.00000
    0.4431       0.00100       0.02427      49.24654      -0.00379      49.26169      -0.00379       0.00000       0.00000
    0.4437       0.00100       0.02427      49.24654      -0.00379      49.26169      -0.00379       0.00000       0.00000
    0.4444       0.00100       0.02427      49.24654      -0.00379      49.26169      -0.00379       0.00000       0.00000
    0.4450       0.00100       0.02427      49.24654      -0.00379      49.26169      -0.00379       0.00000       0.00000
    0.4456       0.00100       0.02427      49.24654      -0.00379      49.26169      -0.00379       0.00000       0.00000
    0.4462       0.00100       0.02427      49.24654      -0.00379      49.26169      -0.00379       0.00000       0.00000
    0.4469       0.00100       0.02427      49.24654      -0.00379      49.26169      -0.00379       0.00000       0.00000
    0.4475       0.00100       0.02427      49.24654      -0.00379      49.26169      -0.00379       0.00000       0.00000
    0.4481       0.00100       0.02427      49.24654      -0.00379      49.26169      -0.00379       0.00000       0.00000
    0.4487       0.00100       0.02427      49.24654      -0.00379      49.26169      -0.00379       0.00000       0.00000
    0.4494       0.00100       0.02427      49.24654      -0.00379      49.26169      -0.00379       0.00000       0.00000
    0.4500       0.00100       0.02427      49.24654      -0.00379      49.26169      -0.00379       0.00000       0.00000
    0.4506       0.00100       0.02427      49.24654      -0.00379      49.26169      -0.00379       0.00000       0.00000
    0.4512       0.00100       0.02427      49.24654      -0.00379      49.26169      -0.00379       0.00000       0.00000
    0.4519       0.00100       0.02427      49.24654      -0.00379      49.26169      -0.00379       0.00000       0.00000
    0.4525       0.00100       0.02427      49.24654      -0.00379      49.26169      -0.00379       0.00000       0.00000
    0.4531       0.00100       0.02427      49.24654      -0.00379      49.26169      -0.00379       0.00000       0.00000
    0.4537       0.00100       0.02427      49.24654      -0.00379      49.26169      -0.00379       0.00000       0.00000
    0.4544       0.00100       0.02427      49.24654      -0.00379      49.26169      -0.00379       0.00000       0.00000
    0.4550       0.00100       0.02427      49.24654      -0.00379      49.26169      -0.00379       0.00000       0.00000
    0.4556       0.00100       0.02427      49.24654      -0.00379      49.26169      -0.00379       0.00000       0.00000
    0.4562       0.00100       0.02427      49.24654      -0.00379      49.26169      -0.00379       0.00000       0.00000
    0.4569       0.00100       0.02427      49.24654      -0.00379      49.26169      -0.00379       0.00000       0.00000
    0.4575       0.00100       0.02427      49.24654      -0.00379      49.26169      -0.00379       0.00000       0.00000
    0.4581       0.00100       0.02427      49.24654      -0.00379      49.26169      -0.00379       0.00000       0.00000
    0.4587       0.00100       0.02427      49.24654      -0.00379      49.26169      -0.00379       0.00000       0.00000
    0.4594       0.00100       0.02427      49.24654      -0.00379      49.26169      -0.00379       0.00000       0.00000
    0.4600       0.00100       0.02427      49.24654      -0.00379      49.26169      -0.00379       0.00000       0.00000
    0.4606       0.00100       0.02427      49.24654      -0.00379      49.26169      -0.00379       0.00000       0.00000
    0.4612       0.00100       0.02427      49.24654      -0.00379      49.26169      -0.00379       0.00000       0.00000
    0.4619       0.00100       0.02427      49.24654      -0.00379      49.26169      -0.00379       0.00000       0.00000
    0.4625       0.00100       0.02427      49.24654      -0.00379      49.26169      -0.00379       0.00000       0.00000
    0.4631       0.00100       0.02427      49.24654      -0.00379      49.26169      -0.00379       0.00000       0.00000
    0.4637       0.00100       0.02427      49.24654      -0.00379      49.26169      -0.00379       0.00000       0.00000
    0.4644       0.00100       0.02427      49.24654      -0.00379      49.26169      -0.00379       0.00000       0.00000
    0.4650       0.00100       0.02427      49.24654      -0.00379      49.26169      -0.00379       0.00000       0.00000
    0.4656       0.00100       0.02427      49.24654      -0.00379      49.26169      -0.00379       0.00000       0.00000
    0.4662       0.00100       0.02427      49.24654      -0.00379      49.26169      -0.00379       0.00000       0.00000
    0.4669       0.00100       0.02427      49.24654      -0.00379      49.26169      -0.00379       0.00000       0.00000
    0.4675       0.00100       0.02427      49.24654      -0.00379      49.26169      -0.00379       0.00000       0.00000
    0.4681       0.00100       0.02427      49.24654      -0.00379      49.26169      -0.00379       0.00000       0.00000
    0.4687       0.00100       0.02427      49.24654      -0.00379      49.26169      -0.00379       0.00000       0.00000
    0.4694       0.00100       0.02427      49.24654      -0.00379      49.26169      -0.00379       0.00000       0.00000
    0.4700       0.00100       0.02427      49.24654      -0.00379      49.26169      -0.00379       0.00000       0.00000
    0.4706       0.00100       0.02427      49.24654      -0.00379      49.26169      -0.00379       0.00000       0.00000
    0.4712       0.00100       0.02427      49.24654      -0.00379      49.26169      -0.00379       0.00000       0.00000
    0.4719       0.00100       0.02427      49.24654      -0.00379      49.26169      -0.00379       0.00000       0.00000
    0.4725       0.00100       0.02427      49.24654      -0.00379      49.26169      -0.00379       0.00000       0.00000
    0.4731       0.00100       0.02427      49.24654      -0.00379      49.26169      -0.00379       0.00000       0.00000
    0.4737       0.00100       0.02427      49.24654      -0.00379      49.26169      -0.00379       0.00000       0.00000
    0.4744       0.00100       0.02427      49.24654      -0.00379      49.26169      -0.00379       0.00000       0.00000
    0.4750       0.00100       0.02427      49.24654      -0.00379      49.26169      -0.00379       0.00000       0.00000
    0.4756       0.00100       0.02427      49.24654      -0.00379      49.26169      -0.00379       0.00000       0.00000
    0.4762       0.00100       0.02427      49.24654      -0.00379      49.26169      -0.00379       0.00000       0.00000
    0.4769       0.00100       0.02427      49.24654      -0.00379      49.26169      -0.00379       0.00000       0.00000
    0.4775       0.00100       0.02427      49.24654      -0.00379      49.26169      -0.00379       0.00000       0.00000
    0.4781       0.00100       0.02427      49.24654      -0.00379      49.26169      -0.00379       0.00000       0.00000
    0.4787       0.00100       0.02427      49.24654      -0.00379      49.26169      -0.00379       0.00000       0.00000
    0.4794       0.00100       0.02427      49.24654      -0.00379      49.26169      -0.00379       0.00000       0.00000
    0.4800       0.00100       0.02427      49.24654      -0.00379      49.26169      -0.00379       0.00000       0.00000
    0.4806       0.00100       0.02427      49.24654      -0.00379      49.26169      -0.00379       0.00000       0.00000
    0.4812       0.00100       0.02427      49.24654      -0.00379      49.26169      -0.00379       0.00000       0.00000
    0.4819       0.00100       0.02427      49.24654      -0.00379      49.26169      -0.00379       0.00000       0.00000
    0.4825       0.00100       0.02427      49.24654      -0.00379      49.26169      -0.00379       0.00000       0.00000
    0.4831       0.00100       0.02427      49.24654      -0.00379      49.26169      -0.00379       0.00000       0.00000
    0.4837       0.00100       0.02427      49.24654      -0.00379      49.26169      -0.00379       0.00000       0.00000
    0.4844       0.00100       0.02427      49.24654      -0.00379      49.26169      -0.00379       0.00000       0.00000
    0.4850       0.00100       0.02427      49.24654      -0.00379      49.26169      -0.00379       0.00000       0.00000
    0.4856       0.00100       0.02427      49.24654      -0.00379      49.26169      -0.00379       0.00000       0.00000
    0.4862       0.00100       0.02427      49.24654      -0.00379      49.26169      -0.00379       0.00000       0.00000
    0.4869       0.00100       0.02427      49.24654      -0.00379      49.26169      -0.00379       0.00000       0.00000
    0.4875       0.00100       0.02427      49.24654      -0.00379      49.26169      -0.00379       0.00000       0.00000
    0.4881       0.00100       0.02427      49.24654      -0.00379      49.26169      -0.00379       0.00000       0.00000
    0.4887       0.00100       0.02427      49.24654      -0.00379      49.26169      -0.00379       0.00000       0.00000
    0.4894       0.00100       0.02427      49.24654      -0.00379      49.26169      -0.00379       0.00000       0.00000
    0.4900       0.00100       0.02427      49.24654      -0.00379      49.26169      -0.00379       0.00000       0.00000
    0.4906       0.00100       0.02427      49.24654      -0.00379      49.26169      -0.00379       0.00000       0.00000
    0.4912       0.00100       0.02427      49.24654      -0.00379      49.26169      -0.00379       0.00000       0.00000
    0.4919       0.00100       0.02427      49.24654      -0.00379      49.26169      -0.00379       0.00000       0.00000
    0.4925       0.00100       0.02427      49.24654      -0.00379      49.26169      -0.00379       0.00000       0.00000
    0.4931       0.00100       0.02427      49.24654      -0.00379      49.26169      -0.00379       0.00000       0.00000
    0.4937       0.00100       0.02427      49.24654      -0.00379      49.26169      -0.00379       0.00000       0.00000
    0.4944       0.00100       0.02427      49.24654      -0.00379      49.26169      -0.00379       0.00000       0.00000
    0.4950       0.00100       0.02427      49.24654      -0.00379      49.26169      -0.00379       0.00000       0.00000
    0.4956       0.00100       0.02427      49.24654      -0.00379      49.26169      -0.00379       0.00000       0.00000
    0.4962       0.00100       0.02427      49.24654      -0.00379      49.26169      -0.00379       0.00000       0.00000
    0.4969       0.00100       0.02427      49.24654      -0.00379      49.26169      -0.00379       0.00000       0.00000
    0.4975       0.00100       0.02427      49.24654      -0.00379      49.26169      -0.00379       0.00000       0.00000
    0.4981       0.00100       0.02427      49.24654      -0.00379      49.26169      -0.00379       0.00000       0.00000
    0.4987       0.00100       0.02427      49.24654      -0.00379      49.26169      -0.00379       0.00000       0.00000
    0.4994       0.00100       0.02427      49.24654      -0.00379      49.26169      -0.00379       0.00000       0.00000
    0.5000       0.00100       0.02427      49.24654      -0.00379      49.26169      -0.00379       0.00000       0.00000
    0.5006       0.00100       0.02427      49.24654      -0.00379      49.26169      -0.00379       0.00000       0.00000
    0.5012       0.00100       0.02427      49.24654      -0.00379      49.26169      -0.00379       0.00000       0.00000
    0.5019       0.00100       0.02427      49.24654      -0.00379      49.26169      -0.00379       0.00000       0.00000
    0.5025       0.00100       0.02427      49.24654      -0.00379      49.26169      -0.00379       0.00000       0.00000
    0.5031       0.00100       0.02427      49.24654      -0.00379      49.26169      -0.00379       0.00000       0.00000
    0.5037       0.00100       0.02427      49.24654      -0.00379      49.26169      -0.00379       0.00000       0.00000
    0.5044       0.00100       0.02427      49.24654      -0.00379      49.26169      -0.00379       0.00000       0.00000
    0.5050       0.00100       0.02427      49.24654      -0.00379      49.26169      -0.00379       0.00000       0.00000
    0.5056       0.00100       0.02427      49.24654      -0.00379      49.26169      -0.00379       0.00000       0.00000
    0.5062       0.00100       0.02427      49.24654      -0.00379      49.26169      -0.00379       0.00000       0.00000
    0.5069       0.00100       0.02427      49.24654      -0.00379      49.26169      -0.00379       0.00000       0.00000
    0.5075       0.00100       0.02427      49.24654      -0.00379      49.26169      -0.00379       0.00000       0.00000
    0.5081       0.00100       0.02427      49.24654      -0.00379      49.26169      -0.00379       0.00000       0.00000
    0.5087       0.00100       0.02427      49.24654      -0.00379      49.26169      -0.00379       0.00000       0.00000
    0.5094       0.00100       0.02427      49.24654      -0.00379      49.26169      -0.00379       0.00000       0.00000
    0.5100       0.00100       0.02427      49.24654      -0.00379      49.26169      -0.00379       0.00000       0.00000
    0.5106       0.00100       0.02427      49.24654      -0.00379      49.26169      -0.00379       0.00000       0.00000
    0.5112       0.00100       0.02427      49.24654      -0.00379      49.26169      -0.00379       0.00000       0.00000
    0.5119       0.00100       0.02427      49.24654      -0.00379      49.26169      -0.00379       0.00000       0.00000
    0.5125       0.00100       0.02427      49.24654      -0.00379      49.26169      -0.00379       0.00000       0.00000
    0.5131       0.00100       0.02427      49.24654      -0.00379      49.26169      -0.00379       0.00000       0.00000
    0.5137       0.00100       0.02427      49.24654      -0.00379      49.26169      -0.00379       0.00000       0.00000
    0.5144       0.00100       0.02427      49.24654      -0.00379      49.26169      -0.00379       0.00000       0.00000
    0.5150       0.00100       0.02427      49.24654      -0.00379      49.26169      -0.00379       0.00000       0.00000
    0.5156       0.00100       0.02427      49.24654      -0.00379      49.26169      -0.00379       0.00000       0.00000
    0.5162       0.00100       0.02427      49.24654      -0.00379      49.26169      -0.00379       0.00000       0.00000
    0.5169       0.00100       0.02427      49.24654      -0.00379      49.26169      -0.00379       0.00000       0.00000
    0.5175       0.00100       0.02427      49.24654      -0.00379      49.26169      -0.00379       0.00000       0.00000
    0.5181       0.00100       0.02427      49.24654      -0.00379      49.26169      -0.00379       0.00000       0.00000
    0.5187       0.00100       0.02427      49.24654      -0.00379      49.26169      -0.00379       0.00000       0.00000
    0.5194       0.00100       0.02427      49.24654      -0.00379      49.26169      -0.00379       0.00000       0.00000
    0.5200       0.00100       0.02427      49.24654      -0.00379      49.26169      -0.00379       0.00000       0.00000
    0.5206       0.00100       0.02427      49.24654      -0.00379      49.26169      -0.00379       0.00000       0.00000
    0.5212       0.00100       0.02427      49.24654      -0.00379      49.26169      -0.00379       0.00000       0.00000
    0.5219       0.00100       0.02427      49.24654      -0.00379      49.26169      -0.00379       0.00000       0.00000
    0.5225       0.00100       0.02427      49.24654      -0.00379      49.26169      -0.00379       0.00000       0.00000
    0.5231       0.00100       0.02427      49.24654      -0.00379      49.26169      -0.00379       0.00000       0.00000
    0.5237       0.00100       0.02427      49.24654      -0.00379      49.26169      -0.00379       0.00000       0.00000
    0.5244       0.00100       0.02427      49.24654      -0.00379      49.26169      -0.00379       0.00000       0.00000
    0.5250       0.00100       0.02427      49.24654      -0.00379      49.26169      -0.00379       0.00000       0.00000
    0.5256       0.00100       0.02427      49.24654      -0.00379      49.26169      -0.00379       0.00000       0.00000
    0.5262       0.00100       0.02427      49.24654      -0.00379      49.26169      -0.00379       0.00000       0.00000
    0.5269       0.00100       0.02427      49.24654      -0.00379      49.26169      -0.00379       0.00000       0.00000
    0.5275       0.00100       0.02427      49.24654      -0.00379      49.26169      -0.00379       0.00000       0.00000
    0.5281       0.00100       0.02427      49.24654      -0.00379      49.26169      -0.00379       0.00000       0.00000
    0.5287       0.00100       0.02427      49.24654      -0.00379      49.26169      -0.00379       0.00000       0.00000
    0.5294       0.00100       0.02427      49.24654      -0.00379      49.26169      -0.00379       0.00000       0.00000
    0.5300       0.00100       0.02427      49.24654      -0.00379      49.26169      -0.00379       0.00000       0.00000
    0.5306       0.00100       0.02427      49.24654      -0.00379      49.26169      -0.00379       0.00000       0.00000
    0.5312       0.00100       0.02427      49.24654      -0.00379      49.26169      -0.00379       0.00000       0.00000
    0.5319       0.00100       0.02427      49.24654      -0.00379      49.26169      -0.00379       0.00000       0.00000
    0.5325       0.00100       0.02427      49.24654      -0.00379      49.26169      -0.00379       0.00000       0.00000
    0.5331       0.00100       0.02427      49.24654      -0.00379      49.26169      -0.00379       0.00000       0.00000
    0.5337       0.00100       0.02427      49.24654      -0.00379      49.26169      -0.00379       0.00000       0.00000
    0.5344       0.00100       0.02427      49.24654      -0.00379      49.26169      -0.00379       0.00000       0.00000
    0.5350       0.00100       0.02427      49.24654      -0.00379      49.26169      -0.00379       0.00000       0.00000
    0.5356       0.00100       0.02427      49.24654      -0.00379      49.26169      -0.00379       0.00000       0.00000
    0.5362       0.00100       0.02427      49.24654      -0.00379      49.26169      -0.00379       0.00000       0.00000
    0.5369       0.00100       0.02427      49.24654      -0.00379      49.26169      -0.00379       0.00000       0.00000
    0.5375       0.00100       0.02427      49.24654      -0.00379      49.26169      -0.00379       0.00000       0.00000
    0.5381       0.00100       0.02427      49.24654      -0.00379      49.26169      -0.00379       0.00000       0.00000
    0.5387       0.00100       0.02427      49.24654      -0.00379      49.26169      -0.00379       0.00000       0.00000
    0.5394       0.00100       0.02427      49.24654      -0.00379      49.26169      -0.00379       0.00000       0.00000
    0.5400       0.00100       0.02427      49.24654      -0.00379      49.26169      -0.00379       0.00000       0.00000
    0.5406       0.00100       0.02427      49.24654      -0.00379      49.26169      -0.00379       0.00000       0.00000
    0.5412       0.00100       0.02427      49.24654      -0.00379      49.26169      -0.00379       0.00000       0.00000
    0.5419       0.00100       0.02427      49.24654      -0.00379      49.26169      -0.00379       0.00000       0.00000
    0.5425       0.00100       0.02427      49.24654      -0.00379      49.26169      -0.00379       0.00000       0.00000
    0.5431       0.00100       0.02427      49.24654      -0.00379      49.26169      -0.00379       0.00000       0.00000
    0.5437       0.00100       0.02427      49.24654      -0.00379      49.26169      -0.00379       0.00000       0.00000
    0.5444       0.00100       0.02427      49.24654      -0.00379      49.26169      -0.00379       0.00000       0.00000
    0.5450       0.00100       0.02427      49.24654      -0.00379      49.26169      -0.00379       0.00000       0.00000
    0.5456       0.00100       0.02427      49.24654      -0.00379      49.26169      -0.00379       0.00000       0.00000
    0.5462       0.00100       0.02427      49.24654      -0.00379      49.26169      -0.00379       0.00000       0.00000
    0.5469       0.00100       0.02427      49.24654      -0.00379      49.26169      -0.00379       0.00000       0.00000
    0.5475       0.00100       0.02427      49.24654      -0.00379      49.26169      -0.00379       0.00000       0.00000
    0.5481       0.00100       0.02427      49.24654      -0.00379      49.26169      -0.00379       0.00000       0.00000
    0.5487       0.00100       0.02427      49.24654      -0.00379      49.26169      -0.00379       0.00000       0.00000
    0.5494       0.00100       0.02427      49.24654      -0.00379      49.26169      -0.00379       0.00000       0.00000
    0.5500       0.00100       0.02427      49.24654      -0.00379      49.26169      -0.00379       0.00000       0.00000
    0.5506       0.00100       0.02427      49.24654      -0.00379      49.26169      -0.00379       0.00000       0.00000
    0.5512       0.00100       0.02427      49.24654      -0.00379      49.26169      -0.00379       0.00000       0.00000
    0.5519       0.00100       0.02427      49.24654      -0.00379      49.26169      -0.00379       0.00000       0.00000
    0.5525       0.00100       0.02427      49.24654      -0.00379      49.26169      -0.00379       0.00000       0.00000
    0.5531       0.00100       0.02427      49.24654      -0.00379      49.26169      -0.00379       0.00000       0.00000
    0.5537       0.00100       0.02427      49.24654      -0.00379      49.26169      -0.00379       0.00000       0.00000
    0.5544       0.00100       0.02427      49.24654      -0.00379      49.26169      -0.00379       0.00000       0.00000
    0.5550       0.00100       0.02427      49.24654      -0.00379      49.26169      -0.00379       0.00000       0.00000
    0.5556       0.00100       0.02427      49.24654      -0.00379      49.26169      -0.00379       0.00000       0.00000
    0.5562       0.00100       0.02427      49.24654      -0.00379      49.26169      -0.00379       0.00000       0.00000
    0.5569       0.00100       0.02427      49.24654      -0.00379      49.26169      -0.00379       0.00000       0.00000
    0.5575       0.00100       0.02427      49.24654      -0.00379      49.26169      -0.00379       0.00000       0.00000
    0.5581       0.00100       0.02427      49.24654      -0.00379      49.26169      -0.00379       0.00000       0.00000
    0.5587       0.00100       0.02427      49.24654      -0.00379      49.26169      -0.00379       0.00000       0.00000
    0.5594       0.00100       0.02427      49.24654      -0.00379      49.26169      -0.00379       0.00000       0.00000
    0.5600       0.00100       0.02427      49.24654      -0.00379      49.26169      -0.00379       0.00000       0.00000
    0.5606       0.00100       0.02427      49.24654      -0.00379      49.26169      -0.00379       0.00000       0.00000
    0.5612       0.00100       0.02427      49.24654      -0.00379      49.26169      -0.00379       0.00000       0.00000
    0.5619       0.00100       0.02427      49.24654      -0.00379      49.26169      -0.00379       0.00000       0.00000
    0.5625       0.00100       0.02427      49.24654      -0.00379      49.26169      -0.00379       0.00000       0.00000
    0.5631       0.00100       0.02427      49.24654      -0.00379      49.26169      -0.00379       0.00000       0.00000
    0.5637       0.00100       0.02427      49.24654      -0.00379      49.26169      -0.00379       0.00000       0.00000
    0.5644       0.00100       0.02427      49.24654      -0.00379      49.26169      -0.00379       0.00000       0.00000
    0.5650       0.00100       0.02427      49.24654      -0.00379      49.26169      -0.00379       0.00000       0.00000
    0.5656       0.00100       0.02427      49.24654      -0.00379      49.26169      -0.00379       0.00000       0.00000
    0.5662       0.00100       0.02427      49.24654      -0.00379      49.26169      -0.00379       0.00000       0.00000
    0.5669       0.00100       0.02427      49.24654      -0.00379      49.26169      -0.00379       0.00000       0.00000
    0.5675       0.00100       0.02427      49.24654      -0.00379      49.26169      -0.00379       0.00000       0.00000
    0.5681       0.00100       0.02427      49.24654      -0.00379      49.26169      -0.00379       0.00000       0.00000
    0.5687       0.00100       0.02427      49.24654      -0.00379      49.26169      -0.00379       0.00000       0.00000
    0.5694       0.00100       0.02427      49.24654      -0.00379      49.26169      -0.00379       0.00000       0.00000
    0.5700       0.00100       0.02427      49.24654      -0.00379      49.26169      -0.00379       0.00000       0.00000
    0.5706       0.00100       0.02427      49.24654      -0.00379      49.26169      -0.00379       0.00000       0.00000
    0.5712       0.00100       0.02427      49.24654      -0.00379      49.26169      -0.00379       0.00000       0.00000
    0.5719       0.00100       0.02427      49.24654      -0.00379      49.26169      -0.00379       0.00000       0.00000
    0.5725       0.00100       0.02427      49.24654      -0.00379      49.26169      -0.00379       0.00000       0.00000
    0.5731       0.00100       0.02427      49.24654      -0.00379      49.26169      -0.00379       0.00000       0.00000
    0.5737       0.00100       0.02427      49.24654      -0.00379      49.26169      -0.00379       0.00000       0.00000
    0.5744       0.00100       0.02427      49.24654      -0.00379      49.26169      -0.00379       0.00000       0.00000
    0.5750       0.00100       0.02427      49.24654      -0.00379      49.26169      -0.00379       0.00000       0.00000
    0.5756       0.00100       0.02427      49.24654      -0.00379      49.26169      -0.00379       0.00000       0.00000
    0.5762       0.00100       0.02427      49.24654      -0.00379      49.26169      -0.00379       0.00000       0.00000
    0.5769       0.00100       0.02427      49.24654      -0.00379      49.26169      -0.00379       0.00000       0.00000
    0.5775       0.00100       0.02427      49.24654      -0.00379      49.26169      -0.00379       0.00000       0.00000
    0.5781       0.00100       0.02427      49.24654      -0.00379      49.26169      -0.00379       0.00000       0.00000
    0.5787       0.00100       0.02427      49.24654      -0.00379      49.26169      -0.00379       0.00000       0.00000
    0.5794       0.00100       0.02427      49.24654      -0.00379      49.26169      -0.00379       0.00000       0.00000
    0.5800       0.00100       0.02427      49.24654      -0.00379      49.26169      -0.00379       0.00000       0.00000
    0.5806       0.00100       0.02427      49.24654      -0.00379      49.26169      -0.00379       0.00000       0.00000
    0.5812       0.00100       0.02427      49.24654      -0.00379      49.26169      -0.00379       0.00000       0.00000
    0.5819       0.00100       0.02427      49.24654      -0.00379      49.26169      -0.00379       0.00000       0.00000
    0.5825       0.00100       0.02427      49.24654      -0.00379      49.26169      -0.00379       0.00000       0.00000
    0.5831       0.00100       0.02427      49.24654      -0.00379      49.26169      -0.00379       0.00000       0.00000
    0.5837       0.00100       0.02427      49.24654      -0.00379      49.26169      -0.00379       0.00000       0.00000
    0.5844       0.00100       0.02427      49.24654      -0.00379      49.26169      -0.00379       0.00000       0.00000
    0.5850       0.00100       0.02427      49.24654      -0.00379      49.26169      -0.00379       0.00000       0.00000
    0.5856       0.00100       0.02427      49.24654      -0.00379      49.26169      -0.00379       0.00000       0.00000
    0.5862       0.00100       0.02427      49.24654      -0.00379      49.26169      -0.00379       0.00000       0.00000
    0.5869       0.00100       0.02427      49.24654      -0.00379      49.26169      -0.00379       0.00000       0.00000
    0.5875       0.00100       0.02427      49.24654      -0.00379      49.26169      -0.00379       0.00000       0.00000
    0.5881       0.00100       0.02427      49.24654      -0.00379      49.26169      -0.00379       0.00000       0.00000
    0.5887       0.00100       0.02427      49.24654      -0.00379      49.26169      -0.00379       0.00000       0.00000
    0.5894       0.00100       0.02427      49.24654      -0.00379      49.26169      -0.00379       0.00000       0.00000
    0.5900       0.00100       0.02427      49.24654      -0.00379      49.26169      -0.00379       0.00000       0.00000
    0.5906       0.00100       0.02427      49.24654      -0.00379      49.26169      -0.00379       0.00000       0.00000
    0.5912       0.00100       0.02427      49.24654      -0.00379      49.26169      -0.00379       0.00000       0.00000
    0.5919       0.00100       0.02427      49.24654      -0.00379      49.26169      -0.00379       0.00000       0.00000
    0.5925       0.00100       0.02427      49.24654      -0.00379      49.26169      -0.00379       0.00000       0.00000
    0.5931       0.00100       0.02427      49.24654      -0.00379      49.26169      -0.00379       0.00000       0.00000
    0.5937       0.00100       0.02427      49.24654      -0.00379      49.26169      -0.00379       0.00000       0.00000
    0.5944       0.00100       0.02427      49.24654      -0.00379      49.26169      -0.00379       0.00000       0.00000
    0.5950       0.00100       0.02427      49.24654      -0.00379      49.26169      -0.00379       0.00000       0.00000
    0.5956       0.00100       0.02427      49.24654      -0.00379      49.26169      -0.00379       0.00000       0.00000
    0.5962       0.00100       0.02427      49.24654      -0.00379      49.26169      -0.00379       0.00000       0.00000
    0.5969       0.00100       0.02427      49.24654      -0.00379      49.26169      -0.00379       0.00000       0.00000
    0.5975       0.00100       0.02427      49.24654      -0.00379      49.26169      -0.00379       0.00000       0.00000
    0.5981       0.00100       0.02427      49.24654      -0.00379      49.26169      -0.00379       0.00000       0.00000
    0.5987       0.00100       0.02427      49.24654      -0.00379      49.26169      -0.00379       0.00000       0.00000
    0.5994       0.00100       0.02427      49.24654      -0.00379      49.26169      -0.00379       0.00000       0.00000
    0.6000       0.00100       0.02427      49.24654      -0.00379      49.26169      -0.00379       0.00000       0.00000
    0.6006       0.00100       0.02427      49.24654      -0.00379      49.26169      -0.00379       0.00000       0.00000
    0.6012       0.00100       0.02427      49.24654      -0.00379      49.26169      -0.00379       0.00000       0.00000
    0.6019       0.00100       0.02427      49.24654      -0.00379      49.26169      -0.00379       0.00000       0.00000
    0.6025       0.00100       0.02427      49.24654      -0.00379      49.26169      -0.00379       0.00000       0.00000
    0.6031       0.00100       0.02427      49.24654      -0.00379      49.26169      -0.00379       0.00000       0.00000
    0.6037       0.00100       0.02427      49.24654      -0.00379      49.26169      -0.00379       0.00000       0.00000
    0.6044       0.00100       0.02427      49.24654      -0.00379      49.26169      -0.00379       0.00000       0.00000
    0.6050       0.00100       0.02427      49.24654      -0.00379      49.26169      -0.00379       0.00000       0.00000
    0.6056       0.00100       0.02427      49.24654      -0.00379      49.26169      -0.00379       0.00000       0.00000
    0.6062       0.00100       0.02427      49.24654      -0.00379      49.26169      -0.00379       0.00000       0.00000
    0.6069       0.00100       0.02427      49.24654      -0.00379      49.26169      -0.00379       0.00000       0.00000
    0.6075       0.00100       0.02427      49.24654      -0.00379      49.26169      -0.00379       0.00000       0.00000
    0.6081       0.00100       0.02427      49.24654      -0.00379      49.26169      -0.00379       0.00000       0.00000
    0.6087       0.00100       0.02427      49.24654      -0.00379      49.26169      -0.00379       0.00000       0.00000
    0.6094       0.00100       0.02427      49.24654      -0.00379      49.26169      -0.00379       0.00000       0.00000
    0.6100       0.00100       0.02427      49.24654      -0.00379      49.26169      -0.00379       0.00000       0.00000
    0.6106       0.00100       0.02427      49.24654      -0.00379      49.26169      -0.00379       0.00000       0.00000
    0.6112       0.00100       0.02427      49.24654      -0.00379      49.26169      -0.00379       0.00000       0.00000
    0.6119       0.00100       0.02427      49.24654      -0.00379      49.26169      -0.00379       0.00000       0.00000
    0.6125       0.00100       0.02427      49.24654      -0.00379      49.26169      -0.00379       0.00000       0.00000
    0.6131       0.00100       0.02427      49.24654      -0.00379      49.26169      -0.00379       0.00000       0.00000
    0.6137       0.00100       0.02427      49.24654      -0.00379      49.26169      -0.00379       0.00000       0.00000
    0.6144       0.00100       0.02427      49.24654      -0.00379      49.26169      -0.00379       0.00000       0.00000
    0.6150       0.00100       0.02427      49.24654      -0.00379      49.26169      -0.00379       0.00000       0.00000
    0.6156       0.00100       0.02427      49.24654      -0.00379      49.26169      -0.00379       0.00000       0.00000
    0.6162       0.00100       0.02427      49.24654      -0.00379      49.26169      -0.00379       0.00000       0.00000
    0.6169       0.00100       0.02427      49.24654      -0.00379      49.26169      -0.00379       0.00000       0.00000
    0.6175       0.00100       0.02427      49.24654      -0.00379      49.26169      -0.00379       0.00000       0.00000
    0.6181       0.00100       0.02427      49.24654      -0.00379      49.26169      -0.00379       0.00000       0.00000
    0.6187       0.00100       0.02427      49.24654      -0.00379      49.26169      -0.00379       0.00000       0.00000
    0.6194       0.00100       0.02427      49.24654      -0.00379      49.26169      -0.00379       0.00000       0.00000
    0.6200       0.00100       0.02427      49.24654      -0.00379      49.26169      -0.00379       0.00000       0.00000
    0.6206       0.00100       0.02427      49.24654      -0.00379      49.26169      -0.00379       0.00000       0.00000
    0.6212       0.00100       0.02427      49.24654      -0.00379      49.26169      -0.00379       0.00000       0.00000
    0.6219       0.00100       0.02427      49.24654      -0.00379      49.26169      -0.00379       0.00000       0.00000
    0.6225       0.00100       0.02427      49.24654      -0.00379      49.26169      -0.00379       0.00000       0.00000
    0.6231       0.00100       0.02427      49.24654      -0.00379      49.26169      -0.00379       0.00000       0.00000
    0.6237       0.00100       0.02427      49.24654      -0.00379      49.26169      -0.00379       0.00000       0.00000
    0.6244       0.00100       0.02427      49.24654      -0.00379      49.26169      -0.00379       0.00000       0.00000
    0.6250       0.00100       0.02427      49.24654      -0.00379      49.26169      -0.00379       0.00000       0.00000
    0.6256       0.00100       0.02427      49.24654      -0.00379      49.26169      -0.00379       0.00000       0.00000
    0.6262       0.00100       0.02427      49.24654      -0.00379      49.26169      -0.00379       0.00000       0.00000
    0.6269       0.00100       0.02427      49.24654      -0.00379      49.26169      -0.00379       0.00000       0.00000
    0.6275       0.00100       0.02427      49.24654      -0.00379      49.26169      -0.00379       0.00000       0.00000
    0.6281       0.00100       0.02427      49.24654      -0.00379      49.26169      -0.00379       0.00000       0.00000
    0.6287       0.00100       0.02427      49.24654      -0.00379      49.26169      -0.00379       0.00000       0.00000
    0.6294       0.00100       0.02427      49.24654      -0.00379      49.26169      -0.00379       0.00000       0.00000
    0.6300       0.00100       0.02427      49.24654      -0.00379      49.26169      -0.00379       0.00000       0.00000
    0.6306       0.00100       0.02427      49.24654      -0.00379      49.26169      -0.00379       0.00000       0.00000
    0.6312       0.00100       0.02427      49.24654      -0.00379      49.26169      -0.00379       0.00000       0.00000
    0.6319       0.00100       0.02427      49.24654      -0.00379      49.26169      -0.00379       0.00000       0.00000
    0.6325       0.00100       0.02427      49.24654      -0.00379      49.26169      -0.00379       0.00000       0.00000
    0.6331       0.00100       0.02427      49.24654      -0.00379      49.26169      -0.00379       0.00000       0.00000
    0.6337       0.00100       0.02427      49.24654      -0.00379      49.26169      -0.00379       0.00000       0.00000
    0.6344       0.00100       0.02427      49.24654      -0.00379      49.26169      -0.00379       0.00000       0.00000
    0.6350       0.00100       0.02427      49.24654      -0.00379      49.26169      -0.00379       0.00000       0.00000
    0.6356       0.00100       0.02427      49.24654      -0.00379      49.26169      -0.00379       0.00000       0.00000
    0.6362       0.00100       0.02427      49.24654      -0.00379      49.26169      -0.00379       0.00000       0.00000
    0.6369       0.00100       0.02427      49.24654      -0.00379      49.26169      -0.00379       0.00000       0.00000
    0.6375       0.00100       0.02427      49.24654      -0.00379      49.26169      -0.00379       0.00000       0.00000
    0.6381       0.00100       0.02427      49.24654      -0.00379      49.26169      -0.00379       0.00000       0.00000
    0.6387       0.00100       0.02427      49.24654      -0.00379      49.26169      -0.00379       0.00000       0.00000
    0.6394       0.00100       0.02427      49.24654      -0.00379      49.26169      -0.00379       0.00000       0.00000
    0.6400       0.00100       0.02427      49.24654      -0.00379      49.26169      -0.00379       0.00000       0.00000
    0.6406       0.00100       0.02427      49.24654      -0.00379      49.26169      -0.00379       0.00000       0.00000
    0.6412       0.00100       0.02427      49.24654      -0.00379      49.26169      -0.00379       0.00000       0.00000
    0.6419       0.00100       0.02427      49.24654      -0.00379      49.26169      -0.00379       0.00000       0.00000
    0.6425       0.00100       0.02427      49.24654      -0.00379      49.26169      -0.00379       0.00000       0.00000
    0.6431       0.00100       0.02427      49.24654      -0.00379      49.26169      -0.00379       0.00000       0.00000
    0.6437       0.00100       0.02427      49.24654      -0.00379      49.26169      -0.00379       0.00000       0.00000
    0.6444       0.00100       0.02427      49.24654      -0.00379      49.26169      -0.00379       0.00000       0.00000
    0.6450       0.00100       0.02427      49.24654      -0.00379      49.26169      -0.00379       0.00000       0.00000
    0.6456       0.00100       0.02427      49.24654      -0.00379      49.26169      -0.00379       0.00000       0.00000
    0.6462       0.00100       0.02427      49.24654      -0.00379      49.26169      -0.00379       0.00000       0.00000
    0.6469       0.00100       0.02427      49.24654      -0.00379      49.26169      -0.00379       0.00000       0.00000
    0.6475       0.00100       0.02427      49.24654      -0.00379      49.26169      -0.00379       0.00000       0.00000
    0.6481       0.00100       0.02427      49.24654      -0.00379      49.26169      -0.00379       0.00000       0.00000
    0.6487       0.00100       0.02427      49.24654      -0.00379      49.26169      -0.00379       0.00000       0.00000
    0.6494       0.00100       0.02427      49.24654      -0.00379      49.26169      -0.00379       0.00000       0.00000
    0.6500       0.00100       0.02427      49.24654      -0.00379      49.26169      -0.00379       0.00000       0.00000
    0.6506       0.00100       0.02427      49.24654      -0.00379      49.26169      -0.00379       0.00000       0.00000
    0.6512       0.00100       0.02427      49.24654      -0.00379      49.26169      -0.00379       0.00000       0.00000
    0.6519       0.00100       0.02427      49.24654      -0.00379      49.26169      -0.00379       0.00000       0.00000
    0.6525       0.00100       0.02427      49.24654      -0.00379      49.26169      -0.00379       0.00000       0.00000
    0.6531       0.00100       0.02427      49.24654      -0.00379      49.26169      -0.00379       0.00000       0.00000
    0.6537       0.00100       0.02427      49.24654      -0.00379      49.26169      -0.00379       0.00000       0.00000
    0.6544       0.00100       0.02427      49.24654      -0.00379      49.26169      -0.00379       0.00000       0.00000
    0.6550       0.00100       0.02427      49.24654      -0.00379      49.26169      -0.00379       0.00000       0.00000
    0.6556       0.00100       0.02427      49.24654      -0.00379      49.26169      -0.00379       0.00000       0.00000
    0.6562       0.00100       0.02427      49.24654      -0.00379      49.26169      -0.00379       0.00000       0.00000
    0.6569       0.00100       0.02427      49.24654      -0.00379      49.26169      -0.00379       0.00000       0.00000
    0.6575       0.00100       0.02427      49.24654      -0.00379      49.26169      -0.00379       0.00000       0.00000
    0.6581       0.00100       0.02427      49.24654      -0.00379      49.26169      -0.00379       0.00000       0.00000
    0.6587       0.00100       0.02427      49.24654      -0.00379      49.26169      -0.00379       0.00000       0.00000
    0.6594       0.00100       0.02427      49.24654      -0.00379      49.26169      -0.00379       0.00000       0.00000
    0.6600       0.00100       0.02427      49.24654      -0.00379      49.26169      -0.00379       0.00000       0.00000
    0.6606       0.00100       0.02427      49.24654      -0.00379      49.26169      -0.00379       0.00000       0.00000
    0.6612       0.00100       0.02427      49.24654      -0.00379      49.26169      -0.00379       0.00000       0.00000
    0.6619       0.00100       0.02427      49.24654      -0.00379      49.26169      -0.00379       0.00000       0.00000
    0.6625       0.00100       0.02427      49.24654      -0.00379      49.26169      -0.00379       0.00000       0.00000
    0.6631       0.00100       0.02427      49.24654      -0.00379      49.26169      -0.00379       0.00000       0.00000
    0.6637       0.00100       0.02427      49.24654      -0.00379      49.26169      -0.00379       0.00000       0.00000
    0.6644       0.00100       0.02427      49.24654      -0.00379      49.26169      -0.00379       0.00000       0.00000
    0.6650       0.00100       0.02427      49.24654      -0.00379      49.26169      -0.00379       0.00000       0.00000
    0.6656       0.00100       0.02427      49.24654      -0.00379      49.26169      -0.00379       0.00000       0.00000
    0.6662       0.00100       0.02427      49.24654      -0.00379      49.26169      -0.00379       0.00000       0.00000
    0.6669       0.00100       0.02427      49.24654      -0.00379      49.26169      -0.00379       0.00000       0.00000
    0.6675       0.00100       0.02427      49.24654      -0.00379      49.26169      -0.00379       0.00000       0.00000
    0.6681       0.00100       0.02427      49.24654      -0.00379      49.26169      -0.00379       0.00000       0.00000
    0.6687       0.00100       0.02427      49.24654      -0.00379      49.26169      -0.00379       0.00000       0.00000
    0.6694       0.00100       0.02427      49.24654      -0.00379      49.26169      -0.00379       0.00000       0.00000
    0.6700       0.00100       0.02427      49.24654      -0.00379      49.26169      -0.00379       0.00000       0.00000
    0.6706       0.00100       0.02427      49.24654      -0.00379      49.26169      -0.00379       0.00000       0.00000
    0.6712       0.00100       0.02427      49.24654      -0.00379      49.26169      -0.00379       0.00000       0.00000
    0.6719       0.00100       0.02427      49.24654      -0.00379      49.26169      -0.00379       0.00000       0.00000
    0.6725       0.00100       0.02427      49.24654      -0.00379      49.26169      -0.00379       0.00000       0.00000
    0.6731       0.00100       0.02427      49.24654      -0.00379      49.26169      -0.00379       0.00000       0.00000
    0.6737       0.00100       0.02427      49.24654      -0.00379      49.26169      -0.00379       0.00000       0.00000
    0.6744       0.00100       0.02427      49.24654      -0.00379      49.26169      -0.00379       0.00000       0.00000
    0.6750       0.00100       0.02427      49.24654      -0.00379      49.26169      -0.00379       0.00000       0.00000
    0.6756       0.00100       0.02427      49.24654      -0.00379      49.26169      -0.00379       0.00000       0.00000
    0.6762       0.00100       0.02427      49.24654      -0.00379      49.26169      -0.00379       0.00000       0.00000
    0.6769       0.00100       0.02427      49.24654      -0.00379      49.26169      -0.00379       0.00000       0.00000
    0.6775       0.00100       0.02427      49.24654      -0.00379      49.26169      -0.00379       0.00000       0.00000
    0.6781       0.00100       0.02427      49.24654      -0.00379      49.26169      -0.00379       0.00000       0.00000
    0.6787       0.00100       0.02427      49.24654      -0.00379      49.26169      -0.00379       0.00000       0.00000
    0.6794       0.00100       0.02427      49.24654      -0.00379      49.26169      -0.00379       0.00000       0.00000
    0.6800       0.00100       0.02427      49.24654      -0.00379      49.26169      -0.00379       0.00000       0.00000
    0.6806       0.00100       0.02427      49.24654      -0.00379      49.26169      -0.00379       0.00000       0.00000
    0.6812       0.00100       0.02427      49.24654      -0.00379      49.26169      -0.00379       0.00000       0.00000
    0.6819       0.00100       0.02427      49.24654      -0.00379      49.26169      -0.00379       0.00000       0.00000
    0.6825       0.00100       0.02427      49.24654      -0.00379      49.26169      -0.00379       0.00000       0.00000
    0.6831       0.00100       0.02427      49.24654      -0.00379      49.26169      -0.00379       0.00000       0.00000
    0.6837       0.00100       0.02427      49.24654      -0.00379      49.26169      -0.00379       0.00000       0.00000
    0.6844       0.00100       0.02427      49.24654      -0.00379      49.26169      -0.00379       0.00000       0.00000
    0.6850       0.00100       0.02427      49.24654      -0.00379      49.26169      -0.00379       0.00000       0.00000
    0.6856       0.00100       0.02427      49.24654      -0.00379      49.26169      -0.00379       0.00000       0.00000
    0.6862       0.00100       0.02427      49.24654      -0.00379      49.26169      -0.00379       0.00000       0.00000
    0.6869       0.00100       0.02427      49.24654      -0.00379      49.26169      -0.00379       0.00000       0.00000
    0.6875       0.00100       0.02427      49.24654      -0.00379      49.26169      -0.00379       0.00000       0.00000
    0.6881       0.00100       0.02427      49.24654      -0.00379      49.26169      -0.00379       0.00000       0.00000
    0.6887       0.00100       0.02427      49.24654      -0.00379      49.26169      -0.00379       0.00000       0.00000
    0.6894       0.00100       0.02427      49.24654      -0.00379      49.26169      -0.00379       0.00000       0.00000
    0.6900       0.00100       0.02427      49.24654      -0.00379      49.26169      -0.00379       0.00000       0.00000
    0.6906       0.00100       0.02427      49.24654      -0.00379      49.26169      -0.00379       0.00000       0.00000
    0.6912       0.00100       0.02427      49.24654      -0.00379      49.26169      -0.00379       0.00000       0.00000
    0.6919       0.00100       0.02427      49.24654      -0.00379      49.26169      -0.00379       0.00000       0.00000
    0.6925       0.00100       0.02427      49.24654      -0.00379      49.26169      -0.00379       0.00000       0.00000
    0.6931       0.00100       0.02427      49.24654      -0.00379      49.26169      -0.00379       0.00000       0.00000
    0.6937       0.00100       0.02427      49.24654      -0.00379      49.26169      -0.00379       0.00000       0.00000
    0.6944       0.00100       0.02427      49.24654      -0.00379      49.26169      -0.00379       0.00000       0.00000
    0.6950       0.00100       0.02427      49.24654      -0.00379      49.26169      -0.00379       0.00000       0.00000
    0.6956       0.00100       0.02427      49.24654      -0.00379      49.26169      -0.00379       0.00000       0.00000
    0.6962       0.00100       0.02427      49.24654      -0.00379      49.26169      -0.00379       0.00000       0.00000
    0.6969       0.00100       0.02427      49.24654      -0.00379      49.26169      -0.00379       0.00000       0.00000
    0.6975       0.00100       0.02427      49.24654      -0.00379      49.26169      -0.00379       0.00000       0.00000
    0.6981       0.00100       0.02427      49.24654      -0.00379      49.26169      -0.00379       0.00000       0.00000
    0.6987       0.00100       0.02427      49.24654      -0.00379      49.26169      -0.00379       0.00000       0.00000
    0.6994       0.00100       0.02427      49.24654      -0.00379      49.26169      -0.00379       0.00000       0.00000
    0.7000       0.00100       0.02427      49.24654      -0.00379      49.26169      -0.00379       0.00000       0.00000
    0.7006       0.00100       0.02427      49.24654      -0.00379      49.26169      -0.00379       0.00000       0.00000
    0.7012       0.00100       0.02427      49.24654      -0.00379      49.26169      -0.00379       0.00000       0.00000
    0.7019       0.00100       0.02427      49.24654      -0.00379      49.26169      -0.00379       0.00000       0.00000
    0.7025       0.00100       0.02427      49.24654      -0.00379      49.26169      -0.00379       0.00000       0.00000
    0.7031       0.00100       0.02427      49.24654      -0.00379      49.26169      -0.00379       0.00000       0.00000
    0.7037       0.00100       0.02427      49.24654      -0.00379      49.26169      -0.00379       0.00000       0.00000
    0.7044       0.00100       0.02427      49.24654      -0.00379      49.26169      -0.00379       0.00000       0.00000
    0.7050       0.00100       0.02427      49.24654      -0.00379      49.26169      -0.00379       0.00000       0.00000
    0.7056       0.00100       0.02427      49.24654      -0.00379      49.26169      -0.00379       0.00000       0.00000
    0.7062       0.00100       0.02427      49.24654      -0.00379      49.26169      -0.00379       0.00000       0.00000
    0.7069       0.00100       0.02427      49.24654      -0.00379      49.26169      -0.00379       0.00000       0.00000
    0.7075       0.00100       0.02427      49.24654      -0.00379      49.26169      -0.00379       0.00000       0.00000
    0.7081       0.00100       0.02427      49.24654      -0.00379      49.26169      -0.00379       0.00000       0.00000
    0.7087       0.00100       0.02427      49.24654      -0.00379      49.26169      -0.00379       0.00000       0.00000
    0.7094       0.00100       0.02427      49.24654      -0.00379      49.26169      -0.00379       0.00000       0.00000
    0.7100       0.00100       0.02427      49.24654      -0.00379      49.26169      -0.00379       0.00000       0.00000
    0.7106       0.00100       0.02427      49.24654      -0.00379      49.26169      -0.00379       0.00000       0.00000
    0.7112       0.00100       0.02427      49.24654      -0.00379      49.26169      -0.00379       0.00000       0.00000
    0.7119       0.00100       0.02427      49.24654      -0.00379      49.26169      -0.00379       0.00000       0.00000
    0.7125       0.00100       0.02427      49.24654      -0.00379      49.26169      -0.00379       0.00000       0.00000
    0.7131       0.00100       0.02427      49.24654      -0.00379      49.26169      -0.00379       0.00000       0.00000
    0.7137       0.00100       0.02427      49.24654      -0.00379      49.26169      -0.00379       0.00000       0.00000
    0.7144       0.00100       0.02427      49.24654      -0.00379      49.26169      -0.00379       0.00000       0.00000
    0.7150       0.00100       0.02427      49.24654      -0.00379      49.26169      -0.00379       0.00000       0.00000
    0.7156       0.00100       0.02427      49.24654      -0.00379      49.26169      -0.00379       0.00000       0.00000
    0.7162       0.00100       0.02427      49.24654      -0.00379      49.26169      -0.00379       0.00000       0.00000
    0.7169       0.00100       0.02427      49.24654      -0.00379      49.26169      -0.00379       0.00000       0.00000
    0.7175       0.00100       0.02427      49.24654      -0.00379      49.26169      -0.00379       0.00000       0.00000
    0.7181       0.00100       0.02427      49.24654      -0.00379      49.26169      -0.00379       0.00000       0.00000
    0.7187       0.00100       0.02427      49.24654      -0.00379      49.26169      -0.00379       0.00000       0.00000
    0.7194       0.00100       0.02427      49.24654      -0.00379      49.26169      -0.00379       0.00000       0.00000
    0.7200       0.00100       0.02427      49.24654      -0.00379      49.26169      -0.00379       0.00000       0.00000
    0.7206       0.00100       0.02427      49.24654      -0.00379      49.26169      -0.00379       0.00000       0.00000
    0.7212       0.00100       0.02427      49.24654      -0.00379      49.26169      -0.00379       0.00000       0.00000
    0.7219       0.00100       0.02427      49.24654      -0.00379      49.26169      -0.00379       0.00000       0.00000
    0.7225       0.00100       0.02427      49.24654      -0.00379      49.26169      -0.00379       0.00000       0.00000
    0.7231       0.00100       0.02427      49.24654      -0.00379      49.26169      -0.00379       0.00000       0.00000
    0.7237       0.00100       0.02427      49.24654      -0.00379      49.26169      -0.00379       0.00000       0.00000
    0.7244       0.00100       0.02427      49.24654      -0.00379      49.26169      -0.00379       0.00000       0.00000
    0.7250       0.00100       0.02427      49.24654      -0.00379      49.26169      -0.00379       0.00000       0.00000
    0.7256       0.00100       0.02427      49.24654      -0.00379      49.26169      -0.00379       0.00000       0.00000
    0.7262       0.00100       0.02427      49.24654      -0.00379      49.26169      -0.00379       0.00000       0.00000
    0.7269       0.00100       0.02427      49.24654      -0.00379      49.26169      -0.00379       0.00000       0.00000
    0.7275       0.00100       0.02427      49.24654      -0.00379      49.26169      -0.00379       0.00000       0.00000
    0.7281       0.00100       0.02427      49.24654      -0.00379      49.26169      -0.00379       0.00000       0.00000
    0.7287       0.00100       0.02427      49.24654      -0.00379      49.26169      -0.00379       0.00000       0.00000
    0.7294       0.00100       0.02427      49.24654      -0.00379      49.26169      -0.00379       0.00000       0.00000
    0.7300       0.00100       0.02427      49.24654      -0.00379      49.26169      -0.00379       0.00000       0.00000
    0.7306       0.00100       0.02427      49.24654      -0.00379      49.26169      -0.00379       0.00000       0.00000
    0.7312       0.00100       0.02427      49.24654      -0.00379      49.26169      -0.00379       0.00000       0.00000
    0.7319       0.00100       0.02427      49.24654      -0.00379      49.26169      -0.00379       0.00000       0.00000
    0.7325       0.00100       0.02427      49.24654      -0.00379      49.26169      -0.00379       0.00000       0.00000
    0.7331       0.00100       0.02427      49.24654      -0.00379      49.26169      -0.00379       0.00000       0.00000
    0.7337       0.00100       0.02427      49.24654      -0.00379      49.26169      -0.00379       0.00000       0.00000
    0.7344       0.00100       0.02427      49.24654      -0.00379      49.26169      -0.00379       0.00000       0.00000
    0.7350       0.00100       0.02427      49.24654      -0.00379      49.26169      -0.00379       0.00000       0.00000
    0.7356       0.00100       0.02427      49.24654      -0.00379      49.26169      -0.00379       0.00000       0.00000
    0.7362       0.00100       0.02427      49.24654      -0.00379      49.26169      -0.00379       0.00000       0.00000
    0.7369       0.00100       0.02427      49.24654      -0.00379      49.26169      -0.00379       0.00000       0.00000
    0.7375       0.00100       0.02427      49.24654      -0.00379      49.26169      -0.00379       0.00000       0.00000
    0.7381       0.00100       0.02427      49.24654      -0.00379      49.26169      -0.00379       0.00000       0.00000
    0.7387       0.00100       0.02427      49.24654      -0.00379      49.26169      -0.00379       0.00000       0.00000
    0.7394       0.00100       0.02427      49.24654      -0.00379      49.26169      -0.00379       0.00000       0.00000
    0.7400       0.00100       0.02427      49.24654      -0.00379      49.26169      -0.00379       0.00000       0.00000
    0.7406       0.00100       0.02427      49.24654      -0.00379      49.26169      -0.00379       0.00000       0.00000
    0.7412       0.00100       0.02427      49.24654      -0.00379      49.26169      -0.00379       0.00000       0.00000
    0.7419       0.00100       0.02427      49.24654      -0.00379      49.26169      -0.00379       0.00000       0.00000
    0.7425       0.00100       0.02427      49.24654      -0.00379      49.26169      -0.00379       0.00000       0.00000
    0.7431       0.00100       0.02427      49.24654      -0.00379      49.26169      -0.00379       0.00000       0.00000
    0.7437       0.00100       0.02427      49.24654      -0.00379      49.26169      -0.00379       0.00000       0.00000
    0.7444       0.00100       0.02427      49.24654      -0.00379      49.26169      -0.00379       0.00000       0.00000
    0.7450       0.00100       0.02427      49.24654      -0.00379      49.26169      -0.00379       0.00000       0.00000
    0.7456       0.00100       0.02427      49.24654      -0.00379      49.26169      -0.00379       0.00000       0.00000
    0.7462       0.00100       0.02427      49.24654      -0.00379      49.26169      -0.00379       0.00000       0.00000
    0.7469       0.00100       0.02427      49.24654      -0.00379      49.26169      -0.00379       0.00000       0.00000
    0.7475       0.00100       0.02427      49.24654      -0.00379      49.26169      -0.00379       0.00000       0.00000
    0.7481       0.00100       0.02427      49.24654      -0.00379      49.26169      -0.00379       0.00000       0.00000
    0.7487       0.00100       0.02427      49.24654      -0.00379      49.26169      -0.00379       0.00000       0.00000
    0.7494       0.00100       0.02427      49.24654      -0.00379      49.26169      -0.00379       0.00000       0.00000
    0.7500       0.00100       0.02427      49.24654      -0.00379      49.26169      -0.00379       0.00000       0.00000
    0.7506       0.00100       0.02427      49.24654      -0.00379      49.26169      -0.00379       0.00000       0.00000
    0.7512       0.00100       0.02427      49.24654      -0.00379      49.26169      -0.00379       0.00000       0.00000
    0.7519       0.00100       0.02427      49.24654      -0.00379      49.26169      -0.00379       0.00000       0.00000
    0.7525       0.00100       0.02427      49.24654      -0.00379      49.26169      -0.00379       0.00000       0.00000
    0.7531       0.00100       0.02427      49.24654      -0.00379      49.26169      -0.00379       0.00000       0.00000
    0.7537       0.00100       0.02427      49.24654      -0.00379      49.26169      -0.00379       0.00000       0.00000
    0.7544       0.00100       0.02427      49.24654      -0.00379      49.26169      -0.00379       0.00000       0.00000
    0.7550       0.00100       0.02427      49.24654      -0.00379      49.26169      -0.00379       0.00000       0.00000
    0.7556       0.00100       0.02427      49.24654      -0.00379      49.26169      -0.00379       0.00000       0.00000
    0.7562       0.00100       0.02427      49.24654      -0.00379      49.26169      -0.00379       0.00000       0.00000
    0.7569       0.00100       0.02427      49.24654      -0.00379      49.26169      -0.00379       0.00000       0.00000
    0.7575       0.00100       0.02427      49.24654      -0.00379      49.26169      -0.00379       0.00000       0.00000
    0.7581       0.00100       0.02427      49.24654      -0.00379      49.26169      -0.00379       0.00000       0.00000
    0.7587       0.00100       0.02427      49.24654      -0.00379      49.26169      -0.00379       0.00000       0.00000
    0.7594       0.00100       0.02427      49.24654      -0.00379      49.26169      -0.00379       0.00000       0.00000
    0.7600       0.00100       0.02427      49.24654      -0.00379      49.26169      -0.00379       0.00000       0.00000
    0.7606       0.00100       0.02427      49.24654      -0.00379      49.26169      -0.00379       0.00000       0.00000
    0.7612       0.00100       0.02427      49.24654      -0.00379      49.26169      -0.00379       0.00000       0.00000
    0.7619       0.00100       0.02427      49.24654      -0.00379      49.26169      -0.00379       0.00000       0.00000
    0.7625       0.00100       0.02427      49.24654      -0.00379      49.26169      -0.00379       0.00000       0.00000
    0.7631       0.00100       0.02427      49.24654      -0.00379      49.26169      -0.00379       0.00000       0.00000
    0.7637       0.00100       0.02427      49.24654      -0.00379      49.26169      -0.00379       0.00000       0.00000
    0.7644       0.00100       0.02427      49.24654      -0.00379      49.26169      -0.00379       0.00000       0.00000
    0.7650       0.00100       0.02427      49.24654      -0.00379      49.26169      -0.00379       0.00000       0.00000
    0.7656       0.00100       0.02427      49.24654      -0.00379      49.26169      -0.00379       0.00000       0.00000
    0.7662       0.00100       0.02427      49.24654      -0.00379      49.26169      -0.00379       0.00000       0.00000
    0.7669       0.00100       0.02427      49.24654      -0.00379      49.26169      -0.00379       0.00000       0.00000
    0.7675       0.00100       0.02427      49.24654      -0.00379      49.26169      -0.00379       0.00000       0.00000
    0.7681       0.00100       0.02427      49.24654      -0.00379      49.26169      -0.00379       0.00000       0.00000
    0.7687       0.00100       0.02427      49.24654      -0.00379      49.26169      -0.00379       0.00000       0.00000
    0.7694       0.00100       0.02427      49.24654      -0.00379      49.26169      -0.00379       0.00000       0.00000
    0.7700       0.00100       0.02427      49.24654      -0.00379      49.26169      -0.00379       0.00000       0.00000
    0.7706       0.00100       0.02427      49.24654      -0.00379      49.26169      -0.00379       0.00000       0.00000
    0.7712       0.00100       0.02427      49.24654      -0.00379      49.26169      -0.00379       0.00000       0.00000
    0.7719       0.00100       0.02427      49.24654      -0.00379      49.26169      -0.00379       0.00000       0.00000
    0.7725       0.00100       0.02427      49.24654      -0.00379      49.26169      -0.00379       0.00000       0.00000
    0.7731       0.00100       0.02427      49.24654      -0.00379      49.26169      -0.00379       0.00000       0.00000
    0.7737       0.00100       0.02427      49.24654      -0.00379      49.26169      -0.00379       0.00000       0.00000
    0.7744       0.00100       0.02427      49.24654      -0.00379      49.26169      -0.00379       0.00000       0.00000
    0.7750       0.00100       0.02427      49.24654      -0.00379      49.26169      -0.00379       0.00000       0.00000
    0.7756       0.00100       0.02427      49.24654      -0.00379      49.26169      -0.00379       0.00000       0.00000
    0.7762       0.00100       0.02427      49.24654      -0.00379      49.26169      -0.00379       0.00000       0.00000
    0.7769       0.00100       0.02427      49.24654      -0.00379      49.26169      -0.00379       0.00000       0.00000
    0.7775       0.00100       0.02427      49.24654      -0.00379      49.26169      -0.00379       0.00000       0.00000
    0.7781       0.00100       0.02427      49.24654      -0.00379      49.26169      -0.00379       0.00000       0.00000
    0.7787       0.00100       0.02427      49.24654      -0.00379      49.26169      -0.00379       0.00000       0.00000
    0.7794       0.00100       0.02427      49.24654      -0.00379      49.26169      -0.00379       0.00000       0.00000
    0.7800       0.00100       0.02427      49.24654      -0.00379      49.26169      -0.00379       0.00000       0.00000
    0.7806       0.00100       0.02427      49.24654      -0.00379      49.26169      -0.00379       0.00000       0.00000
    0.7812       0.00100       0.02427      49.24654      -0.00379      49.26169      -0.00379       0.00000       0.00000
    0.7819       0.00100       0.02427      49.24654      -0.00379      49.26169      -0.00379       0.00000       0.00000
    0.7825       0.00100       0.02427      49.24654      -0.00379      49.26169      -0.00379       0.00000       0.00000
    0.7831       0.00100       0.02427      49.24654      -0.00379      49.26169      -0.00379       0.00000       0.00000
    0.7837       0.00100       0.02427      49.24654      -0.00379      49.26169      -0.00379       0.00000       0.00000
    0.7844       0.00100       0.02427      49.24654      -0.00379      49.26169      -0.00379       0.00000       0.00000
    0.7850       0.00100       0.02427      49.24654      -0.00379      49.26169      -0.00379       0.00000       0.00000
    0.7856       0.00100       0.02427      49.24654      -0.00379      49.26169      -0.00379       0.00000       0.00000
    0.7862       0.00100       0.02427      49.24654      -0.00379      49.26169      -0.00379       0.00000       0.00000
    0.7869       0.00100       0.02427      49.24654      -0.00379      49.26169      -0.00379       0.00000       0.00000
    0.7875       0.00100       0.02427      49.24654      -0.00379      49.26169      -0.00379       0.00000       0.00000
    0.7881       0.00100       0.02427      49.24654      -0.00379      49.26169      -0.00379       0.00000       0.00000
    0.7887       0.00100       0.02427      49.24654      -0.00379      49.26169      -0.00379       0.00000       0.00000
    0.7894       0.00100       0.02427      49.24654      -0.00379      49.26169      -0.00379       0.00000       0.00000
    0.7900       0.00100       0.02427      49.24654      -0.00379      49.26169      -0.00379       0.00000       0.00000
    0.7906       0.00100       0.02427      49.24654      -0.00379      49.26169      -0.00379       0.00000       0.00000
    0.7912       0.00100       0.02427      49.24654      -0.00379      49.26169      -0.00379       0.00000       0.00000
    0.7919       0.00100       0.02427      49.24654      -0.00379      49.26169      -0.00379       0.00000       0.00000
    0.7925       0.00100       0.02427      49.24654      -0.00379      49.26169      -0.00379       0.00000       0.00000
    0.7931       0.00100       0.02427      49.24654      -0.00379      49.26169      -0.00379       0.00000       0.00000
    0.7937       0.00100       0.02427      49.24654      -0.00379      49.26169      -0.00379       0.00000       0.00000
    0.7944       0.00100       0.02427      49.24654      -0.00379      49.26169      -0.00379       0.00000       0.00000
    0.7950       0.00100       0.02427      49.24654      -0.00379      49.26169      -0.00379       0.00000       0.00000
    0.7956       0.00100       0.02427      49.24654      -0.00379      49.26169      -0.00379       0.00000       0.00000
    0.7962       0.00100       0.02427      49.24654      -0.00379      49.26169      -0.00379       0.00000       0.00000
    0.7969       0.00100       0.02427      49.24654      -0.00379      49.26169      -0.00379       0.00000       0.00000
    0.7975       0.00100       0.02427      49.24654      -0.00379      49.26169      -0.00379       0.00000       0.00000
    0.7981       0.00100       0.02427      49.24654      -0.00379      49.26169      -0.00379       0.00000       0.00000
    0.7987       0.00100       0.02427      49.24654      -0.00379      49.26169      -0.00379       0.00000       0.00000
    0.7994       0.00100       0.02427      49.24654      -0.00379      49.26169      -0.00379       0.00000       0.00000
    0.8000       0.00100       0.02427      49.24654      -0.00379      49.26169      -0.00379       0.00000       0.00000
    0.8006       0.00100       0.02427      49.24654      -0.00379      49.26169      -0.00379       0.00000       0.00000
    0.8012       0.00100       0.02427      49.24654      -0.00379      49.26169      -0.00379       0.00000       0.00000
    0.8019       0.00100       0.02427      49.24654      -0.00379      49.26169      -0.00379       0.00000       0.00000
    0.8025       0.00100       0.02427      49.24654      -0.00379      49.26169      -0.00379       0.00000       0.00000
    0.8031       0.00100       0.02427      49.24654      -0.00379      49.26169      -0.00379       0.00000       0.00000
    0.8037       0.00100       0.02427      49.24654      -0.00379      49.26169      -0.00379       0.00000       0.00000
    0.8044       0.00100       0.02427      49.24654      -0.00379      49.26169      -0.00379       0.00000       0.00000
    0.8050       0.00100       0.02427      49.24654      -0.00379      49.26169      -0.00379       0.00000       0.00000
    0.8056       0.00100       0.02427      49.24654      -0.00379      49.26169      -0.00379       0.00000       0.00000
    0.8062       0.00100       0.02427      49.24654      -0.00379      49.26169      -0.00379       0.00000       0.00000
    0.8069       0.00100       0.02427      49.24654      -0.00379      49.26169      -0.00379       0.00000       0.00000
    0.8075       0.00100       0.02427      49.24654      -0.00379      49.26169      -0.00379       0.00000       0.00000
    0.8081       0.00100       0.02427      49.24654      -0.00379      49.26169      -0.00379       0.00000       0.00000
    0.8087       0.00100       0.02427      49.24654      -0.00379      49.26169      -0.00379       0.00000       0.00000
    0.8094       0.00100       0.02427      49.24654      -0.00379      49.26169      -0.00379       0.00000       0.00000
    0.8100       0.00100       0.02427      49.24654      -0.00379      49.26169      -0.00379       0.00000       0.00000
    0.8106       0.00100       0.02427      49.24654      -0.00379      49.26169      -0.00379       0.00000       0.00000
    0.8112       0.00100       0.02427      49.24654      -0.00379      49.26169      -0.00379       0.00000       0.00000
    0.8119       0.00100       0.02427      49.24654      -0.00379      49.26169      -0.00379       0.00000       0.00000
    0.8125       0.00100       0.02427      49.24654      -0.00379      49.26169      -0.00379       0.00000       0.00000
    0.8131       0.00100       0.02427      49.24654      -0.00379      49.26169      -0.00379       0.00000       0.00000
    0.8137       0.00100       0.02427      49.24654      -0.00379      49.26169      -0.00379       0.00000       0.00000
    0.8144       0.00100       0.02427      49.24654      -0.00379      49.26169      -0.00379       0.00000       0.00000
    0.8150       0.00100       0.02427      49.24654      -0.00379      49.26169      -0.00379       0.00000       0.00000
    0.8156       0.00100       0.02427      49.24654      -0.00379      49.26169      -0.00379       0.00000       0.00000
    0.8162       0.00100       0.02427      49.24654      -0.00379      49.26169      -0.00379       0.00000       0.00000
    0.8169       0.00100       0.02427      49.24654      -0.00379      49.26169      -0.00379       0.00000       0.00000
    0.8175       0.00100       0.02427      49.24654      -0.00379      49.26169      -0.00379       0.00000       0.00000
    0.8181       0.00100       0.02427      49.24654      -0.00379      49.26169      -0.00379       0.00000       0.00000
    0.8187       0.00100       0.02427      49.24654      -0.00379      49.26169      -0.00379       0.00000       0.00000
    0.8194       0.00100       0.02427      49.24654      -0.00379      49.26169      -0.00379       0.00000       0.00000
    0.8200       0.00100       0.02427      49.24654      -0.00379      49.26169      -0.00379       0.00000       0.00000
    0.8206       0.00100       0.02427      49.24654      -0.00379      49.26169      -0.00379       0.00000       0.00000
    0.8212       0.00100       0.02427      49.24654      -0.00379      49.26169      -0.00379       0.00000       0.00000
    0.8219       0.00100       0.02427      49.24654      -0.00379      49.26169      -0.00379       0.00000       0.00000
    0.8225       0.00100       0.02427      49.24654      -0.00379      49.26169      -0.00379       0.00000       0.00000
    0.8231       0.00100       0.02427      49.24654      -0.00379      49.26169      -0.00379       0.00000       0.00000
    0.8237       0.00100       0.02427      49.24654      -0.00379      49.26169      -0.00379       0.00000       0.00000
    0.8244       0.00100       0.02427      49.24654      -0.00379      49.26169      -0.00379       0.00000       0.00000
    0.8250       0.00100       0.02427      49.24654      -0.00379      49.26169      -0.00379       0.00000       0.00000
    0.8256       0.00100       0.02427      49.24654      -0.00379      49.26169      -0.00379       0.00000       0.00000
    0.8262       0.00100       0.02427      49.24654      -0.00379      49.26169      -0.00379       0.00000       0.00000
    0.8269       0.00100       0.02427      49.24654      -0.00379      49.26169      -0.00379       0.00000       0.00000
    0.8275       0.00100       0.02427      49.24654      -0.00379      49.26169      -0.00379       0.00000       0.00000
    0.8281       0.00100       0.02427      49.24654      -0.00379      49.26169      -0.00379       0.00000       0.00000
    0.8287       0.00100       0.02427      49.24654      -0.00379      49.26169      -0.00379       0.00000       0.00000
    0.8294       0.00100       0.02427      49.24654      -0.00379      49.26169      -0.00379       0.00000       0.00000
    0.8300       0.00100       0.02427      49.24654      -0.00379      49.26169      -0.00379       0.00000       0.00000
    0.8306       0.00100       0.02427      49.24654      -0.00379      49.26169      -0.00379       0.00000       0.00000
    0.8312       0.00100       0.02427      49.24654      -0.00379      49.26169      -0.00379       0.00000       0.00000
    0.8319       0.00100       0.02427      49.24654      -0.00379      49.26169      -0.00379       0.00000       0.00000
    0.8325       0.00100       0.02427      49.24654      -0.00379      49.26169      -0.00379       0.00000       0.00000
    0.8331       0.00100       0.02427      49.24654      -0.00379      49.26169      -0.00379       0.00000       0.00000
    0.8337       0.00100       0.02427      49.24654      -0.00379      49.26169      -0.00379       0.00000       0.00000
    0.8344       0.00100       0.02427      49.24654      -0.00379      49.26169      -0.00379       0.00000       0.00000
    0.8350       0.00100       0.02427      49.24654      -0.00379      49.26169      -0.00379       0.00000       0.00000
    0.8356       0.00100       0.02427      49.24654      -0.00379      49.26169      -0.00379       0.00000       0.00000
    0.8362       0.00100       0.02427      49.24654      -0.00379      49.26169      -0.00379       0.00000       0.00000
    0.8369       0.00100       0.02427      49.24654      -0.00379      49.26169      -0.00379       0.00000       0.00000
    0.8375       0.00100       0.02427      49.24654      -0.00379      49.26169      -0.00379       0.00000       0.00000
    0.8381       0.00100       0.02427      49.24654      -0.00379      49.26169      -0.00379       0.00000       0.00000
    0.8387       0.00100       0.02427      49.24654      -0.00379      49.26169      -0.00379       0.00000       0.00000
    0.8394       0.00100       0.02427      49.24654      -0.00379      49.26169      -0.00379       0.00000       0.00000
    0.8400       0.00100       0.02427      49.24654      -0.00379      49.26169      -0.00379       0.00000       0.00000
    0.8406       0.00100       0.02427      49.24654      -0.00379      49.26169      -0.00379       0.00000       0.00000
    0.8412       0.00100       0.02427      49.24654      -0.00379      49.26169      -0.00379       0.00000       0.00000
    0.8419       0.00100       0.02427      49.24654      -0.00379      49.26169      -0.00379       0.00000       0.00000
    0.8425       0.00100       0.02427      49.24654      -0.00379      49.26169      -0.00379       0.00000       0.00000
    0.8431       0.00100       0.02427      49.24654      -0.00379      49.26169      -0.00379       0.00000       0.00000
    0.8437       0.00100       0.02427      49.24654      -0.00379      49.26169      -0.00379       0.00000       0.00000
    0.8444       0.00100       0.02427      49.24654      -0.00379      49.26169      -0.00379       0.00000       0.00000
    0.8450       0.00100       0.02427      49.24654      -0.00379      49.26169      -0.00379       0.00000       0.00000
    0.8456       0.00100       0.02427      49.24654      -0.00379      49.26169      -0.00379       0.00000       0.00000
    0.8462       0.00100       0.02427      49.24654      -0.00379      49.26169      -0.00379       0.00000       0.00000
    0.8469       0.00100       0.02427      49.24654      -0.00379      49.26169      -0.00379       0.00000       0.00000
    0.8475       0.00100       0.02427      49.24654      -0.00379      49.26169      -0.00379       0.00000       0.00000
    0.8481       0.00100       0.02427      49.24654      -0.00379      49.26169      -0.00379       0.00000       0.00000
    0.8487       0.00100       0.02427      49.24654      -0.00379      49.26169      -0.00379       0.00000       0.00000
    0.8494       0.00100       0.02427      49.24654      -0.00379      49.26169      -0.00379       0.00000       0.00000
    0.8500       0.00100       0.02427      49.24654      -0.00379      49.26169      -0.00379       0.00000       0.00000
    0.8506       0.00100       0.02427      49.24654      -0.00379      49.26169      -0.00379       0.00000       0.00000
    0.8512       0.00100       0.02427      49.24654      -0.00379      49.26169      -0.00379       0.00000       0.00000
    0.8519       0.00100       0.02427      49.24654      -0.00379      49.26169      -0.00379       0.00000       0.00000
    0.8525       0.00100       0.02427      49.24654      -0.00379      49.26169      -0.00379       0.00000       0.00000
    0.8531       0.00100       0.02427      49.24654      -0.00379      49.26169      -0.00379       0.00000       0.00000
    0.8537       0.00100       0.02427      49.24654      -0.00379      49.26169      -0.00379       0.00000       0.00000
    0.8544       0.00100       0.02427      49.24654      -0.00379      49.26169      -0.00379       0.00000       0.00000
    0.8550       0.00100       0.02427      49.24654      -0.00379      49.26169      -0.00379       0.00000       0.00000
    0.8556       0.00100       0.02427      49.24654      -0.00379      49.26169      -0.00379       0.00000       0.00000
    0.8562       0.00100       0.02427      49.24654      -0.00379      49.26169      -0.00379       0.00000       0.00000
    0.8569       0.00100       0.02427      49.24654      -0.00379      49.26169      -0.00379       0.00000       0.00000
    0.8575       0.00100       0.02427      49.24654      -0.00379      49.26169      -0.00379       0.00000       0.00000
    0.8581       0.00100       0.02427      49.24654      -0.00379      49.26169      -0.00379       0.00000       0.00000
    0.8587       0.00100       0.02427      49.24654      -0.00379      49.26169      -0.00379       0.00000       0.00000
    0.8594       0.00100       0.02427      49.24654      -0.00379      49.26169      -0.00379       0.00000       0.00000
    0.8600       0.00100       0.02427      49.24654      -0.00379      49.26169      -0.00379       0.00000       0.00000
    0.8606       0.00100       0.02427      49.24654      -0.00379      49.26169      -0.00379       0.00000       0.00000
    0.8612       0.00100       0.02427      49.24654      -0.00379      49.26169      -0.00379       0.00000       0.00000
    0.8619       0.00100       0.02427      49.24654      -0.00379      49.26169      -0.00379       0.00000       0.00000
    0.8625       0.00100       0.02427      49.24654      -0.00379      49.26169      -0.00379       0.00000       0.00000
    0.8631       0.00100       0.02427      49.24654      -0.00379      49.26169      -0.00379       0.00000       0.00000
    0.8637       0.00100       0.02427      49.24654      -0.00379      49.26169      -0.00379       0.00000       0.00000
    0.8644       0.00100       0.02427      49.24654      -0.00379      49.26169      -0.00379       0.00000       0.00000
    0.8650       0.00100       0.02427      49.24654      -0.00379      49.26169      -0.00379       0.00000       0.00000
    0.8656       0.00100       0.02427      49.24654      -0.00379      49.26169      -0.00379       0.00000       0.00000
    0.8662       0.00100       0.02427      49.24654      -0.00379      49.26169      -0.00379       0.00000       0.00000
    0.8669       0.00100       0.02427      49.24654      -0.00379      49.26169      -0.00379       0.00000       0.00000
    0.8675       0.00100       0.02427      49.24654      -0.00379      49.26169      -0.00379       0.00000       0.00000
    0.8681       0.00100       0.02427      49.24654      -0.00379      49.26169      -0.00379       0.00000       0.00000
    0.8687       0.00100       0.02427      49.24654      -0.00379      49.26169      -0.00379       0.00000       0.00000
    0.8694       0.00100       0.02427      49.24654      -0.00379      49.26169      -0.00379       0.00000       0.00000
    0.8700       0.00100       0.02427      49.24654      -0.00379      49.26169      -0.00379       0.00000       0.00000
    0.8706       0.00100       0.02427      49.24654      -0.00379      49.26169      -0.00379       0.00000       0.00000
    0.8712       0.00100       0.02427      49.24654      -0.00379      49.26169      -0.00379       0.00000       0.00000
    0.8719       0.00100       0.02427      49.24654      -0.00379      49.26169      -0.00379       0.00000       0.00000
    0.8725       0.00100       0.02427      49.24654      -0.00379      49.26169      -0.00379       0.00000       0.00000
    0.8731       0.00100       0.02427      49.24654      -0.00379      49.26169      -0.00379       0.00000       0.00000
    0.8737       0.00100       0.02427      49.24654      -0.00379      49.26169      -0.00379       0.00000       0.00000
    0.8744       0.00100       0.02427      49.24654      -0.00379      49.26169      -0.00379       0.00000       0.00000
    0.8750       0.00100       0.02427      49.24654      -0.00379      49.26169      -0.00379       0.00000       0.00000
    0.8756       0.00100       0.02427      49.24654      -0.00379      49.26169      -0.00379       0.00000       0.00000
    0.8762       0.00100       0.02427      49.24654      -0.00379      49.26169      -0.00379       0.00000       0.00000
    0.8769       0.00100       0.02427      49.24654      -0.00379      49.26169      -0.00379       0.00000       0.00000
    0.8775       0.00100       0.02427      49.24654      -0.00379      49.26169      -0.00379       0.00000       0.00000
    0.8781       0.00100       0.02427      49.24654      -0.00379      49.26169      -0.00379       0.00000       0.00000
    0.8787       0.00100       0.02427      49.24654      -0.00379      49.26169      -0.00379       0.00000       0.00000
    0.8794       0.00100       0.02427      49.24654      -0.00379      49.26169      -0.00379       0.00000       0.00000
    0.8800       0.00100       0.02427      49.24654      -0.00379      49.26169      -0.00379       0.00000       0.00000
    0.8806       0.00100       0.02427      49.24654      -0.00379      49.26169      -0.00379       0.00000       0.00000
    0.8812       0.00100       0.02427      49.24654      -0.00379      49.26169      -0.00379       0.00000       0.00000
    0.8819       0.00100       0.02427      49.24654      -0.00379      49.26169      -0.00379       0.00000       0.00000
    0.8825       0.00100       0.02427      49.24654      -0.00379      49.26169      -0.00379       0.00000       0.00000
    0.8831       0.00100       0.02427      49.24654      -0.00379      49.26169      -0.00379       0.00000       0.00000
    0.8837       0.00100       0.02427      49.24654      -0.00379      49.26169      -0.00379       0.00000       0.00000
    0.8844       0.00100       0.02427      49.24654      -0.00379      49.26169      -0.00379       0.00000       0.00000
    0.8850       0.00100       0.02427      49.24654      -0.00379      49.26169      -0.00379       0.00000       0.00000
    0.8856       0.00100       0.02427      49.24654      -0.00379      49.26169      -0.00379       0.00000       0.00000
    0.8862       0.00100       0.02427      49.24654      -0.00379      49.26169      -0.00379       0.00000       0.00000
    0.8869       0.00100       0.02427      49.24654      -0.00379      49.26169      -0.00379       0.00000       0.00000
    0.8875       0.00100       0.02427      49.24654      -0.00379      49.26169      -0.00379       0.00000       0.00000
    0.8881       0.00100       0.02427      49.24654      -0.00379      49.26169      -0.00379       0.00000       0.00000
    0.8887       0.00100       0.02427      49.24654      -0.00379      49.26169      -0.00379       0.00000       0.00000
    0.8894       0.00100       0.02427      49.24654      -0.00379      49.26169      -0.00379       0.00000       0.00000
    0.8900       0.00100       0.02427      49.24654      -0.00379      49.26169      -0.00379       0.00000       0.00000
    0.8906       0.00100       0.02427      49.24654      -0.00379      49.26169      -0.00379       0.00000       0.00000
    0.8912       0.00100       0.02427      49.24654      -0.00379      49.26169      -0.00379       0.00000       0.00000
    0.8919       0.00100       0.02427      49.24654      -0.00379      49.26169      -0.00379       0.00000       0.00000
    0.8925       0.00100       0.02427      49.24654      -0.00379      49.26169      -0.00379       0.00000       0.00000
    0.8931       0.00100       0.02427      49.24654      -0.00379      49.26169      -0.00379       0.00000       0.00000
    0.8937       0.00100       0.02427      49.24654      -0.00379      49.26169      -0.00379       0.00000       0.00000
    0.8944       0.00100       0.02427      49.24654      -0.00379      49.26169      -0.00379       0.00000       0.00000
    0.8950       0.00100       0.02427      49.24654      -0.00379      49.26169      -0.00379       0.00000       0.00000
    0.8956       0.00100       0.02427      49.24654      -0.00379      49.26169      -0.00379       0.00000       0.00000
    0.8962       0.00100       0.02427      49.24654      -0.00379      49.26169      -0.00379       0.00000       0.00000
    0.8969       0.00100       0.02427      49.24654      -0.00379      49.26169      -0.00379       0.00000       0.00000
    0.8975       0.00100       0.02427      49.24654      -0.00379      49.26169      -0.00379       0.00000       0.00000
    0.8981       0.00100       0.02427      49.24654      -0.00379      49.26169      -0.00379       0.00000       0.00000
    0.8987       0.00100       0.02427      49.24654      -0.00379      49.26169      -0.00379       0.00000       0.00000
    0.8994       0.00100       0.02427      49.24654      -0.00379      49.26169      -0.00379       0.00000       0.00000
    0.9000       0.00100       0.02427      49.24654      -0.00379      49.26169      -0.00379       0.00000       0.00000
    0.9006       0.00100       0.02427      49.24654      -0.00379      49.26169      -0.00379       0.00000       0.00000
    0.9012       0.00100       0.02427      49.24654      -0.00379      49.26169      -0.00379       0.00000       0.00000
    0.9019       0.00100       0.02427      49.24654      -0.00379      49.26169      -0.00379       0.00000       0.00000
    0.9025       0.00100       0.02427      49.24654      -0.00379      49.26169      -0.00379       0.00000       0.00000
    0.9031       0.00100       0.02427      49.24654      -0.00379      49.26169      -0.00379       0.00000       0.00000
    0.9037       0.00100       0.02427      49.24654      -0.00379      49.26169      -0.00379       0.00000       0.00000
    0.9044       0.00100       0.02427      49.24654      -0.00379      49.26169      -0.00379       0.00000       0.00000
    0.9050       0.00100       0.02427      49.24654      -0.00379      49.26169      -0.00379       0.00000       0.00000
    0.9056       0.00100       0.02427      49.24654      -0.00379      49.26169      -0.00379       0.00000       0.00000
    0.9062       0.00100       0.02427      49.24654      -0.00379      49.26169      -0.00379       0.00000       0.00000
    0.9069       0.00100       0.02427      49.24654      -0.00379      49.26169      -0.00379       0.00000       0.00000
    0.9075       0.00100       0.02427      49.24654      -0.00379      49.26169      -0.00379       0.00000       0.00000
    0.9081       0.00100       0.02427      49.24654      -0.00379      49.26169      -0.00379       0.00000       0.00000
    0.9087       0.00100       0.02427      49.24654      -0.00379      49.26169      -0.00379       0.00000       0.00000
    0.9094       0.00100       0.02427      49.24654      -0.00379      49.26169      -0.00379       0.00000       0.00000
    0.9100       0.00100       0.02427      49.24654      -0.00379      49.26169      -0.00379       0.00000       0.00000
    0.9106       0.00100       0.02427      49.24654      -0.00379      49.26169      -0.00379       0.00000       0.00000
    0.9112       0.00100       0.02427      49.24654      -0.00379      49.26169      -0.00379       0.00000       0.00000
    0.9119       0.00100       0.02427      49.24654      -0.00379      49.26169      -0.00379       0.00000       0.00000
    0.9125       0.00100       0.02427      49.24654      -0.00379      49.26169      -0.00379       0.00000       0.00000
    0.9131       0.00100       0.02427      49.24654      -0.00379      49.26169      -0.00379       0.00000       0.00000
    0.9137       0.00100       0.02427      49.24654      -0.00379      49.26169      -0.00379       0.00000       0.00000
    0.9144       0.00100       0.02427      49.24654      -0.00379      49.26169      -0.00379       0.00000       0.00000
    0.9150       0.00100       0.02427      49.24654      -0.00379      49.26169      -0.00379       0.00000       0.00000
    0.9156       0.00100       0.02427      49.24654      -0.00379      49.26169      -0.00379       0.00000       0.00000
    0.9162       0.00100       0.02427      49.24654      -0.00379      49.26169      -0.00379       0.00000       0.00000
    0.9169       0.00100       0.02427      49.24654      -0.00379      49.26169      -0.00379       0.00000       0.00000
    0.9175       0.00100       0.02427      49.24654      -0.00379      49.26169      -0.00379       0.00000       0.00000
    0.9181       0.00100       0.02427      49.24654      -0.00379      49.26169      -0.00379       0.00000       0.00000
    0.9187       0.00100       0.02427      49.24654      -0.00379      49.26169      -0.00379       0.00000       0.00000
    0.9194       0.00100       0.02427      49.24654      -0.00379      49.26169      -0.00379       0.00000       0.00000
    0.9200       0.00100       0.02427      49.24654      -0.00379      49.26169      -0.00379       0.00000       0.00000
    0.9206       0.00100       0.02427      49.24654      -0.00379      49.26169      -0.00379       0.00000       0.00000
    0.9212       0.00100       0.02427      49.24654      -0.00379      49.26169      -0.00379       0.00000       0.00000
    0.9219       0.00100       0.02427      49.24654      -0.00379      49.26169      -0.00379       0.00000       0.00000
    0.9225       0.00100       0.02427      49.24654      -0.00379      49.26169      -0.00379       0.00000       0.00000
    0.9231       0.00100       0.02427      49.24654      -0.00379      49.26169      -0.00379       0.00000       0.00000
    0.9237       0.00100       0.02427      49.24654      -0.00379      49.26169      -0.00379       0.00000       0.00000
    0.9244       0.00100       0.02427      49.24654      -0.00379      49.26169      -0.00379       0.00000       0.00000
    0.9250       0.00100       0.02427      49.24654      -0.00379      49.26169      -0.00379       0.00000       0.00000
    0.9256       0.00100       0.02427      49.24654      -0.00379      49.26169      -0.00379       0.00000       0.00000
    0.9262       0.00100       0.02427      49.24654      -0.00379      49.26169      -0.00379       0.00000       0.00000
    0.9269       0.00100       0.02427      49.24654      -0.00379      49.26169      -0.00379       0.00000       0.00000
    0.9275       0.00100       0.02427      49.24654      -0.00379      49.26169      -0.00379       0.00000       0.00000
    0.9281       0.00100       0.02427      49.24654      -0.00379      49.26169      -0.00379       0.00000       0.00000
    0.9287       0.00100       0.02427      49.24654      -0.00379      49.26169      -0.00379       0.00000       0.00000
    0.9294       0.00100       0.02427      49.24654      -0.00379      49.26169      -0.00379       0.00000       0.00000
    0.9300       0.00100       0.02427      49.24654      -0.00379      49.26169      -0.00379       0.00000       0.00000
    0.9306       0.00100       0.02427      49.24654      -0.00379      49.26169      -0.00379       0.00000       0.00000
    0.9312       0.00100       0.02427      49.24654      -0.00379      49.26169      -0.00379       0.00000       0.00000
    0.9319       0.00100       0.02427      49.24654      -0.00379      49.26169      -0.00379       0.00000       0.00000
    0.9325       0.00100       0.02427      49.24654      -0.00379      49.26169      -0.00379       0.00000       0.00000
    0.9331       0.00100       0.02427      49.24654      -0.00379      49.26169      -0.00379       0.00000       0.00000
    0.9337       0.00100       0.02427      49.24654      -0.00379      49.26169      -0.00379       0.00000       0.00000
    0.9344       0.00100       0.02427      49.24654      -0.00379      49.26169      -0.00379       0.00000       0.00000
    0.9350       0.00100       0.02427      49.24654      -0.00379      49.26169      -0.00379       0.00000       0.00000
    0.9356       0.00100       0.02427      49.24654      -0.00379      49.26169      -0.00379       0.00000       0.00000
    0.9362       0.00100       0.02427      49.24654      -0.00379      49.26169      -0.00379       0.00000       0.00000
    0.9369       0.00100       0.02427      49.24654      -0.00379      49.26169      -0.00379       0.00000       0.00000
    0.9375       0.00100       0.02427      49.24654      -0.00379      49.26169      -0.00379       0.00000       0.00000
    0.9381       0.00100       0.02427      49.24654      -0.00379      49.26169      -0.00379       0.00000       0.00000
    0.9387       0.00100       0.02427      49.24654      -0.00379      49.26169      -0.00379       0.00000       0.00000
    0.9394       0.00100       0.02427      49.24654      -0.00379      49.26169      -0.00379       0.00000       0.00000
    0.9400       0.00100       0.02427      49.24654      -0.00379      49.26169      -0.00379       0.00000       0.00000
    0.9406       0.00100       0.02427      49.24654      -0.00379      49.26169      -0.00379       0.00000       0.00000
    0.9412       0.00100       0.02427      49.24654      -0.00379      49.26169      -0.00379       0.00000       0.00000
    0.9419       0.00100       0.02427      49.24654      -0.00379      49.26169      -0.00379       0.00000       0.00000
    0.9425       0.00100       0.02427      49.24654      -0.00379      49.26169      -0.00379       0.00000       0.00000
    0.9431       0.00100       0.02427      49.24654      -0.00379      49.26169      -0.00379       0.00000       0.00000
    0.9437       0.00100       0.02427      49.24654      -0.00379      49.26169      -0.00379       0.00000       0.00000
    0.9444       0.00100       0.02427      49.24654      -0.00379      49.26169      -0.00379       0.00000       0.00000
    0.9450       0.00100       0.02427      49.24654      -0.00379      49.26169      -0.00379       0.00000       0.00000
    0.9456       0.00100       0.02427      49.24654      -0.00379      49.26169      -0.00379       0.00000       0.00000
    0.9462       0.00100       0.02427      49.24654      -0.00379      49.26169      -0.00379       0.00000       0.00000
    0.9469       0.00100       0.02427      49.24654      -0.00379      49.26169      -0.00379       0.00000       0.00000
    0.9475       0.00100       0.02427      49.24654      -0.00379      49.26169      -0.00379       0.00000       0.00000
    0.9481       0.00100       0.02427      49.24654      -0.00379      49.26169      -0.00379       0.00000       0.00000
    0.9487       0.00100       0.02427      49.24654      -0.00379      49.26169      -0.00379       0.00000       0.00000
    0.9494       0.00100       0.02427      49.24654      -0.00379      49.26169      -0.00379       0.00000       0.00000
    0.9500       0.00100       0.02427      49.24654      -0.00379      49.26169      -0.00379       0.00000       0.00000
    0.9506       0.00100       0.02427      49.24654      -0.00379      49.26169      -0.00379       0.00000       0.00000
    0.9512       0.00100       0.02427      49.24654      -0.00379      49.26169      -0.00379       0.00000       0.00000
    0.9519       0.00100       0.02427      49.24654      -0.00379      49.26169      -0.00379       0.00000       0.00000
    0.9525       0.00100       0.02427      49.24654      -0.00379      49.26169      -0.00379       0.00000       0.00000
    0.9531       0.00100       0.02427      49.24654      -0.00379      49.26169      -0.00379       0.00000       0.00000
    0.9537       0.00100       0.02427      49.24654      -0.00379      49.26169      -0.00379       0.00000       0.00000
    0.9544       0.00100       0.02427      49.24654      -0.00379      49.26169      -0.00379       0.00000       0.00000
    0.9550       0.00100       0.02427      49.24654      -0.00379      49.26169      -0.00379       0.00000       0.00000
    0.9556       0.00100       0.02427      49.24654      -0.00379      49.26169      -0.00379       0.00000       0.00000
    0.9562       0.00100       0.02427      49.24654      -0.00379      49.26169      -0.00379       0.00000       0.00000
    0.9569       0.00100       0.02427      49.24654      -0.00379      49.26169      -0.00379       0.00000       0.00000
    0.9575       0.00100       0.02427      49.24654      -0.00379      49.26169      -0.00379       0.00000       0.00000
    0.9581       0.00100       0.02427      49.24654      -0.00379      49.26169      -0.00379       0.00000       0.00000
    0.9587       0.00100       0.02427      49.24654      -0.00379      49.26169      -0.00379       0.00000       0.00000
    0.9594       0.00100       0.02427      49.24654      -0.00379      49.26169      -0.00379       0.00000       0.00000
    0.9600       0.00100       0.02427      49.24654      -0.00379      49.26169      -0.00379       0.00000       0.00000
    0.9606       0.00100       0.02427      49.24654      -0.00379      49.26169      -0.00379       0.00000       0.00000
    0.9612       0.00100       0.02427      49.24654      -0.00379      49.26169      -0.00379       0.00000       0.00000
    0.9619       0.00100       0.02427      49.24654      -0.00379      49.26169      -0.00379       0.00000       0.00000
    0.9625       0.00100       0.02427      49.24654      -0.00379      49.26169      -0.00379       0.00000       0.00000
    0.9631       0.00100       0.02427      49.24654      -0.00379      49.26169      -0.00379       0.00000       0.00000
    0.9637       0.00100       0.02427      49.24654      -0.00379      49.26169      -0.00379       0.00000       0.00000
    0.9644       0.00100       0.02427      49.24654      -0.00379      49.26169      -0.00379       0.00000       0.00000
    0.9650       0.00100       0.02427      49.24654      -0.00379      49.26169      -0.00379       0.00000       0.00000
    0.9656       0.00100       0.02427      49.24654      -0.00379      49.26169      -0.00379       0.00000       0.00000
    0.9662       0.00100       0.02427      49.24654      -0.00379      49.26169      -0.00379       0.00000       0.00000
    0.9669       0.00100       0.02427      49.24654      -0.00379      49.26169      -0.00379       0.00000       0.00000
    0.9675       0.00100       0.02427      49.24654      -0.00379      49.26169      -0.00379       0.00000       0.00000
    0.9681       0.00100       0.02427      49.24654      -0.00379      49.26169      -0.00379       0.00000       0.00000
    0.9687       0.00100       0.02427      49.24654      -0.00379      49.26169      -0.00379       0.00000       0.00000
    0.9694       0.00100       0.02427      49.24654      -0.00379      49.26169      -0.00379       0.00000       0.00000
    0.9700       0.00100       0.02427      49.24654      -0.00379      49.26169      -0.00379       0.00000       0.00000
    0.9706       0.00100       0.02427      49.24654      -0.00379      49.26169      -0.00379       0.00000       0.00000
    0.9712       0.00100       0.02427      49.24654      -0.00379      49.26169      -0.00379       0.00000       0.00000
    0.9719       0.00100       0.02427      49.24654      -0.00379      49.26169      -0.00379       0.00000       0.00000
    0.9725       0.00100       0.02427      49.24654      -0.00379      49.26169      -0.00379       0.00000       0.00000
    0.9731       0.00100       0.02427      49.24654      -0.00379      49.26169      -0.00379       0.00000       0.00000
    0.9737       0.00100       0.02427      49.24654      -0.00379      49.26169      -0.00379       0.00000       0.00000
    0.9744       0.00100       0.02427      49.24654      -0.00379      49.26169      -0.00379       0.00000       0.00000
    0.9750       0.00100       0.02427      49.24654      -0.00379      49.26169      -0.00379       0.00000       0.00000
    0.9756       0.00100       0.02427      49.24654      -0.00379      49.26169      -0.00379       0.00000       0.00000
    0.9762       0.00100       0.02427      49.24654      -0.00379      49.26169      -0.00379       0.00000       0.00000
    0.9769       0.00100       0.02427      49.24654      -0.00379      49.26169      -0.00379       0.00000       0.00000
    0.9775       0.00100       0.02427      49.24654      -0.00379      49.26169      -0.00379       0.00000       0.00000
    0.9781       0.00100       0.02427      49.24654      -0.00379      49.26169      -0.00379       0.00000       0.00000
    0.9787       0.00100       0.02427      49.24654      -0.00379      49.26169      -0.00379       0.00000       0.00000
    0.9794       0.00100       0.02427      49.24654      -0.00379      49.26169      -0.00379       0.00000       0.00000
    0.9800       0.00100       0.02427      49.24654      -0.00379      49.26169      -0.00379       0.00000       0.00000
    0.9806       0.00100       0.02427      49.24654      -0.00379      49.26169      -0.00379       0.00000       0.00000
    0.9812       0.00100       0.02427      49.24654      -0.00379      49.26169      -0.00379       0.00000       0.00000
    0.9819       0.00100       0.02427      49.24654      -0.00379      49.26169      -0.00379       0.00000       0.00000
    0.9825       0.00100       0.02427      49.24654      -0.00379      49.26169      -0.00379       0.00000       0.00000
    0.9831       0.00100       0.02427      49.24654      -0.00379      49.26169      -0.00379       0.00000       0.00000
    0.9837       0.00100       0.02427      49.24654      -0.00379      49.26169      -0.00379       0.00000       0.00000
    0.9844       0.00100       0.02427      49.24654      -0.00379      49.26169      -0.00379       0.00000       0.00000
    0.9850       0.00100       0.02427      49.24654      -0.00379      49.26169      -0.00379       0.00000       0.00000
    0.9856       0.00100       0.02427      49.24654      -0.00379      49.26169      -0.00379       0.00000       0.00000
    0.9862       0.00100       0.02427      49.24654      -0.00379      49.26169      -0.00379       0.00000       0.00000
    0.9869       0.00100       0.02427      49.24654      -0.00379      49.26169      -0.00379       0.00000       0.00000
    0.9875       0.00100       0.02427      49.24654      -0.00379      49.26169      -0.00379       0.00000       0.00000
    0.9881       0.00100       0.02427      49.24654      -0.00379      49.26169      -0.00379       0.00000       0.00000
    0.9887       0.00100       0.02427      49.24654      -0.00379      49.26169      -0.00379       0.00000       0.00000
    0.9894       0.00100       0.02427      49.24654      -0.00379      49.26169      -0.00379       0.00000       0.00000
    0.9900       0.00100       0.02427      49.24654      -0.00379      49.26169      -0.00379       0.00000       0.00000
    0.9906       0.00100       0.02427      49.24654      -0.00379      49.26169      -0.00379       0.00000       0.00000
    0.9912       0.00100       0.02427      49.24654      -0.00379      49.26169      -0.00379       0.00000       0.00000
    0.9919       0.00100       0.02427      49.24654      -0.00379      49.26169      -0.00379       0.00000       0.00000
    0.9925       0.00100       0.02427      49.24654      -0.00379      49.26169      -0.00379       0.00000       0.00000
    0.9931       0.00100       0.02427      49.24654      -0.00379      49.26169      -0.00379       0.00000       0.00000
    0.9937       0.00100       0.02427      49.24654      -0.00379      49.26169      -0.00379       0.00000       0.00000
    0.9944       0.00100       0.02427      49.24654      -0.00379      49.26169      -0.00379       0.00000       0.00000
    0.9950       0.00100       0.02427      49.24654      -0.00379      49.26169      -0.00379       0.00000       0.00000
    0.9956       0.00100       0.02427      49.24654      -0.00379      49.26169      -0.00379       0.00000       0.00000
    0.9962       0.00100       0.02427      49.24654      -0.00379      49.26169      -0.00379       0.00000       0.00000
    0.9969       0.00100       0.02427      49.24654      -0.00379      49.26169      -0.00379       0.00000       0.00000
    0.9975       0.00100       0.02427      49.24654      -0.00379      49.26169      -0.00379       0.00000       0.00000
    0.9981       0.00100       0.02427      49.24654      -0.00379      49.26169      -0.00379       0.00000       0.00000
    0.9987       0.00100       0.02427      49.24654      -0.00379      49.26169      -0.00379       0.00000       0.00000
    0.9994       0.00100       0.02427      49.24654      -0.00379      49.26169      -0.00379       0.00000       0.00000
    1.0000       0.00100       0.02427      49.24654      -0.00379      49.26169      -0.00379       0.00000       0.00000
    1.0006       0.00100       0.02427      49.24654      -0.00379      49.26169      -0.00379       0.00000       0.00000
    1.0012       0.00100       0.02427      49.24654      -0.00379      49.26169      -0.00379       0.00000       0.00000
    1.0019       0.00100       0.02427      49.24654      -0.00379      49.26169      -0.00379       0.00000       0.00000
    1.0025       0.00100       0.02427      49.24654      -0.00379      49.26169      -0.00379       0.00000       0.00000
    1.0031       0.00100       0.02427      49.24654      -0.00379      49.26169      -0.00379       0.00000       0.00000
    1.0037       0.00100       0.02427      49.24654      -0.00379      49.26169      -0.00379       0.00000       0.00000
    1.0044       0.00100       0.02427      49.24654      -0.00379      49.26169      -0.00379       0.00000       0.00000
    1.0050       0.00100       0.02427      49.24654      -0.00379      49.26169      -0.00379       0.00000       0.00000
    1.0056       0.00100       0.02427      49.24654      -0.00379      49.26169      -0.00379       0.00000       0.00000
    1.0062       0.00100       0.02427      49.24654      -0.00379      49.26169      -0.00379       0.00000       0.00000
    1.0069       0.00100       0.02427      49.24654      -0.00379      49.26169      -0.00379       0.00000       0.00000
    1.0075       0.00100       0.02427      49.24654      -0.00379      49.26169      -0.00379       0.00000       0.00000
    1.0081       0.00100       0.02427      49.24654      -0.00379      49.26169      -0.00379       0.00000       0.00000
    1.0087       0.00100       0.02427      49.24654      -0.00379      49.26169      -0.00379       0.00000       0.00000
    1.0094       0.00100       0.02427      49.24654      -0.00379      49.26169      -0.00379       0.00000       0.00000
    1.0100       0.00100       0.02427      49.24654      -0.00379      49.26169      -0.00379       0.00000       0.00000
    1.0106       0.00100       0.02427      49.24654      -0.00379      49.26169      -0.00379       0.00000       0.00000
    1.0112       0.00100       0.02427      49.24654      -0.00379      49.26169      -0.00379       0.00000       0.00000
    1.0119       0.00100       0.02427      49.24654      -0.00379      49.26169      -0.00379       0.00000       0.00000
    1.0125       0.00100       0.02427      49.24654      -0.00379      49.26169      -0.00379       0.00000       0.00000
    1.0131       0.00100       0.02427      49.24654      -0.00379      49.26169      -0.00379       0.00000       0.00000
    1.0137       0.00100       0.02427      49.24654      -0.00379      49.26169      -0.00379       0.00000       0.00000
    1.0144       0.00100       0.02427      49.24654      -0.00379      49.26169      -0.00379       0.00000       0.00000
    1.0150       0.00100       0.02427      49.24654      -0.00379      49.26169      -0.00379       0.00000       0.00000
    1.0156       0.00100       0.02427      49.24654      -0.00379      49.26169      -0.00379       0.00000       0.00000
    1.0162       0.00100       0.02427      49.24654      -0.00379      49.26169      -0.00379       0.00000       0.00000
    1.0169       0.00100       0.02427      49.24654      -0.00379      49.26169      -0.00379       0.00000       0.00000
    1.0175       0.00100       0.02427      49.24654      -0.00379      49.26169      -0.00379       0.00000       0.00000
    1.0181       0.00100       0.02427      49.24654      -0.00379      49.26169      -0.00379       0.00000       0.00000
    1.0187       0.00100       0.02427      49.24654      -0.00379      49.26169      -0.00379       0.00000       0.00000
    1.0194       0.00100       0.02427      49.24654      -0.00379      49.26169      -0.00379       0.00000       0.00000
    1.0200       0.00100       0.02427      49.24654      -0.00379      49.26169      -0.00379       0.00000       0.00000
    1.0206       0.00100       0.02427      49.24654      -0.00379      49.26169      -0.00379       0.00000       0.00000
    1.0212       0.00100       0.02427      49.24654      -0.00379      49.26169      -0.00379       0.00000       0.00000
    1.0219       0.00100       0.02427      49.24654      -0.00379      49.26169      -0.00379       0.00000       0.00000
    1.0225       0.00100       0.02427      49.24654      -0.00379      49.26169      -0.00379       0.00000       0.00000
    1.0231       0.00100       0.02427      49.24654      -0.00379      49.26169      -0.00379       0.00000       0.00000
    1.0237       0.00100       0.02427      49.24654      -0.00379      49.26169      -0.00379       0.00000       0.00000
    1.0244       0.00100       0.02427      49.24654      -0.00379      49.26169      -0.00379       0.00000       0.00000
    1.0250       0.00100       0.02427      49.24654      -0.00379      49.26169      -0.00379       0.00000       0.00000
    1.0256       0.00100       0.02427      49.24654      -0.00379      49.26169      -0.00379       0.00000       0.00000
    1.0262       0.00100       0.02427      49.24654      -0.00379      49.26169      -0.00379       0.00000       0.00000
    1.0269       0.00100       0.02427      49.24654      -0.00379      49.26169      -0.00379       0.00000       0.00000
    1.0275       0.00100       0.02427      49.24654      -0.00379      49.26169      -0.00379       0.00000       0.00000
    1.0281       0.00100       0.02427      49.24654      -0.00379      49.26169      -0.00379       0.00000       0.00000
    1.0287       0.00100       0.02427      49.24654      -0.00379      49.26169      -0.00379       0.00000       0.00000
    1.0294       0.00100       0.02427      49.24654      -0.00379      49.26169      -0.00379       0.00000       0.00000
    1.0300       0.00100       0.02427      49.24654      -0.00379      49.26169      -0.00379       0.00000       0.00000
    1.0306       0.00100       0.02427      49.24654      -0.00379      49.26169      -0.00379       0.00000       0.00000
    1.0312       0.00100       0.02427      49.24654      -0.00379      49.26169      -0.00379       0.00000       0.00000
    1.0319       0.00100       0.02427      49.24654      -0.00379      49.26169      -0.00379       0.00000       0.00000
    1.0325       0.00100       0.02427      49.24654      -0.00379      49.26169      -0.00379       0.00000       0.00000
    1.0331       0.00100       0.02427      49.24654      -0.00379      49.26169      -0.00379       0.00000       0.00000
    1.0337       0.00100       0.02427      49.24654      -0.00379      49.26169      -0.00379       0.00000       0.00000
    1.0344       0.00100       0.02427      49.24654      -0.00379      49.26169      -0.00379       0.00000       0.00000
    1.0350       0.00100       0.02427      49.24654      -0.00379      49.26169      -0.00379       0.00000       0.00000
    1.0356       0.00100       0.02427      49.24654      -0.00379      49.26169      -0.00379       0.00000       0.00000
    1.0362       0.00100       0.02427      49.24654      -0.00379      49.26169      -0.00379       0.00000       0.00000
    1.0369       0.00100       0.02427      49.24654      -0.00379      49.26169      -0.00379       0.00000       0.00000
    1.0375       0.00100       0.02427      49.24654      -0.00379      49.26169      -0.00379       0.00000       0.00000
    1.0381       0.00100       0.02427      49.24654      -0.00379      49.26169      -0.00379       0.00000       0.00000
    1.0387       0.00100       0.02427      49.24654      -0.00379      49.26169      -0.00379       0.00000       0.00000
    1.0394       0.00100       0.02427      49.24654      -0.00379      49.26169      -0.00379       0.00000       0.00000
    1.0400       0.00100       0.02427      49.24654      -0.00379      49.26169      -0.00379       0.00000       0.00000
    1.0406       0.00100       0.02427      49.24654      -0.00379      49.26169      -0.00379       0.00000       0.00000
    1.0412       0.00100       0.02427      49.24654      -0.00379      49.26169      -0.00379       0.00000       0.00000
    1.0419       0.00100       0.02427      49.24654      -0.00379      49.26169      -0.00379       0.00000       0.00000
    1.0425       0.00100       0.02427      49.24654      -0.00379      49.26169      -0.00379       0.00000       0.00000
    1.0431       0.00100       0.02427      49.24654      -0.00379      49.26169      -0.00379       0.00000       0.00000
    1.0437       0.00100       0.02427      49.24654      -0.00379      49.26169      -0.00379       0.00000       0.00000
    1.0444       0.00100       0.02427      49.24654      -0.00379      49.26169      -0.00379       0.00000       0.00000
    1.0450       0.00100       0.02427      49.24654      -0.00379      49.26169      -0.00379       0.00000       0.00000
    1.0456       0.00100       0.02427      49.24654      -0.00379      49.26169      -0.00379       0.00000       0.00000
    1.0462       0.00100       0.02427      49.24654      -0.00379      49.26169      -0.00379       0.00000       0.00000
    1.0469       0.00100       0.02427      49.24654      -0.00379      49.26169      -0.00379       0.00000       0.00000
    1.0475       0.00100       0.02427      49.24654      -0.00379      49.26169      -0.00379       0.00000       0.00000
    1.0481       0.00100       0.02427      49.24654      -0.00379      49.26169      -0.00379       0.00000       0.00000
    1.0487       0.00100       0.02427      49.24654      -0.00379      49.26169      -0.00379       0.00000       0.00000
    1.0494       0.00100       0.02427      49.24654      -0.00379      49.26169      -0.00379       0.00000       0.00000
    1.0500       0.00100       0.02427      49.24654      -0.00379      49.26169      -0.00379       0.00000       0.00000
    1.0506       0.00100       0.02427      49.24654      -0.00379      49.26169      -0.00379       0.00000       0.00000
    1.0512       0.00100       0.02427      49.24654      -0.00379      49.26169      -0.00379       0.00000       0.00000
    1.0519       0.00100       0.02427      49.24654      -0.00379      49.26169      -0.00379       0.00000       0.00000
    1.0525       0.00100       0.02427      49.24654      -0.00379      49.26169      -0.00379       0.00000       0.00000
    1.0531       0.00100       0.02427      49.24654      -0.00379      49.26169      -0.00379       0.00000       0.00000
    1.0537       0.00100       0.02427      49.24654      -0.00379      49.26169      -0.00379       0.00000       0.00000
    1.0544       0.00100       0.02427      49.24654      -0.00379      49.26169      -0.00379       0.00000       0.00000
    1.0550       0.00100       0.02427      49.24654      -0.00379      49.26169      -0.00379       0.00000       0.00000
    1.0556       0.00100       0.02427      49.24654      -0.00379      49.26169      -0.00379       0.00000       0.00000
    1.0562       0.00100       0.02427      49.24654      -0.00379      49.26169      -0.00379       0.00000       0.00000
    1.0569       0.00100       0.02427      49.24654      -0.00379      49.26169      -0.00379       0.00000       0.00000
    1.0575       0.00100       0.02427      49.24654      -0.00379      49.26169      -0.00379       0.00000       0.00000
    1.0581       0.00100       0.02427      49.24654      -0.00379      49.26169      -0.00379       0.00000       0.00000
    1.0587       0.00100       0.02427      49.24654      -0.00379      49.26169      -0.00379       0.00000       0.00000
    1.0594       0.00100       0.02427      49.24654      -0.00379      49.26169      -0.00379       0.00000       0.00000
    1.0600       0.00100       0.02427      49.24654      -0.00379      49.26169      -0.00379       0.00000       0.00000
    1.0606       0.00100       0.02427      49.24654      -0.00379      49.26169      -0.00379       0.00000       0.00000
    1.0612       0.00100       0.02427      49.24654      -0.00379      49.26169      -0.00379       0.00000       0.00000
    1.0619       0.00100       0.02427      49.24654      -0.00379      49.26169      -0.00379       0.00000       0.00000
    1.0625       0.00100       0.02427      49.24654      -0.00379      49.26169      -0.00379       0.00000       0.00000
    1.0631       0.00100       0.02427      49.24654      -0.00379      49.26169      -0.00379       0.00000       0.00000
    1.0637       0.00100       0.02427      49.24654      -0.00379      49.26169      -0.00379       0.00000       0.00000
    1.0644       0.00100       0.02427      49.24654      -0.00379      49.26169      -0.00379       0.00000       0.00000
    1.0650       0.00100       0.02427      49.24654      -0.00379      49.26169      -0.00379       0.00000       0.00000
    1.0656       0.00100       0.02427      49.24654      -0.00379      49.26169      -0.00379       0.00000       0.00000
    1.0662       0.00100       0.02427      49.24654      -0.00379      49.26169      -0.00379       0.00000       0.00000
    1.0669       0.00100       0.02427      49.24654      -0.00379      49.26169      -0.00379       0.00000       0.00000
    1.0675       0.00100       0.02427      49.24654      -0.00379      49.26169      -0.00379       0.00000       0.00000
    1.0681       0.00100       0.02427      49.24654      -0.00379      49.26169      -0.00379       0.00000       0.00000
    1.0687       0.00100       0.02427      49.24654      -0.00379      49.26169      -0.00379       0.00000       0.00000
    1.0694       0.00100       0.02427      49.24654      -0.00379      49.26169      -0.00379       0.00000       0.00000
    1.0700       0.00100       0.02427      49.24654      -0.00379      49.26169      -0.00379       0.00000       0.00000
    1.0706       0.00100       0.02427      49.24654      -0.00379      49.26169      -0.00379       0.00000       0.00000
    1.0712       0.00100       0.02427      49.24654      -0.00379      49.26169      -0.00379       0.00000       0.00000
    1.0719       0.00100       0.02427      49.24654      -0.00379      49.26169      -0.00379       0.00000       0.00000
    1.0725       0.00100       0.02427      49.24654      -0.00379      49.26169      -0.00379       0.00000       0.00000
    1.0731       0.00100       0.02427      49.24654      -0.00379      49.26169      -0.00379       0.00000       0.00000
    1.0737       0.00100       0.02427      49.24654      -0.00379      49.26169      -0.00379       0.00000       0.00000
    1.0744       0.00100       0.02427      49.24654      -0.00379      49.26169      -0.00379       0.00000       0.00000
    1.0750       0.00100       0.02427      49.24654      -0.00379      49.26169      -0.00379       0.00000       0.00000
    1.0756       0.00100       0.02427      49.24654      -0.00379      49.26169      -0.00379       0.00000       0.00000
    1.0762       0.00100       0.02427      49.24654      -0.00379      49.26169      -0.00379       0.00000       0.00000
    1.0769       0.00100       0.02427      49.24654      -0.00379      49.26169      -0.00379       0.00000       0.00000
    1.0775       0.00100       0.02427      49.24654      -0.00379      49.26169      -0.00379       0.00000       0.00000
    1.0781       0.00100       0.02427      49.24654      -0.00379      49.26169      -0.00379       0.00000       0.00000
    1.0787       0.00100       0.02427      49.24654      -0.00379      49.26169      -0.00379       0.00000       0.00000
    1.0794       0.00100       0.02427      49.24654      -0.00379      49.26169      -0.00379       0.00000       0.00000
    1.0800       0.00100       0.02427      49.24654      -0.00379      49.26169      -0.00379       0.00000       0.00000
    1.0806       0.00100       0.02427      49.24654      -0.00379      49.26169      -0.00379       0.00000       0.00000
    1.0812       0.00100       0.02427      49.24654      -0.00379      49.26169      -0.00379       0.00000       0.00000
    1.0819       0.00100       0.02427      49.24654      -0.00379      49.26169      -0.00379       0.00000       0.00000
    1.0825       0.00100       0.02427      49.24654      -0.00379      49.26169      -0.00379       0.00000       0.00000
    1.0831       0.00100       0.02427      49.24654      -0.00379      49.26169      -0.00379       0.00000       0.00000
    1.0837       0.00100       0.02427      49.24654      -0.00379      49.26169      -0.00379       0.00000       0.00000
    1.0844       0.00100       0.02427      49.24654      -0.00379      49.26169      -0.00379       0.00000       0.00000
    1.0850       0.00100       0.02427      49.24654      -0.00379      49.26169      -0.00379       0.00000       0.00000
    1.0856       0.00100       0.02427      49.24654      -0.00379      49.26169      -0.00379       0.00000       0.00000
    1.0862       0.00100       0.02427      49.24654      -0.00379      49.26169      -0.00379       0.00000       0.00000
    1.0869       0.00100       0.02427      49.24654      -0.00379      49.26169      -0.00379       0.00000       0.00000
    1.0875       0.00100       0.02427      49.24654      -0.00379      49.26169      -0.00379       0.00000       0.00000
    1.0881       0.00100       0.02427      49.24654      -0.00379      49.26169      -0.00379       0.00000       0.00000
    1.0887       0.00100       0.02427      49.24654      -0.00379      49.26169      -0.00379       0.00000       0.00000
    1.0894       0.00100       0.02427      49.24654      -0.00379      49.26169      -0.00379       0.00000       0.00000
    1.0900       0.00100       0.02427      49.24654      -0.00379      49.26169      -0.00379       0.00000       0.00000
    1.0906       0.00100       0.02427      49.24654      -0.00379      49.26169      -0.00379       0.00000       0.00000
    1.0912       0.00100       0.02427      49.24654      -0.00379      49.26169      -0.00379       0.00000       0.00000
    1.0919       0.00100       0.02427      49.24654      -0.00379      49.26169      -0.00379       0.00000       0.00000
    1.0925       0.00100       0.02427      49.24654      -0.00379      49.26169      -0.00379       0.00000       0.00000
    1.0931       0.00100       0.02427      49.24654      -0.00379      49.26169      -0.00379       0.00000       0.00000
    1.0937       0.00100       0.02427      49.24654      -0.00379      49.26169      -0.00379       0.00000       0.00000
    1.0944       0.00100       0.02427      49.24654      -0.00379      49.26169      -0.00379       0.00000       0.00000
    1.0950       0.00100       0.02427      49.24654      -0.00379      49.26169      -0.00379       0.00000       0.00000
    1.0956       0.00100       0.02427      49.24654      -0.00379      49.26169      -0.00379       0.00000       0.00000
    1.0962       0.00100       0.02427      49.24654      -0.00379      49.26169      -0.00379       0.00000       0.00000
    1.0969       0.00100       0.02427      49.24654      -0.00379      49.26169      -0.00379       0.00000       0.00000
    1.0975       0.00100       0.02427      49.24654      -0.00379      49.26169      -0.00379       0.00000       0.00000
    1.0981       0.00100       0.02427      49.24654      -0.00379      49.26169      -0.00379       0.00000       0.00000
    1.0987       0.00100       0.02427      49.24654      -0.00379      49.26169      -0.00379       0.00000       0.00000
    1.0994       0.00100       0.02427      49.24654      -0.00379      49.26169      -0.00379       0.00000       0.00000
    1.1000       0.00100       0.02427      49.24654      -0.00379      49.26169      -0.00379       0.00000       0.00000
    1.1006       0.00100       0.02427      49.24654      -0.00379      49.26169      -0.00379       0.00000       0.00000
    1.1012       0.00100       0.02427      49.24654      -0.00379      49.26169      -0.00379       0.00000       0.00000
    1.1019       0.00100       0.02427      49.24654      -0.00379      49.26169      -0.00379       0.00000       0.00000
    1.1025       0.00100       0.02427      49.24654      -0.00379      49.26169      -0.00379       0.00000       0.00000
    1.1031       0.00100       0.02427      49.24654      -0.00379      49.26169      -0.00379       0.00000       0.00000
    1.1037       0.00100       0.02427      49.24654      -0.00379      49.26169      -0.00379       0.00000       0.00000
    1.1044       0.00100       0.02427      49.24654      -0.00379      49.26169      -0.00379       0.00000       0.00000
    1.1050       0.00100       0.02427      49.24654      -0.00379      49.26169      -0.00379       0.00000       0.00000
    1.1056       0.00100       0.02427      49.24654      -0.00379      49.26169      -0.00379       0.00000       0.00000
    1.1062       0.00100       0.02427      49.24654      -0.00379      49.26169      -0.00379       0.00000       0.00000
    1.1069       0.00100       0.02427      49.24654      -0.00379      49.26169      -0.00379       0.00000       0.00000
    1.1075       0.00100       0.02427      49.24654      -0.00379      49.26169      -0.00379       0.00000       0.00000
    1.1081       0.00100       0.02427      49.24654      -0.00379      49.26169      -0.00379       0.00000       0.00000
    1.1087       0.00100       0.02427      49.24654      -0.00379      49.26169      -0.00379       0.00000       0.00000
    1.1094       0.00100       0.02427      49.24654      -0.00379      49.26169      -0.00379       0.00000       0.00000
    1.1100       0.00100       0.02427      49.24654      -0.00379      49.26169      -0.00379       0.00000       0.00000
    1.1106       0.00100       0.02427      49.24654      -0.00379      49.26169      -0.00379       0.00000       0.00000
    1.1112       0.00100       0.02427      49.24654      -0.00379      49.26169      -0.00379       0.00000       0.00000
    1.1119       0.00100       0.02427      49.24654      -0.00379      49.26169      -0.00379       0.00000       0.00000
    1.1125       0.00100       0.02427      49.24654      -0.00379      49.26169      -0.00379       0.00000       0.00000
    1.1131       0.00100       0.02427      49.24654      -0.00379      49.26169      -0.00379       0.00000       0.00000
    1.1137       0.00100       0.02427      49.24654      -0.00379      49.26169      -0.00379       0.00000       0.00000
    1.1144       0.00100       0.02427      49.24654      -0.00379      49.26169      -0.00379       0.00000       0.00000
    1.1150       0.00100       0.02427      49.24654      -0.00379      49.26169      -0.00379       0.00000       0.00000
    1.1156       0.00100       0.02427      49.24654      -0.00379      49.26169      -0.00379       0.00000       0.00000
    1.1162       0.00100       0.02427      49.24654      -0.00379      49.26169      -0.00379       0.00000       0.00000
    1.1169       0.00100       0.02427      49.24654      -0.00379      49.26169      -0.00379       0.00000       0.00000
    1.1175       0.00100       0.02427      49.24654      -0.00379      49.26169      -0.00379       0.00000       0.00000
    1.1181       0.00100       0.02427      49.24654      -0.00379      49.26169      -0.00379       0.00000       0.00000
    1.1187       0.00100       0.02427      49.24654      -0.00379      49.26169      -0.00379       0.00000       0.00000
    1.1194       0.00100       0.02427      49.24654      -0.00379      49.26169      -0.00379       0.00000       0.00000
    1.1200       0.00100       0.02427      49.24654      -0.00379      49.26169      -0.00379       0.00000       0.00000
    1.1206       0.00100       0.02427      49.24654      -0.00379      49.26169      -0.00379       0.00000       0.00000
    1.1213       0.00100       0.02427      49.24654      -0.00379      49.26169      -0.00379       0.00000       0.00000
    1.1219       0.00100       0.02427      49.24654      -0.00379      49.26169      -0.00379       0.00000       0.00000
    1.1225       0.00100       0.02427      49.24654      -0.00379      49.26169      -0.00379       0.00000       0.00000
    1.1231       0.00100       0.02427      49.24654      -0.00379      49.26169      -0.00379       0.00000       0.00000
    1.1238       0.00100       0.02427      49.24654      -0.00379      49.26169      -0.00379       0.00000       0.00000
    1.1244       0.00100       0.02427      49.24654      -0.00379      49.26169      -0.00379       0.00000       0.00000
    1.1250       0.00100       0.02427      49.24654      -0.00379      49.26169      -0.00379       0.00000       0.00000
    1.1256       0.00100       0.02427      49.24654      -0.00379      49.26169      -0.00379       0.00000       0.00000
    1.1263       0.00100       0.02427      49.24654      -0.00379      49.26169      -0.00379       0.00000       0.00000
    1.1269       0.00100       0.02427      49.24654      -0.00379      49.26169      -0.00379       0.00000       0.00000
    1.1275       0.00100       0.02427      49.24654      -0.00379      49.26169      -0.00379       0.00000       0.00000
    1.1281       0.00100       0.02427      49.24654      -0.00379      49.26169      -0.00379       0.00000       0.00000
    1.1288       0.00100       0.02427      49.24654      -0.00379      49.26169      -0.00379       0.00000       0.00000
    1.1294       0.00100       0.02427      49.24654      -0.00379      49.26169      -0.00379       0.00000       0.00000
    1.1300       0.00100       0.02427      49.24654      -0.00379      49.26169      -0.00379       0.00000       0.00000
    1.1306       0.00100       0.02427      49.24654      -0.00379      49.26169      -0.00379       0.00000       0.00000
    1.1313       0.00100       0.02427      49.24654      -0.00379      49.26169      -0.00379       0.00000       0.00000
    1.1319       0.00100       0.02427      49.24654      -0.00379      49.26169      -0.00379       0.00000       0.00000
    1.1325       0.00100       0.02427      49.24654      -0.00379      49.26169      -0.00379       0.00000       0.00000
    1.1331       0.00100       0.02427      49.24654      -0.00379      49.26169      -0.00379       0.00000       0.00000
    1.1338       0.00100       0.02427      49.24654      -0.00379      49.26169      -0.00379       0.00000       0.00000
    1.1344       0.00100       0.02427      49.24654      -0.00379      49.26169      -0.00379       0.00000       0.00000
    1.1350       0.00100       0.02427      49.24654      -0.00379      49.26169      -0.00379       0.00000       0.00000
    1.1356       0.00100       0.02427      49.24654      -0.00379      49.26169      -0.00379       0.00000       0.00000
    1.1363       0.00100       0.02427      49.24654      -0.00379      49.26169      -0.00379       0.00000       0.00000
    1.1369       0.00100       0.02427      49.24654      -0.00379      49.26169      -0.00379       0.00000       0.00000
    1.1375       0.00100       0.02427      49.24654      -0.00379      49.26169      -0.00379       0.00000       0.00000
    1.1381       0.00100       0.02427      49.24654      -0.00379      49.26169      -0.00379       0.00000       0.00000
    1.1388       0.00100       0.02427      49.24654      -0.00379      49.26169      -0.00379       0.00000       0.00000
    1.1394       0.00100       0.02427      49.24654      -0.00379      49.26169      -0.00379       0.00000       0.00000
    1.1400       0.00100       0.02427      49.24654      -0.00379      49.26169      -0.00379       0.00000       0.00000
    1.1406       0.00100       0.02427      49.24654      -0.00379      49.26169      -0.00379       0.00000       0.00000
    1.1413       0.00100       0.02427      49.24654      -0.00379      49.26169      -0.00379       0.00000       0.00000
    1.1419       0.00100       0.02427      49.24654      -0.00379      49.26169      -0.00379       0.00000       0.00000
    1.1425       0.00100       0.02427      49.24654      -0.00379      49.26169      -0.00379       0.00000       0.00000
    1.1431       0.00100       0.02427      49.24654      -0.00379      49.26169      -0.00379       0.00000       0.00000
    1.1438       0.00100       0.02427      49.24654      -0.00379      49.26169      -0.00379       0.00000       0.00000
    1.1444       0.00100       0.02427      49.24654      -0.00379      49.26169      -0.00379       0.00000       0.00000
    1.1450       0.00100       0.02427      49.24654      -0.00379      49.26169      -0.00379       0.00000       0.00000
    1.1456       0.00100       0.02427      49.24654      -0.00379      49.26169      -0.00379       0.00000       0.00000
    1.1463       0.00100       0.02427      49.24654      -0.00379      49.26169      -0.00379       0.00000       0.00000
    1.1469       0.00100       0.02427      49.24654      -0.00379      49.26169      -0.00379       0.00000       0.00000
    1.1475       0.00100       0.02427      49.24654      -0.00379      49.26169      -0.00379       0.00000       0.00000
    1.1481       0.00100       0.02427      49.24654      -0.00379      49.26169      -0.00379       0.00000       0.00000
    1.1488       0.00100       0.02427      49.24654      -0.00379      49.26169      -0.00379       0.00000       0.00000
    1.1494       0.00100       0.02427      49.24654      -0.00379      49.26169      -0.00379       0.00000       0.00000
    1.1500       0.00100       0.02427      49.24654      -0.00379      49.26169      -0.00379       0.00000       0.00000
    1.1506       0.00100       0.02427      49.24654      -0.00379      49.26169      -0.00379       0.00000       0.00000
    1.1513       0.00100       0.02427      49.24654      -0.00379      49.26169      -0.00379       0.00000       0.00000
    1.1519       0.00100       0.02427      49.24654      -0.00379      49.26169      -0.00379       0.00000       0.00000
    1.1525       0.00100       0.02427      49.24654      -0.00379      49.26169      -0.00379       0.00000       0.00000
    1.1531       0.00100       0.02427      49.24654      -0.00379      49.26169      -0.00379       0.00000       0.00000
    1.1538       0.00100       0.02427      49.24654      -0.00379      49.26169      -0.00379       0.00000       0.00000
    1.1544       0.00100       0.02427      49.24654      -0.00379      49.26169      -0.00379       0.00000       0.00000
    1.1550       0.00100       0.02427      49.24654      -0.00379      49.26169      -0.00379       0.00000       0.00000
    1.1556       0.00100       0.02427      49.24654      -0.00379      49.26169      -0.00379       0.00000       0.00000
    1.1563       0.00100       0.02427      49.24654      -0.00379      49.26169      -0.00379       0.00000       0.00000
    1.1569       0.00100       0.02427      49.24654      -0.00379      49.26169      -0.00379       0.00000       0.00000
    1.1575       0.00100       0.02427      49.24654      -0.00379      49.26169      -0.00379       0.00000       0.00000
    1.1581       0.00100       0.02427      49.24654      -0.00379      49.26169      -0.00379       0.00000       0.00000
    1.1588       0.00100       0.02427      49.24654      -0.00379      49.26169      -0.00379       0.00000       0.00000
    1.1594       0.00100       0.02427      49.24654      -0.00379      49.26169      -0.00379       0.00000       0.00000
    1.1600       0.00100       0.02427      49.24654      -0.00379      49.26169      -0.00379       0.00000       0.00000
    1.1606       0.00100       0.02427      49.24654      -0.00379      49.26169      -0.00379       0.00000       0.00000
    1.1613       0.00100       0.02427      49.24654      -0.00379      49.26169      -0.00379       0.00000       0.00000
    1.1619       0.00100       0.02427      49.24654      -0.00379      49.26169      -0.00379       0.00000       0.00000
    1.1625       0.00100       0.02427      49.24654      -0.00379      49.26169      -0.00379       0.00000       0.00000
    1.1631       0.00100       0.02427      49.24654      -0.00379      49.26169      -0.00379       0.00000       0.00000
    1.1638       0.00100       0.02427      49.24654      -0.00379      49.26169      -0.00379       0.00000       0.00000
    1.1644       0.00100       0.02427      49.24654      -0.00379      49.26169      -0.00379       0.00000       0.00000
    1.1650       0.00100       0.02427      49.24654      -0.00379      49.26169      -0.00379       0.00000       0.00000
    1.1656       0.00100       0.02427      49.24654      -0.00379      49.26169      -0.00379       0.00000       0.00000
    1.1663       0.00100       0.02427      49.24654      -0.00379      49.26169      -0.00379       0.00000       0.00000
    1.1669       0.00100       0.02427      49.24654      -0.00379      49.26169      -0.00379       0.00000       0.00000
    1.1675       0.00100       0.02427      49.24654      -0.00379      49.26169      -0.00379       0.00000       0.00000
    1.1681       0.00100       0.02427      49.24654      -0.00379      49.26169      -0.00379       0.00000       0.00000
    1.1688       0.00100       0.02427      49.24654      -0.00379      49.26169      -0.00379       0.00000       0.00000
    1.1694       0.00100       0.02427      49.24654      -0.00379      49.26169      -0.00379       0.00000       0.00000
    1.1700       0.00100       0.02427      49.24654      -0.00379      49.26169      -0.00379       0.00000       0.00000
    1.1706       0.00100       0.02427      49.24654      -0.00379      49.26169      -0.00379       0.00000       0.00000
    1.1713       0.00100       0.02427      49.24654      -0.00379      49.26169      -0.00379       0.00000       0.00000
    1.1719       0.00100       0.02427      49.24654      -0.00379      49.26169      -0.00379       0.00000       0.00000
    1.1725       0.00100       0.02427      49.24654      -0.00379      49.26169      -0.00379       0.00000       0.00000
    1.1731       0.00100       0.02427      49.24654      -0.00379      49.26169      -0.00379       0.00000       0.00000
    1.1738       0.00100       0.02427      49.24654      -0.00379      49.26169      -0.00379       0.00000       0.00000
    1.1744       0.00100       0.02427      49.24654      -0.00379      49.26169      -0.00379       0.00000       0.00000
    1.1750       0.00100       0.02427      49.24654      -0.00379      49.26169      -0.00379       0.00000       0.00000
    1.1756       0.00100       0.02427      49.24654      -0.00379      49.26169      -0.00379       0.00000       0.00000
    1.1763       0.00100       0.02427      49.24654      -0.00379      49.26169      -0.00379       0.00000       0.00000
    1.1769       0.00100       0.02427      49.24654      -0.00379      49.26169      -0.00379       0.00000       0.00000
    1.1775       0.00100       0.02427      49.24654      -0.00379      49.26169      -0.00379       0.00000       0.00000
    1.1781       0.00100       0.02427      49.24654      -0.00379      49.26169      -0.00379       0.00000       0.00000
    1.1788       0.00100       0.02427      49.24654      -0.00379      49.26169      -0.00379       0.00000       0.00000
    1.1794       0.00100       0.02427      49.24654      -0.00379      49.26169      -0.00379       0.00000       0.00000
    1.1800       0.00100       0.02427      49.24654      -0.00379      49.26169      -0.00379       0.00000       0.00000
    1.1806       0.00100       0.02427      49.24654      -0.00379      49.26169      -0.00379       0.00000       0.00000
    1.1813       0.00100       0.02427      49.24654      -0.00379      49.26169      -0.00379       0.00000       0.00000
    1.1819       0.00100       0.02427      49.24654      -0.00379      49.26169      -0.00379       0.00000       0.00000
    1.1825       0.00100       0.02427      49.24654      -0.00379      49.26169      -0.00379       0.00000       0.00000
    1.1831       0.00100       0.02427      49.24654      -0.00379      49.26169      -0.00379       0.00000       0.00000
    1.1838       0.00100       0.02427      49.24654      -0.00379      49.26169      -0.00379       0.00000       0.00000
    1.1844       0.00100       0.02427      49.24654      -0.00379      49.26169      -0.00379       0.00000       0.00000
    1.1850       0.00100       0.02427      49.24654      -0.00379      49.26169      -0.00379       0.00000       0.00000
    1.1856       0.00100       0.02427      49.24654      -0.00379      49.26169      -0.00379       0.00000       0.00000
    1.1863       0.00100       0.02427      49.24654      -0.00379      49.26169      -0.00379       0.00000       0.00000
    1.1869       0.00100       0.02427      49.24654      -0.00379      49.26169      -0.00379       0.00000       0.00000
    1.1875       0.00100       0.02427      49.24654      -0.00379      49.26169      -0.00379       0.00000       0.00000
    1.1881       0.00100       0.02427      49.24654      -0.00379      49.26169      -0.00379       0.00000       0.00000
    1.1888       0.00100       0.02427      49.24654      -0.00379      49.26169      -0.00379       0.00000       0.00000
    1.1894       0.00100       0.02427      49.24654      -0.00379      49.26169      -0.00379       0.00000       0.00000
    1.1900       0.00100       0.02427      49.24654      -0.00379      49.26169      -0.00379       0.00000       0.00000
    1.1906       0.00100       0.02427      49.24654      -0.00379      49.26169      -0.00379       0.00000       0.00000
    1.1913       0.00100       0.02427      49.24654      -0.00379      49.26169      -0.00379       0.00000       0.00000
    1.1919       0.00100       0.02427      49.24654      -0.00379      49.26169      -0.00379       0.00000       0.00000
    1.1925       0.00100       0.02427      49.24654      -0.00379      49.26169      -0.00379       0.00000       0.00000
    1.1931       0.00100       0.02427      49.24654      -0.00379      49.26169      -0.00379       0.00000       0.00000
    1.1938       0.00100       0.02427      49.24654      -0.00379      49.26169      -0.00379       0.00000       0.00000
    1.1944       0.00100       0.02427      49.24654      -0.00379      49.26169      -0.00379       0.00000       0.00000
    1.1950       0.00100       0.02427      49.24654      -0.00379      49.26169      -0.00379       0.00000       0.00000
    1.1956       0.00100       0.02427      49.24654      -0.00379      49.26169      -0.00379       0.00000       0.00000
    1.1963       0.00100       0.02427      49.24654      -0.00379      49.26169      -0.00379       0.00000       0.00000
    1.1969       0.00100       0.02427      49.24654      -0.00379      49.26169      -0.00379       0.00000       0.00000
    1.1975       0.00100       0.02427      49.24654      -0.00379      49.26169      -0.00379       0.00000       0.00000
    1.1981       0.00100       0.02427      49.24654      -0.00379      49.26169      -0.00379       0.00000       0.00000
    1.1988       0.00100       0.02427      49.24654      -0.00379      49.26169      -0.00379       0.00000       0.00000
    1.1994       0.00100       0.02427      49.24654      -0.00379      49.26169      -0.00379       0.00000       0.00000
    1.2000       0.00100       0.02427      49.24654      -0.00379      49.26169      -0.00379       0.00000       0.00000
    1.2006       0.00100       0.02427      49.24654      -0.00379      49.26169      -0.00379       0.00000       0.00000
    1.2013       0.00100       0.02427      49.24654      -0.00379      49.26169      -0.00379       0.00000       0.00000
    1.2019       0.00100       0.02427      49.24654      -0.00379      49.26169      -0.00379       0.00000       0.00000
    1.2025       0.00100       0.02427      49.24654      -0.00379      49.26169      -0.00379       0.00000       0.00000
    1.2031       0.00100       0.02427      49.24654      -0.00379      49.26169      -0.00379       0.00000       0.00000
    1.2038       0.00100       0.02427      49.24654      -0.00379      49.26169      -0.00379       0.00000       0.00000
    1.2044       0.00100       0.02427      49.24654      -0.00379      49.26169      -0.00379       0.00000       0.00000
    1.2050       0.00100       0.02427      49.24654      -0.00379      49.26169      -0.00379       0.00000       0.00000
    1.2056       0.00100       0.02427      49.24654      -0.00379      49.26169      -0.00379       0.00000       0.00000
    1.2063       0.00100       0.02427      49.24654      -0.00379      49.26169      -0.00379       0.00000       0.00000
    1.2069       0.00100       0.02427      49.24654      -0.00379      49.26169      -0.00379       0.00000       0.00000
    1.2075       0.00100       0.02427      49.24654      -0.00379      49.26169      -0.00379       0.00000       0.00000
    1.2081       0.00100       0.02427      49.24654      -0.00379      49.26169      -0.00379       0.00000       0.00000
    1.2088       0.00100       0.02427      49.24654      -0.00379      49.26169      -0.00379       0.00000       0.00000
    1.2094       0.00100       0.02427      49.24654      -0.00379      49.26169      -0.00379       0.00000       0.00000
    1.2100       0.00100       0.02427      49.24654      -0.00379      49.26169      -0.00379       0.00000       0.00000
    1.2106       0.00100       0.02427      49.24654      -0.00379      49.26169      -0.00379       0.00000       0.00000
    1.2113       0.00100       0.02427      49.24654      -0.00379      49.26169      -0.00379       0.00000       0.00000
    1.2119       0.00100       0.02427      49.24654      -0.00379      49.26169      -0.00379       0.00000       0.00000
    1.2125       0.00100       0.02427      49.24654      -0.00379      49.26169      -0.00379       0.00000       0.00000
    1.2131       0.00100       0.02427      49.24654      -0.00379      49.26169      -0.00379       0.00000       0.00000
    1.2138       0.00100       0.02427      49.24654      -0.00379      49.26169      -0.00379       0.00000       0.00000
    1.2144       0.00100       0.02427      49.24654      -0.00379      49.26169      -0.00379       0.00000       0.00000
    1.2150       0.00100       0.02427      49.24654      -0.00379      49.26169      -0.00379       0.00000       0.00000
    1.2156       0.00100       0.02427      49.24654      -0.00379      49.26169      -0.00379       0.00000       0.00000
    1.2163       0.00100       0.02427      49.24654      -0.00379      49.26169      -0.00379       0.00000       0.00000
    1.2169       0.00100       0.02427      49.24654      -0.00379      49.26169      -0.00379       0.00000       0.00000
    1.2175       0.00100       0.02427      49.24654      -0.00379      49.26169      -0.00379       0.00000       0.00000
    1.2181       0.00100       0.02427      49.24654      -0.00379      49.26169      -0.00379       0.00000       0.00000
    1.2188       0.00100       0.02427      49.24654      -0.00379      49.26169      -0.00379       0.00000       0.00000
    1.2194       0.00100       0.02427      49.24654      -0.00379      49.26169      -0.00379       0.00000       0.00000
    1.2200       0.00100       0.02427      49.24654      -0.00379      49.26169      -0.00379       0.00000       0.00000
    1.2206       0.00100       0.02427      49.24654      -0.00379      49.26169      -0.00379       0.00000       0.00000
    1.2213       0.00100       0.02427      49.24654      -0.00379      49.26169      -0.00379       0.00000       0.00000
    1.2219       0.00100       0.02427      49.24654      -0.00379      49.26169      -0.00379       0.00000       0.00000
    1.2225       0.00100       0.02427      49.24654      -0.00379      49.26169      -0.00379       0.00000       0.00000
    1.2231       0.00100       0.02427      49.24654      -0.00379      49.26169      -0.00379       0.00000       0.00000
    1.2238       0.00100       0.02427      49.24654      -0.00379      49.26169      -0.00379       0.00000       0.00000
    1.2244       0.00100       0.02427      49.24654      -0.00379      49.26169      -0.00379       0.00000       0.00000
    1.2250       0.00100       0.02427      49.24654      -0.00379      49.26169      -0.00379       0.00000       0.00000
    1.2256       0.00100       0.02427      49.24654      -0.00379      49.26169      -0.00379       0.00000       0.00000
    1.2263       0.00100       0.02427      49.24654      -0.00379      49.26169      -0.00379       0.00000       0.00000
    1.2269       0.00100       0.02427      49.24654      -0.00379      49.26169      -0.00379       0.00000       0.00000
    1.2275       0.00100       0.02427      49.24654      -0.00379      49.26169      -0.00379       0.00000       0.00000
    1.2281       0.00100       0.02427      49.24654      -0.00379      49.26169      -0.00379       0.00000       0.00000
    1.2288       0.00100       0.02427      49.24654      -0.00379      49.26169      -0.00379       0.00000       0.00000
    1.2294       0.00100       0.02427      49.24654      -0.00379      49.26169      -0.00379       0.00000       0.00000
    1.2300       0.00100       0.02427      49.24654      -0.00379      49.26169      -0.00379       0.00000       0.00000
    1.2306       0.00100       0.02427      49.24654      -0.00379      49.26169      -0.00379       0.00000       0.00000
    1.2313       0.00100       0.02427      49.24654      -0.00379      49.26169      -0.00379       0.00000       0.00000
    1.2319       0.00100       0.02427      49.24654      -0.00379      49.26169      -0.00379       0.00000       0.00000
    1.2325       0.00100       0.02427      49.24654      -0.00379      49.26169      -0.00379       0.00000       0.00000
    1.2331       0.00100       0.02427      49.24654      -0.00379      49.26169      -0.00379       0.00000       0.00000
    1.2338       0.00100       0.02427      49.24654      -0.00379      49.26169      -0.00379       0.00000       0.00000
    1.2344       0.00100       0.02427      49.24654      -0.00379      49.26169      -0.00379       0.00000       0.00000
    1.2350       0.00100       0.02427      49.24654      -0.00379      49.26169      -0.00379       0.00000       0.00000
    1.2356       0.00100       0.02427      49.24654      -0.00379      49.26169      -0.00379       0.00000       0.00000
    1.2363       0.00100       0.02427      49.24654      -0.00379      49.26169      -0.00379       0.00000       0.00000
    1.2369       0.00100       0.02427      49.24654      -0.00379      49.26169      -0.00379       0.00000       0.00000
    1.2375       0.00100       0.02427      49.24654      -0.00379      49.26169      -0.00379       0.00000       0.00000
    1.2381       0.00100       0.02427      49.24654      -0.00379      49.26169      -0.00379       0.00000       0.00000
    1.2388       0.00100       0.02427      49.24654      -0.00379      49.26169      -0.00379       0.00000       0.00000
    1.2394       0.00100       0.02427      49.24654      -0.00379      49.26169      -0.00379       0.00000       0.00000
    1.2400       0.00100       0.02427      49.24654      -0.00379      49.26169      -0.00379       0.00000       0.00000
    1.2406       0.00100       0.02427      49.24654      -0.00379      49.26169      -0.00379       0.00000       0.00000
    1.2413       0.00100       0.02427      49.24654      -0.00379      49.26169      -0.00379       0.00000       0.00000
    1.2419       0.00100       0.02427      49.24654      -0.00379      49.26169      -0.00379       0.00000       0.00000
    1.2425       0.00100       0.02427      49.24654      -0.00379      49.26169      -0.00379       0.00000       0.00000
    1.2431       0.00100       0.02427      49.24654      -0.00379      49.26169      -0.00379       0.00000       0.00000
    1.2438       0.00100       0.02427      49.24654      -0.00379      49.26169      -0.00379       0.00000       0.00000
    1.2444       0.00100       0.02427      49.24654      -0.00379      49.26169      -0.00379       0.00000       0.00000
    1.2450       0.00100       0.02427      49.24654      -0.00379      49.26169      -0.00379       0.00000       0.00000
    1.2456       0.00100       0.02427      49.24654      -0.00379      49.26169      -0.00379       0.00000       0.00000
    1.2463       0.00100       0.02427      49.24654      -0.00379      49.26169      -0.00379       0.00000       0.00000
    1.2469       0.00100       0.02427      49.24654      -0.00379      49.26169      -0.00379       0.00000       0.00000
    1.2475       0.00100       0.02427      49.24654      -0.00379      49.26169      -0.00379       0.00000       0.00000
    1.2481       0.00100       0.02427      49.24654      -0.00379      49.26169      -0.00379       0.00000       0.00000
    1.2488       0.00100       0.02427      49.24654      -0.00379      49.26169      -0.00379       0.00000       0.00000
    1.2494       0.00100       0.02427      49.24654      -0.00379      49.26169      -0.00379       0.00000       0.00000
    1.2500       0.00100       0.02427      49.24654      -0.00379      49.26169      -0.00379       0.00000       0.00000
    1.2506       0.00100       0.02427      49.24654      -0.00379      49.26169      -0.00379       0.00000       0.00000
    1.2513       0.00100       0.02427      49.24654      -0.00379      49.26169      -0.00379       0.00000       0.00000
    1.2519       0.00100       0.02427      49.24654      -0.00379      49.26169      -0.00379       0.00000       0.00000
    1.2525       0.00100       0.02427      49.24654      -0.00379      49.26169      -0.00379       0.00000       0.00000
    1.2531       0.00100       0.02427      49.24654      -0.00379      49.26169      -0.00379       0.00000       0.00000
    1.2538       0.00100       0.02427      49.24654      -0.00379      49.26169      -0.00379       0.00000       0.00000
    1.2544       0.00100       0.02427      49.24654      -0.00379      49.26169      -0.00379       0.00000       0.00000
    1.2550       0.00100       0.02427      49.24654      -0.00379      49.26169      -0.00379       0.00000       0.00000
    1.2556       0.00100       0.02427      49.24654      -0.00379      49.26169      -0.00379       0.00000       0.00000
    1.2563       0.00100       0.02427      49.24654      -0.00379      49.26169      -0.00379       0.00000       0.00000
    1.2569       0.00100       0.02427      49.24654      -0.00379      49.26169      -0.00379       0.00000       0.00000
    1.2575       0.00100       0.02427      49.24654      -0.00379      49.26169      -0.00379       0.00000       0.00000
    1.2581       0.00100       0.02427      49.24654      -0.00379      49.26169      -0.00379       0.00000       0.00000
    1.2588       0.00100       0.02427      49.24654      -0.00379      49.26169      -0.00379       0.00000       0.00000
    1.2594       0.00100       0.02427      49.24654      -0.00379      49.26169      -0.00379       0.00000       0.00000
    1.2600       0.00100       0.02427      49.24654      -0.00379      49.26169      -0.00379       0.00000       0.00000
    1.2606       0.00100       0.02427      49.24654      -0.00379      49.26169      -0.00379       0.00000       0.00000
    1.2613       0.00100       0.02427      49.24654      -0.00379      49.26169      -0.00379       0.00000       0.00000
    1.2619       0.00100       0.02427      49.24654      -0.00379      49.26169      -0.00379       0.00000       0.00000
    1.2625       0.00100       0.02427      49.24654      -0.00379      49.26169      -0.00379       0.00000       0.00000
    1.2631       0.00100       0.02427      49.24654      -0.00379      49.26169      -0.00379       0.00000       0.00000
    1.2638       0.00100       0.02427      49.24654      -0.00379      49.26169      -0.00379       0.00000       0.00000
    1.2644       0.00100       0.02427      49.24654      -0.00379      49.26169      -0.00379       0.00000       0.00000
    1.2650       0.00100       0.02427      49.24654      -0.00379      49.26169      -0.00379       0.00000       0.00000
    1.2656       0.00100       0.02427      49.24654      -0.00379      49.26169      -0.00379       0.00000       0.00000
    1.2663       0.00100       0.02427      49.24654      -0.00379      49.26169      -0.00379       0.00000       0.00000
    1.2669       0.00100       0.02427      49.24654      -0.00379      49.26169      -0.00379       0.00000       0.00000
    1.2675       0.00100       0.02427      49.24654      -0.00379      49.26169      -0.00379       0.00000       0.00000
    1.2681       0.00100       0.02427      49.24654      -0.00379      49.26169      -0.00379       0.00000       0.00000
    1.2688       0.00100       0.02427      49.24654      -0.00379      49.26169      -0.00379       0.00000       0.00000
    1.2694       0.00100       0.02427      49.24654      -0.00379      49.26169      -0.00379       0.00000       0.00000
    1.2700       0.00100       0.02427      49.24654      -0.00379      49.26169      -0.00379       0.00000       0.00000
    1.2706       0.00100       0.02427      49.24654      -0.00379      49.26169      -0.00379       0.00000       0.00000
    1.2713       0.00100       0.02427      49.24654      -0.00379      49.26169      -0.00379       0.00000       0.00000
    1.2719       0.00100       0.02427      49.24654      -0.00379      49.26169      -0.00379       0.00000       0.00000
    1.2725       0.00100       0.02427      49.24654      -0.00379      49.26169      -0.00379       0.00000       0.00000
    1.2731       0.00100       0.02427      49.24654      -0.00379      49.26169      -0.00379       0.00000       0.00000
    1.2738       0.00100       0.02427      49.24654      -0.00379      49.26169      -0.00379       0.00000       0.00000
    1.2744       0.00100       0.02427      49.24654      -0.00379      49.26169      -0.00379       0.00000       0.00000
    1.2750       0.00100       0.02427      49.24654      -0.00379      49.26169      -0.00379       0.00000       0.00000
    1.2756       0.00100       0.02427      49.24654      -0.00379      49.26169      -0.00379       0.00000       0.00000
    1.2763       0.00100       0.02427      49.24654      -0.00379      49.26169      -0.00379       0.00000       0.00000
    1.2769       0.00100       0.02427      49.24654      -0.00379      49.26169      -0.00379       0.00000       0.00000
    1.2775       0.00100       0.02427      49.24654      -0.00379      49.26169      -0.00379       0.00000       0.00000
    1.2781       0.00100       0.02427      49.24654      -0.00379      49.26169      -0.00379       0.00000       0.00000
    1.2788       0.00100       0.02427      49.24654      -0.00379      49.26169      -0.00379       0.00000       0.00000
    1.2794       0.00100       0.02427      49.24654      -0.00379      49.26169      -0.00379       0.00000       0.00000
    1.2800       0.00100       0.02427      49.24654      -0.00379      49.26169      -0.00379       0.00000       0.00000
    1.2806       0.00100       0.02427      49.24654      -0.00379      49.26169      -0.00379       0.00000       0.00000
    1.2813       0.00100       0.02427      49.24654      -0.00379      49.26169      -0.00379       0.00000       0.00000
    1.2819       0.00100       0.02427      49.24654      -0.00379      49.26169      -0.00379       0.00000       0.00000
    1.2825       0.00100       0.02427      49.24654      -0.00379      49.26169      -0.00379       0.00000       0.00000
    1.2831       0.00100       0.02427      49.24654      -0.00379      49.26169      -0.00379       0.00000       0.00000
    1.2838       0.00100       0.02427      49.24654      -0.00379      49.26169      -0.00379       0.00000       0.00000
    1.2844       0.00100       0.02427      49.24654      -0.00379      49.26169      -0.00379       0.00000       0.00000
    1.2850       0.00100       0.02427      49.24654      -0.00379      49.26169      -0.00379       0.00000       0.00000
    1.2856       0.00100       0.02427      49.24654      -0.00379      49.26169      -0.00379       0.00000       0.00000
    1.2863       0.00100       0.02427      49.24654      -0.00379      49.26169      -0.00379       0.00000       0.00000
    1.2869       0.00100       0.02427      49.24654      -0.00379      49.26169      -0.00379       0.00000       0.00000
    1.2875       0.00100       0.02427      49.24654      -0.00379      49.26169      -0.00379       0.00000       0.00000
    1.2881       0.00100       0.02427      49.24654      -0.00379      49.26169      -0.00379       0.00000       0.00000
    1.2888       0.00100       0.02427      49.24654      -0.00379      49.26169      -0.00379       0.00000       0.00000
    1.2894       0.00100       0.02427      49.24654      -0.00379      49.26169      -0.00379       0.00000       0.00000
    1.2900       0.00100       0.02427      49.24654      -0.00379      49.26169      -0.00379       0.00000       0.00000
    1.2906       0.00100       0.02427      49.24654      -0.00379      49.26169      -0.00379       0.00000       0.00000
    1.2913       0.00100       0.02427      49.24654      -0.00379      49.26169      -0.00379       0.00000       0.00000
    1.2919       0.00100       0.02427      49.24654      -0.00379      49.26169      -0.00379       0.00000       0.00000
    1.2925       0.00100       0.02427      49.24654      -0.00379      49.26169      -0.00379       0.00000       0.00000
    1.2931       0.00100       0.02427      49.24654      -0.00379      49.26169      -0.00379       0.00000       0.00000
    1.2938       0.00100       0.02427      49.24654      -0.00379      49.26169      -0.00379       0.00000       0.00000
    1.2944       0.00100       0.02427      49.24654      -0.00379      49.26169      -0.00379       0.00000       0.00000
    1.2950       0.00100       0.02427      49.24654      -0.00379      49.26169      -0.00379       0.00000       0.00000
    1.2956       0.00100       0.02427      49.24654      -0.00379      49.26169      -0.00379       0.00000       0.00000
    1.2963       0.00100       0.02427      49.24654      -0.00379      49.26169      -0.00379       0.00000       0.00000
    1.2969       0.00100       0.02427      49.24654      -0.00379      49.26169      -0.00379       0.00000       0.00000
    1.2975       0.00100       0.02427      49.24654      -0.00379      49.26169      -0.00379       0.00000       0.00000
    1.2981       0.00100       0.02427      49.24654      -0.00379      49.26169      -0.00379       0.00000       0.00000
    1.2988       0.00100       0.02427      49.24654      -0.00379      49.26169      -0.00379       0.00000       0.00000
    1.2994       0.00100       0.02427      49.24654      -0.00379      49.26169      -0.00379       0.00000       0.00000
    1.3000       0.00100       0.02427      49.24654      -0.00379      49.26169      -0.00379       0.00000       0.00000
    1.3006       0.00100       0.02427      49.24654      -0.00379      49.26169      -0.00379       0.00000       0.00000
    1.3013       0.00100       0.02427      49.24654      -0.00379      49.26169      -0.00379       0.00000       0.00000
    1.3019       0.00100       0.02427      49.24654      -0.00379      49.26169      -0.00379       0.00000       0.00000
    1.3025       0.00100       0.02427      49.24654      -0.00379      49.26169      -0.00379       0.00000       0.00000
    1.3031       0.00100       0.02427      49.24654      -0.00379      49.26169      -0.00379       0.00000       0.00000
    1.3038       0.00100       0.02427      49.24654      -0.00379      49.26169      -0.00379       0.00000       0.00000
    1.3044       0.00100       0.02427      49.24654      -0.00379      49.26169      -0.00379       0.00000       0.00000
    1.3050       0.00100       0.02427      49.24654      -0.00379      49.26169      -0.00379       0.00000       0.00000
    1.3056       0.00100       0.02427      49.24654      -0.00379      49.26169      -0.00379       0.00000       0.00000
    1.3063       0.00100       0.02427      49.24654      -0.00379      49.26169      -0.00379       0.00000       0.00000
    1.3069       0.00100       0.02427      49.24654      -0.00379      49.26169      -0.00379       0.00000       0.00000
    1.3075       0.00100       0.02427      49.24654      -0.00379      49.26169      -0.00379       0.00000       0.00000
    1.3081       0.00100       0.02427      49.24654      -0.00379      49.26169      -0.00379       0.00000       0.00000
    1.3088       0.00100       0.02427      49.24654      -0.00379      49.26169      -0.00379       0.00000       0.00000
    1.3094       0.00100       0.02427      49.24654      -0.00379      49.26169      -0.00379       0.00000       0.00000
    1.3100       0.00100       0.02427      49.24654      -0.00379      49.26169      -0.00379       0.00000       0.00000
    1.3106       0.00100       0.02427      49.24654      -0.00379      49.26169      -0.00379       0.00000       0.00000
    1.3113       0.00100       0.02427      49.24654      -0.00379      49.26169      -0.00379       0.00000       0.00000
    1.3119       0.00100       0.02427      49.24654      -0.00379      49.26169      -0.00379       0.00000       0.00000
    1.3125       0.00100       0.02427      49.24654      -0.00379      49.26169      -0.00379       0.00000       0.00000
    1.3131       0.00100       0.02427      49.24654      -0.00379      49.26169      -0.00379       0.00000       0.00000
    1.3138       0.00100       0.02427      49.24654      -0.00379      49.26169      -0.00379       0.00000       0.00000
    1.3144       0.00100       0.02427      49.24654      -0.00379      49.26169      -0.00379       0.00000       0.00000
    1.3150       0.00100       0.02427      49.24654      -0.00379      49.26169      -0.00379       0.00000       0.00000
    1.3156       0.00100       0.02427      49.24654      -0.00379      49.26169      -0.00379       0.00000       0.00000
    1.3163       0.00100       0.02427      49.24654      -0.00379      49.26169      -0.00379       0.00000       0.00000
    1.3169       0.00100       0.02427      49.24654      -0.00379      49.26169      -0.00379       0.00000       0.00000
    1.3175       0.00100       0.02427      49.24654      -0.00379      49.26169      -0.00379       0.00000       0.00000
    1.3181       0.00100       0.02427      49.24654      -0.00379      49.26169      -0.00379       0.00000       0.00000
    1.3188       0.00100       0.02427      49.24654      -0.00379      49.26169      -0.00379       0.00000       0.00000
    1.3194       0.00100       0.02427      49.24654      -0.00379      49.26169      -0.00379       0.00000       0.00000
    1.3200       0.00100       0.02427      49.24654      -0.00379      49.26169      -0.00379       0.00000       0.00000
    1.3206       0.00100       0.02427      49.24654      -0.00379      49.26169      -0.00379       0.00000       0.00000
    1.3213       0.00100       0.02427      49.24654      -0.00379      49.26169      -0.00379       0.00000       0.00000
    1.3219       0.00100       0.02427      49.24654      -0.00379      49.26169      -0.00379       0.00000       0.00000
    1.3225       0.00100       0.02427      49.24654      -0.00379      49.26169      -0.00379       0.00000       0.00000
    1.3231       0.00100       0.02427      49.24654      -0.00379      49.26169      -0.00379       0.00000       0.00000
    1.3238       0.00100       0.02427      49.24654      -0.00379      49.26169      -0.00379       0.00000       0.00000
    1.3244       0.00100       0.02427      49.24654      -0.00379      49.26169      -0.00379       0.00000       0.00000
    1.3250       0.00100       0.02427      49.24654      -0.00379      49.26169      -0.00379       0.00000       0.00000
    1.3256       0.00100       0.02427      49.24654      -0.00379      49.26169      -0.00379       0.00000       0.00000
    1.3263       0.00100       0.02427      49.24654      -0.00379      49.26169      -0.00379       0.00000       0.00000
    1.3269       0.00100       0.02427      49.24654      -0.00379      49.26169      -0.00379       0.00000       0.00000
    1.3275       0.00100       0.02427      49.24654      -0.00379      49.26169      -0.00379       0.00000       0.00000
    1.3281       0.00100       0.02427      49.24654      -0.00379      49.26169      -0.00379       0.00000       0.00000
    1.3288       0.00100       0.02427      49.24654      -0.00379      49.26169      -0.00379       0.00000       0.00000
    1.3294       0.00100       0.02427      49.24654      -0.00379      49.26169      -0.00379       0.00000       0.00000
    1.3300       0.00100       0.02427      49.24654      -0.00379      49.26169      -0.00379       0.00000       0.00000
    1.3306       0.00100       0.02427      49.24654      -0.00379      49.26169      -0.00379       0.00000       0.00000
    1.3313       0.00100       0.02427      49.24654      -0.00379      49.26169      -0.00379       0.00000       0.00000
    1.3319       0.00100       0.02427      49.24654      -0.00379      49.26169      -0.00379       0.00000       0.00000
    1.3325       0.00100       0.02427      49.24654      -0.00379      49.26169      -0.00379       0.00000       0.00000
    1.3331       0.00100       0.02427      49.24654      -0.00379      49.26169      -0.00379       0.00000       0.00000
    1.3338       0.00100       0.02427      49.24654      -0.00379      49.26169      -0.00379       0.00000       0.00000
    1.3344       0.00100       0.02427      49.24654      -0.00379      49.26169      -0.00379       0.00000       0.00000
    1.3350       0.00100       0.02427      49.24654      -0.00379      49.26169      -0.00379       0.00000       0.00000
    1.3356       0.00100       0.02427      49.24654      -0.00379      49.26169      -0.00379       0.00000       0.00000
    1.3363       0.00100       0.02427      49.24654      -0.00379      49.26169      -0.00379       0.00000       0.00000
    1.3369       0.00100       0.02427      49.24654      -0.00379      49.26169      -0.00379       0.00000       0.00000
    1.3375       0.00100       0.02427      49.24654      -0.00379      49.26169      -0.00379       0.00000       0.00000
    1.3381       0.00100       0.02427      49.24654      -0.00379      49.26169      -0.00379       0.00000       0.00000
    1.3388       0.00100       0.02427      49.24654      -0.00379      49.26169      -0.00379       0.00000       0.00000
    1.3394       0.00100       0.02427      49.24654      -0.00379      49.26169      -0.00379       0.00000       0.00000
    1.3400       0.00100       0.02427      49.24654      -0.00379      49.26169      -0.00379       0.00000       0.00000
    1.3406       0.00100       0.02427      49.24654      -0.00379      49.26169      -0.00379       0.00000       0.00000
    1.3413       0.00100       0.02427      49.24654      -0.00379      49.26169      -0.00379       0.00000       0.00000
    1.3419       0.00100       0.02427      49.24654      -0.00379      49.26169      -0.00379       0.00000       0.00000
    1.3425       0.00100       0.02427      49.24654      -0.00379      49.26169      -0.00379       0.00000       0.00000
    1.3431       0.00100       0.02427      49.24654      -0.00379      49.26169      -0.00379       0.00000       0.00000
    1.3438       0.00100       0.02427      49.24654      -0.00379      49.26169      -0.00379       0.00000       0.00000
    1.3444       0.00100       0.02427      49.24654      -0.00379      49.26169      -0.00379       0.00000       0.00000
    1.3450       0.00100       0.02427      49.24654      -0.00379      49.26169      -0.00379       0.00000       0.00000
    1.3456       0.00100       0.02427      49.24654      -0.00379      49.26169      -0.00379       0.00000       0.00000
    1.3463       0.00100       0.02427      49.24654      -0.00379      49.26169      -0.00379       0.00000       0.00000
    1.3469       0.00100       0.02427      49.24654      -0.00379      49.26169      -0.00379       0.00000       0.00000
    1.3475       0.00100       0.02427      49.24654      -0.00379      49.26169      -0.00379       0.00000       0.00000
    1.3481       0.00100       0.02427      49.24654      -0.00379      49.26169      -0.00379       0.00000       0.00000
    1.3488       0.00100       0.02427      49.24654      -0.00379      49.26169      -0.00379       0.00000       0.00000
    1.3494       0.00100       0.02427      49.24654      -0.00379      49.26169      -0.00379       0.00000       0.00000
    1.3500       0.00100       0.02427      49.24654      -0.00379      49.26169      -0.00379       0.00000       0.00000
    1.3506       0.00100       0.02427      49.24654      -0.00379      49.26169      -0.00379       0.00000       0.00000
    1.3513       0.00100       0.02427      49.24654      -0.00379      49.26169      -0.00379       0.00000       0.00000
    1.3519       0.00100       0.02427      49.24654      -0.00379      49.26169      -0.00379       0.00000       0.00000
    1.3525       0.00100       0.02427      49.24654      -0.00379      49.26169      -0.00379       0.00000       0.00000
    1.3531       0.00100       0.02427      49.24654      -0.00379      49.26169      -0.00379       0.00000       0.00000
    1.3538       0.00100       0.02427      49.24654      -0.00379      49.26169      -0.00379       0.00000       0.00000
    1.3544       0.00100       0.02427      49.24654      -0.00379      49.26169      -0.00379       0.00000       0.00000
    1.3550       0.00100       0.02427      49.24654      -0.00379      49.26169      -0.00379       0.00000       0.00000
    1.3556       0.00100       0.02427      49.24654      -0.00379      49.26169      -0.00379       0.00000       0.00000
    1.3563       0.00100       0.02427      49.24654      -0.00379      49.26169      -0.00379       0.00000       0.00000
    1.3569       0.00100       0.02427      49.24654      -0.00379      49.26169      -0.00379       0.00000       0.00000
    1.3575       0.00100       0.02427      49.24654      -0.00379      49.26169      -0.00379       0.00000       0.00000
    1.3581       0.00100       0.02427      49.24654      -0.00379      49.26169      -0.00379       0.00000       0.00000
    1.3588       0.00100       0.02427      49.24654      -0.00379      49.26169      -0.00379       0.00000       0.00000
    1.3594       0.00100       0.02427      49.24654      -0.00379      49.26169      -0.00379       0.00000       0.00000
    1.3600       0.00100       0.02427      49.24654      -0.00379      49.26169      -0.00379       0.00000       0.00000
    1.3606       0.00100       0.02427      49.24654      -0.00379      49.26169      -0.00379       0.00000       0.00000
    1.3613       0.00100       0.02427      49.24654      -0.00379      49.26169      -0.00379       0.00000       0.00000
    1.3619       0.00100       0.02427      49.24654      -0.00379      49.26169      -0.00379       0.00000       0.00000
    1.3625       0.00100       0.02427      49.24654      -0.00379      49.26169      -0.00379       0.00000       0.00000
    1.3631       0.00100       0.02427      49.24654      -0.00379      49.26169      -0.00379       0.00000       0.00000
    1.3638       0.00100       0.02427      49.24654      -0.00379      49.26169      -0.00379       0.00000       0.00000
    1.3644       0.00100       0.02427      49.24654      -0.00379      49.26169      -0.00379       0.00000       0.00000
    1.3650       0.00100       0.02427      49.24654      -0.00379      49.26169      -0.00379       0.00000       0.00000
    1.3656       0.00100       0.02427      49.24654      -0.00379      49.26169      -0.00379       0.00000       0.00000
    1.3663       0.00100       0.02427      49.24654      -0.00379      49.26169      -0.00379       0.00000       0.00000
    1.3669       0.00100       0.02427      49.24654      -0.00379      49.26169      -0.00379       0.00000       0.00000
    1.3675       0.00100       0.02427      49.24654      -0.00379      49.26169      -0.00379       0.00000       0.00000
    1.3681       0.00100       0.02427      49.24654      -0.00379      49.26169      -0.00379       0.00000       0.00000
    1.3688       0.00100       0.02427      49.24654      -0.00379      49.26169      -0.00379       0.00000       0.00000
    1.3694       0.00100       0.02427      49.24654      -0.00379      49.26169      -0.00379       0.00000       0.00000
    1.3700       0.00100       0.02427      49.24654      -0.00379      49.26169      -0.00379       0.00000       0.00000
    1.3706       0.00100       0.02427      49.24654      -0.00379      49.26169      -0.00379       0.00000       0.00000
    1.3713       0.00100       0.02427      49.24654      -0.00379      49.26169      -0.00379       0.00000       0.00000
    1.3719       0.00100       0.02427      49.24654      -0.00379      49.26169      -0.00379       0.00000       0.00000
    1.3725       0.00100       0.02427      49.24654      -0.00379      49.26169      -0.00379       0.00000       0.00000
    1.3731       0.00100       0.02427      49.24654      -0.00379      49.26169      -0.00379       0.00000       0.00000
    1.3738       0.00100       0.02427      49.24654      -0.00379      49.26169      -0.00379       0.00000       0.00000
    1.3744       0.00100       0.02427      49.24654      -0.00379      49.26169      -0.00379       0.00000       0.00000
    1.3750       0.00100       0.02427      49.24654      -0.00379      49.26169      -0.00379       0.00000       0.00000
    1.3756       0.00100       0.02427      49.24654      -0.00379      49.26169      -0.00379       0.00000       0.00000
    1.3763       0.00100       0.02427      49.24654      -0.00379      49.26169      -0.00379       0.00000       0.00000
    1.3769       0.00100       0.02427      49.24654      -0.00379      49.26169      -0.00379       0.00000       0.00000
    1.3775       0.00100       0.02427      49.24654      -0.00379      49.26169      -0.00379       0.00000       0.00000
    1.3781       0.00100       0.02427      49.24654      -0.00379      49.26169      -0.00379       0.00000       0.00000
    1.3788       0.00100       0.02427      49.24654      -0.00379      49.26169      -0.00379       0.00000       0.00000
    1.3794       0.00100       0.02427      49.24654      -0.00379      49.26169      -0.00379       0.00000       0.00000
    1.3800       0.00100       0.02427      49.24654      -0.00379      49.26169      -0.00379       0.00000       0.00000
    1.3806       0.00100       0.02427      49.24654      -0.00379      49.26169      -0.00379       0.00000       0.00000
    1.3813       0.00100       0.02427      49.24654      -0.00379      49.26169      -0.00379       0.00000       0.00000
    1.3819       0.00100       0.02427      49.24654      -0.00379      49.26169      -0.00379       0.00000       0.00000
    1.3825       0.00100       0.02427      49.24654      -0.00379      49.26169      -0.00379       0.00000       0.00000
    1.3831       0.00100       0.02427      49.24654      -0.00379      49.26169      -0.00379       0.00000       0.00000
    1.3838       0.00100       0.02427      49.24654      -0.00379      49.26169      -0.00379       0.00000       0.00000
    1.3844       0.00100       0.02427      49.24654      -0.00379      49.26169      -0.00379       0.00000       0.00000
    1.3850       0.00100       0.02427      49.24654      -0.00379      49.26169      -0.00379       0.00000       0.00000
    1.3856       0.00100       0.02427      49.24654      -0.00379      49.26169      -0.00379       0.00000       0.00000
    1.3863       0.00100       0.02427      49.24654      -0.00379      49.26169      -0.00379       0.00000       0.00000
    1.3869       0.00100       0.02427      49.24654      -0.00379      49.26169      -0.00379       0.00000       0.00000
    1.3875       0.00100       0.02427      49.24654      -0.00379      49.26169      -0.00379       0.00000       0.00000
    1.3881       0.00100       0.02427      49.24654      -0.00379      49.26169      -0.00379       0.00000       0.00000
    1.3888       0.00100       0.02427      49.24654      -0.00379      49.26169      -0.00379       0.00000       0.00000
    1.3894       0.00100       0.02427      49.24654      -0.00379      49.26169      -0.00379       0.00000       0.00000
    1.3900       0.00100       0.02427      49.24654      -0.00379      49.26169      -0.00379       0.00000       0.00000
    1.3906       0.00100       0.02427      49.24654      -0.00379      49.26169      -0.00379       0.00000       0.00000
    1.3913       0.00100       0.02427      49.24654      -0.00379      49.26169      -0.00379       0.00000       0.00000
    1.3919       0.00100       0.02427      49.24654      -0.00379      49.26169      -0.00379       0.00000       0.00000
    1.3925       0.00100       0.02427      49.24654      -0.00379      49.26169      -0.00379       0.00000       0.00000
    1.3931       0.00100       0.02427      49.24654      -0.00379      49.26169      -0.00379       0.00000       0.00000
    1.3938       0.00100       0.02427      49.24654      -0.00379      49.26169      -0.00379       0.00000       0.00000
    1.3944       0.00100       0.02427      49.24654      -0.00379      49.26169      -0.00379       0.00000       0.00000
    1.3950       0.00100       0.02427      49.24654      -0.00379      49.26169      -0.00379       0.00000       0.00000
    1.3956       0.00100       0.02427      49.24654      -0.00379      49.26169      -0.00379       0.00000       0.00000
    1.3963       0.00100       0.02427      49.24654      -0.00379      49.26169      -0.00379       0.00000       0.00000
    1.3969       0.00100       0.02427      49.24654      -0.00379      49.26169      -0.00379       0.00000       0.00000
    1.3975       0.00100       0.02427      49.24654      -0.00379      49.26169      -0.00379       0.00000       0.00000
    1.3981       0.00100       0.02427      49.24654      -0.00379      49.26169      -0.00379       0.00000       0.00000
    1.3988       0.00100       0.02427      49.24654      -0.00379      49.26169      -0.00379       0.00000       0.00000
    1.3994       0.00100       0.02427      49.24654      -0.00379      49.26169      -0.00379       0.00000       0.00000
    1.4000       0.00100       0.02427      49.24654      -0.00379      49.26169      -0.00379       0.00000       0.00000
    1.4006       0.00100       0.02427      49.24654      -0.00379      49.26169      -0.00379       0.00000       0.00000
    1.4013       0.00100       0.02427      49.24654      -0.00379      49.26169      -0.00379       0.00000       0.00000
    1.4019       0.00100       0.02427      49.24654      -0.00379      49.26169      -0.00379       0.00000       0.00000
    1.4025       0.00100       0.02427      49.24654      -0.00379      49.26169      -0.00379       0.00000       0.00000
    1.4031       0.00100       0.02427      49.24654      -0.00379      49.26169      -0.00379       0.00000       0.00000
    1.4038       0.00100       0.02427      49.24654      -0.00379      49.26169      -0.00379       0.00000       0.00000
    1.4044       0.00100       0.02427      49.24654      -0.00379      49.26169      -0.00379       0.00000       0.00000
    1.4050       0.00100       0.02427      49.24654      -0.00379      49.26169      -0.00379       0.00000       0.00000
    1.4056       0.00100       0.02427      49.24654      -0.00379      49.26169      -0.00379       0.00000       0.00000
    1.4063       0.00100       0.02427      49.24654      -0.00379      49.26169      -0.00379       0.00000       0.00000
    1.4069       0.00100       0.02427      49.24654      -0.00379      49.26169      -0.00379       0.00000       0.00000
    1.4075       0.00100       0.02427      49.24654      -0.00379      49.26169      -0.00379       0.00000       0.00000
    1.4081       0.00100       0.02427      49.24654      -0.00379      49.26169      -0.00379       0.00000       0.00000
    1.4088       0.00100       0.02427      49.24654      -0.00379      49.26169      -0.00379       0.00000       0.00000
    1.4094       0.00100       0.02427      49.24654      -0.00379      49.26169      -0.00379       0.00000       0.00000
    1.4100       0.00100       0.02427      49.24654      -0.00379      49.26169      -0.00379       0.00000       0.00000
    1.4106       0.00100       0.02427      49.24654      -0.00379      49.26169      -0.00379       0.00000       0.00000
    1.4113       0.00100       0.02427      49.24654      -0.00379      49.26169      -0.00379       0.00000       0.00000
    1.4119       0.00100       0.02427      49.24654      -0.00379      49.26169      -0.00379       0.00000       0.00000
    1.4125       0.00100       0.02427      49.24654      -0.00379      49.26169      -0.00379       0.00000       0.00000
    1.4131       0.00100       0.02427      49.24654      -0.00379      49.26169      -0.00379       0.00000       0.00000
    1.4138       0.00100       0.02427      49.24654      -0.00379      49.26169      -0.00379       0.00000       0.00000
    1.4144       0.00100       0.02427      49.24654      -0.00379      49.26169      -0.00379       0.00000       0.00000
    1.4150       0.00100       0.02427      49.24654      -0.00379      49.26169      -0.00379       0.00000       0.00000
    1.4156       0.00100       0.02427      49.24654      -0.00379      49.26169      -0.00379       0.00000       0.00000
    1.4163       0.00100       0.02427      49.24654      -0.00379      49.26169      -0.00379       0.00000       0.00000
    1.4169       0.00100       0.02427      49.24654      -0.00379      49.26169      -0.00379       0.00000       0.00000
    1.4175       0.00100       0.02427      49.24654      -0.00379      49.26169      -0.00379       0.00000       0.00000
    1.4181       0.00100       0.02427      49.24654      -0.00379      49.26169      -0.00379       0.00000       0.00000
    1.4188       0.00100       0.02427      49.24654      -0.00379      49.26169      -0.00379       0.00000       0.00000
    1.4194       0.00100       0.02427      49.24654      -0.00379      49.26169      -0.00379       0.00000       0.00000
    1.4200       0.00100       0.02427      49.24654      -0.00379      49.26169      -0.00379       0.00000       0.00000
    1.4206       0.00100       0.02427      49.24654      -0.00379      49.26169      -0.00379       0.00000       0.00000
    1.4213       0.00100       0.02427      49.24654      -0.00379      49.26169      -0.00379       0.00000       0.00000
    1.4219       0.00100       0.02427      49.24654      -0.00379      49.26169      -0.00379       0.00000       0.00000
    1.4225       0.00100       0.02427      49.24654      -0.00379      49.26169      -0.00379       0.00000       0.00000
    1.4231       0.00100       0.02427      49.24654      -0.00379      49.26169      -0.00379       0.00000       0.00000
    1.4238       0.00100       0.02427      49.24654      -0.00379      49.26169      -0.00379       0.00000       0.00000
    1.4244       0.00100       0.02427      49.24654      -0.00379      49.26169      -0.00379       0.00000       0.00000
    1.4250       0.00100       0.02427      49.24654      -0.00379      49.26169      -0.00379       0.00000       0.00000
    1.4256       0.00100       0.02427      49.24654      -0.00379      49.26169      -0.00379       0.00000       0.00000
    1.4263       0.00100       0.02427      49.24654      -0.00379      49.26169      -0.00379       0.00000       0.00000
    1.4269       0.00100       0.02427      49.24654      -0.00379      49.26169      -0.00379       0.00000       0.00000
    1.4275       0.00100       0.02427      49.24654      -0.00379      49.26169      -0.00379       0.00000       0.00000
    1.4281       0.00100       0.02427      49.24654      -0.00379      49.26169      -0.00379       0.00000       0.00000
    1.4288       0.00100       0.02427      49.24654      -0.00379      49.26169      -0.00379       0.00000       0.00000
    1.4294       0.00100       0.02427      49.24654      -0.00379      49.26169      -0.00379       0.00000       0.00000
    1.4300       0.00100       0.02427      49.24654      -0.00379      49.26169      -0.00379       0.00000       0.00000
    1.4306       0.00100       0.02427      49.24654      -0.00379      49.26169      -0.00379       0.00000       0.00000
    1.4313       0.00100       0.02427      49.24654      -0.00379      49.26169      -0.00379       0.00000       0.00000
    1.4319       0.00100       0.02427      49.24654      -0.00379      49.26169      -0.00379       0.00000       0.00000
    1.4325       0.00100       0.02427      49.24654      -0.00379      49.26169      -0.00379       0.00000       0.00000
    1.4331       0.00100       0.02427      49.24654      -0.00379      49.26169      -0.00379       0.00000       0.00000
    1.4338       0.00100       0.02427      49.24654      -0.00379      49.26169      -0.00379       0.00000       0.00000
    1.4344       0.00100       0.02427      49.24654      -0.00379      49.26169      -0.00379       0.00000       0.00000
    1.4350       0.00100       0.02427      49.24654      -0.00379      49.26169      -0.00379       0.00000       0.00000
    1.4356       0.00100       0.02427      49.24654      -0.00379      49.26169      -0.00379       0.00000       0.00000
    1.4363       0.00100       0.02427      49.24654      -0.00379      49.26169      -0.00379       0.00000       0.00000
    1.4369       0.00100       0.02427      49.24654      -0.00379      49.26169      -0.00379       0.00000       0.00000
    1.4375       0.00100       0.02427      49.24654      -0.00379      49.26169      -0.00379       0.00000       0.00000
    1.4381       0.00100       0.02427      49.24654      -0.00379      49.26169      -0.00379       0.00000       0.00000
    1.4388       0.00100       0.02427      49.24654      -0.00379      49.26169      -0.00379       0.00000       0.00000
    1.4394       0.00100       0.02427      49.24654      -0.00379      49.26169      -0.00379       0.00000       0.00000
    1.4400       0.00100       0.02427      49.24654      -0.00379      49.26169      -0.00379       0.00000       0.00000
    1.4406       0.00100       0.02427      49.24654      -0.00379      49.26169      -0.00379       0.00000       0.00000
    1.4413       0.00100       0.02427      49.24654      -0.00379      49.26169      -0.00379       0.00000       0.00000
    1.4419       0.00100       0.02427      49.24654      -0.00379      49.26169      -0.00379       0.00000       0.00000
    1.4425       0.00100       0.02427      49.24654      -0.00379      49.26169      -0.00379       0.00000       0.00000
    1.4431       0.00100       0.02427      49.24654      -0.00379      49.26169      -0.00379       0.00000       0.00000
    1.4438       0.00100       0.02427      49.24654      -0.00379      49.26169      -0.00379       0.00000       0.00000
    1.4444       0.00100       0.02427      49.24654      -0.00379      49.26169      -0.00379       0.00000       0.00000
    1.4450       0.00100       0.02427      49.24654      -0.00379      49.26169      -0.00379       0.00000       0.00000
    1.4456       0.00100       0.02427      49.24654      -0.00379      49.26169      -0.00379       0.00000       0.00000
    1.4463       0.00100       0.02427      49.24654      -0.00379      49.26169      -0.00379       0.00000       0.00000
    1.4469       0.00100       0.02427      49.24654      -0.00379      49.26169      -0.00379       0.00000       0.00000
    1.4475       0.00100       0.02427      49.24654      -0.00379      49.26169      -0.00379       0.00000       0.00000
    1.4481       0.00100       0.02427      49.24654      -0.00379      49.26169      -0.00379       0.00000       0.00000
    1.4488       0.00100       0.02427      49.24654      -0.00379      49.26169      -0.00379       0.00000       0.00000
    1.4494       0.00100       0.02427      49.24654      -0.00379      49.26169      -0.00379       0.00000       0.00000
    1.4500       0.00100       0.02427      49.24654      -0.00379      49.26169      -0.00379       0.00000       0.00000
    1.4506       0.00100       0.02427      49.24654      -0.00379      49.26169      -0.00379       0.00000       0.00000
    1.4513       0.00100       0.02427      49.24654      -0.00379      49.26169      -0.00379       0.00000       0.00000
    1.4519       0.00100       0.02427      49.24654      -0.00379      49.26169      -0.00379       0.00000       0.00000
    1.4525       0.00100       0.02427      49.24654      -0.00379      49.26169      -0.00379       0.00000       0.00000
    1.4531       0.00100       0.02427      49.24654      -0.00379      49.26169      -0.00379       0.00000       0.00000
    1.4538       0.00100       0.02427      49.24654      -0.00379      49.26169      -0.00379       0.00000       0.00000
    1.4544       0.00100       0.02427      49.24654      -0.00379      49.26169      -0.00379       0.00000       0.00000
    1.4550       0.00100       0.02427      49.24654      -0.00379      49.26169      -0.00379       0.00000       0.00000
    1.4556       0.00100       0.02427      49.24654      -0.00379      49.26169      -0.00379       0.00000       0.00000
    1.4563       0.00100       0.02427      49.24654      -0.00379      49.26169      -0.00379       0.00000       0.00000
    1.4569       0.00100       0.02427      49.24654      -0.00379      49.26169      -0.00379       0.00000       0.00000
    1.4575       0.00100       0.02427      49.24654      -0.00379      49.26169      -0.00379       0.00000       0.00000
    1.4581       0.00100       0.02427      49.24654      -0.00379      49.26169      -0.00379       0.00000       0.00000
    1.4588       0.00100       0.02427      49.24654      -0.00379      49.26169      -0.00379       0.00000       0.00000
    1.4594       0.00100       0.02427      49.24654      -0.00379      49.26169      -0.00379       0.00000       0.00000
    1.4600       0.00100       0.02427      49.24654      -0.00379      49.26169      -0.00379       0.00000       0.00000
    1.4606       0.00100       0.02427      49.24654      -0.00379      49.26169      -0.00379       0.00000       0.00000
    1.4613       0.00100       0.02427      49.24654      -0.00379      49.26169      -0.00379       0.00000       0.00000
    1.4619       0.00100       0.02427      49.24654      -0.00379      49.26169      -0.00379       0.00000       0.00000
    1.4625       0.00100       0.02427      49.24654      -0.00379      49.26169      -0.00379       0.00000       0.00000
    1.4631       0.00100       0.02427      49.24654      -0.00379      49.26169      -0.00379       0.00000       0.00000
    1.4638       0.00100       0.02427      49.24654      -0.00379      49.26169      -0.00379       0.00000       0.00000
    1.4644       0.00100       0.02427      49.24654      -0.00379      49.26169      -0.00379       0.00000       0.00000
    1.4650       0.00100       0.02427      49.24654      -0.00379      49.26169      -0.00379       0.00000       0.00000
    1.4656       0.00100       0.02427      49.24654      -0.00379      49.26169      -0.00379       0.00000       0.00000
    1.4663       0.00100       0.02427      49.24654      -0.00379      49.26169      -0.00379       0.00000       0.00000
    1.4669       0.00100       0.02427      49.24654      -0.00379      49.26169      -0.00379       0.00000       0.00000
    1.4675       0.00100       0.02427      49.24654      -0.00379      49.26169      -0.00379       0.00000       0.00000
    1.4681       0.00100       0.02427      49.24654      -0.00379      49.26169      -0.00379       0.00000       0.00000
    1.4688       0.00100       0.02427      49.24654      -0.00379      49.26169      -0.00379       0.00000       0.00000
    1.4694       0.00100       0.02427      49.24654      -0.00379      49.26169      -0.00379       0.00000       0.00000
    1.4700       0.00100       0.02427      49.24654      -0.00379      49.26169      -0.00379       0.00000       0.00000
    1.4706       0.00100       0.02427      49.24654      -0.00379      49.26169      -0.00379       0.00000       0.00000
    1.4713       0.00100       0.02427      49.24654      -0.00379      49.26169      -0.00379       0.00000       0.00000
    1.4719       0.00100       0.02427      49.24654      -0.00379      49.26169      -0.00379       0.00000       0.00000
    1.4725       0.00100       0.02427      49.24654      -0.00379      49.26169      -0.00379       0.00000       0.00000
    1.4731       0.00100       0.02427      49.24654      -0.00379      49.26169      -0.00379       0.00000       0.00000
    1.4738       0.00100       0.02427      49.24654      -0.00379      49.26169      -0.00379       0.00000       0.00000
    1.4744       0.00100       0.02427      49.24654      -0.00379      49.26169      -0.00379       0.00000       0.00000
    1.4750       0.00100       0.02427      49.24654      -0.00379      49.26169      -0.00379       0.00000       0.00000
    1.4756       0.00100       0.02427      49.24654      -0.00379      49.26169      -0.00379       0.00000       0.00000
    1.4763       0.00100       0.02427      49.24654      -0.00379      49.26169      -0.00379       0.00000       0.00000
    1.4769       0.00100       0.02427      49.24654      -0.00379      49.26169      -0.00379       0.00000       0.00000
    1.4775       0.00100       0.02427      49.24654      -0.00379      49.26169      -0.00379       0.00000       0.00000
    1.4781       0.00100       0.02427      49.24654      -0.00379      49.26169      -0.00379       0.00000       0.00000
    1.4788       0.00100       0.02427      49.24654      -0.00379      49.26169      -0.00379       0.00000       0.00000
    1.4794       0.00100       0.02427      49.24654      -0.00379      49.26169      -0.00379       0.00000       0.00000
    1.4800       0.00100       0.02427      49.24654      -0.00379      49.26169      -0.00379       0.00000       0.00000
    1.4806       0.00100       0.02427      49.24654      -0.00379      49.26169      -0.00379       0.00000       0.00000
    1.4813       0.00100       0.02427      49.24654      -0.00379      49.26169      -0.00379       0.00000       0.00000
    1.4819       0.00100       0.02427      49.24654      -0.00379      49.26169      -0.00379       0.00000       0.00000
    1.4825       0.00100       0.02427      49.24654      -0.00379      49.26169      -0.00379       0.00000       0.00000
    1.4831       0.00100       0.02427      49.24654      -0.00379      49.26169      -0.00379       0.00000       0.00000
    1.4838       0.00100       0.02427      49.24654      -0.00379      49.26169      -0.00379       0.00000       0.00000
    1.4844       0.00100       0.02427      49.24654      -0.00379      49.26169      -0.00379       0.00000       0.00000
    1.4850       0.00100       0.02427      49.24654      -0.00379      49.26169      -0.00379       0.00000       0.00000
    1.4856       0.00100       0.02427      49.24654      -0.00379      49.26169      -0.00379       0.00000       0.00000
    1.4863       0.00100       0.02427      49.24654      -0.00379      49.26169      -0.00379       0.00000       0.00000
    1.4869       0.00100       0.02427      49.24654      -0.00379      49.26169      -0.00379       0.00000       0.00000
    1.4875       0.00100       0.02427      49.24654      -0.00379      49.26169      -0.00379       0.00000       0.00000
    1.4881       0.00100       0.02427      49.24654      -0.00379      49.26169      -0.00379       0.00000       0.00000
    1.4888       0.00100       0.02427      49.24654      -0.00379      49.26169      -0.00379       0.00000       0.00000
    1.4894       0.00100       0.02427      49.24654      -0.00379      49.26169      -0.00379       0.00000       0.00000
    1.4900       0.00100       0.02427      49.24654      -0.00379      49.26169      -0.00379       0.00000       0.00000
    1.4906       0.00100       0.02427      49.24654      -0.00379      49.26169      -0.00379       0.00000       0.00000
    1.4913       0.00100       0.02427      49.24654      -0.00379      49.26169      -0.00379       0.00000       0.00000
    1.4919       0.00100       0.02427      49.24654      -0.00379      49.26169      -0.00379       0.00000       0.00000
    1.4925       0.00100       0.02427      49.24654      -0.00379      49.26169      -0.00379       0.00000       0.00000
    1.4931       0.00100       0.02427      49.24654      -0.00379      49.26169      -0.00379       0.00000       0.00000
    1.4938       0.00100       0.02427      49.24654      -0.00379      49.26169      -0.00379       0.00000       0.00000
    1.4944       0.00100       0.02427      49.24654      -0.00379      49.26169      -0.00379       0.00000       0.00000
    1.4950       0.00100       0.02427      49.24654      -0.00379      49.26169      -0.00379       0.00000       0.00000
    1.4956       0.00100       0.02427      49.24654      -0.00379      49.26169      -0.00379       0.00000       0.00000
    1.4963       0.00100       0.02427      49.24654      -0.00379      49.26169      -0.00379       0.00000       0.00000
    1.4969       0.00100       0.02427      49.24654      -0.00379      49.26169      -0.00379       0.00000       0.00000
    1.4975       0.00100       0.02427      49.24654      -0.00379      49.26169      -0.00379       0.00000       0.00000
    1.4981       0.00100       0.02427      49.24654      -0.00379      49.26169      -0.00379       0.00000       0.00000
    1.4988       0.00100       0.02427      49.24654      -0.00379      49.26169      -0.00379       0.00000       0.00000
    1.4994       0.00100       0.02427      49.24654      -0.00379      49.26169      -0.00379       0.00000       0.00000
    1.5000       0.00100       0.02427      49.24654      -0.00379      49.26169      -0.00379       0.00000       0.00000
    1.5006       0.00100       0.02427      49.24654      -0.00379      49.26169      -0.00379       0.00000       0.00000
    1.5013       0.00100       0.02427      49.24654      -0.00379      49.26169      -0.00379       0.00000       0.00000
    1.5019       0.00100       0.02427      49.24654      -0.00379      49.26169      -0.00379       0.00000       0.00000
    1.5025       0.00100       0.02427      49.24654      -0.00379      49.26169      -0.00379       0.00000       0.00000
    1.5031       0.00100       0.02427      49.24654      -0.00379      49.26169      -0.00379       0.00000       0.00000
    1.5038       0.00100       0.02427      49.24654      -0.00379      49.26169      -0.00379       0.00000       0.00000
    1.5044       0.00100       0.02427      49.24654      -0.00379      49.26169      -0.00379       0.00000       0.00000
    1.5050       0.00100       0.02427      49.24654      -0.00379      49.26169      -0.00379       0.00000       0.00000
    1.5056       0.00100       0.02427      49.24654      -0.00379      49.26169      -0.00379       0.00000       0.00000
    1.5063       0.00100       0.02427      49.24654      -0.00379      49.26169      -0.00379       0.00000       0.00000
    1.5069       0.00100       0.02427      49.24654      -0.00379      49.26169      -0.00379       0.00000       0.00000
    1.5075       0.00100       0.02427      49.24654      -0.00379      49.26169      -0.00379       0.00000       0.00000
    1.5081       0.00100       0.02427      49.24654      -0.00379      49.26169      -0.00379       0.00000       0.00000
    1.5088       0.00100       0.02427      49.24654      -0.00379      49.26169      -0.00379       0.00000       0.00000
    1.5094       0.00100       0.02427      49.24654      -0.00379      49.26169      -0.00379       0.00000       0.00000
    1.5100       0.00100       0.02427      49.24654      -0.00379      49.26169      -0.00379       0.00000       0.00000
    1.5106       0.00100       0.02427      49.24654      -0.00379      49.26169      -0.00379       0.00000       0.00000
    1.5113       0.00100       0.02427      49.24654      -0.00379      49.26169      -0.00379       0.00000       0.00000
    1.5119       0.00100       0.02427      49.24654      -0.00379      49.26169      -0.00379       0.00000       0.00000
    1.5125       0.00100       0.02427      49.24654      -0.00379      49.26169      -0.00379       0.00000       0.00000
    1.5131       0.00100       0.02427      49.24654      -0.00379      49.26169      -0.00379       0.00000       0.00000
    1.5138       0.00100       0.02427      49.24654      -0.00379      49.26169      -0.00379       0.00000       0.00000
    1.5144       0.00100       0.02427      49.24654      -0.00379      49.26169      -0.00379       0.00000       0.00000
    1.5150       0.00100       0.02427      49.24654      -0.00379      49.26169      -0.00379       0.00000       0.00000
    1.5156       0.00100       0.02427      49.24654      -0.00379      49.26169      -0.00379       0.00000       0.00000
    1.5163       0.00100       0.02427      49.24654      -0.00379      49.26169      -0.00379       0.00000       0.00000
    1.5169       0.00100       0.02427      49.24654      -0.00379      49.26169      -0.00379       0.00000       0.00000
    1.5175       0.00100       0.02427      49.24654      -0.00379      49.26169      -0.00379       0.00000       0.00000
    1.5181       0.00100       0.02427      49.24654      -0.00379      49.26169      -0.00379       0.00000       0.00000
    1.5188       0.00100       0.02427      49.24654      -0.00379      49.26169      -0.00379       0.00000       0.00000
    1.5194       0.00100       0.02427      49.24654      -0.00379      49.26169      -0.00379       0.00000       0.00000
    1.5200       0.00100       0.02427      49.24654      -0.00379      49.26169      -0.00379       0.00000       0.00000
    1.5206       0.00100       0.02427      49.24654      -0.00379      49.26169      -0.00379       0.00000       0.00000
    1.5213       0.00100       0.02427      49.24654      -0.00379      49.26169      -0.00379       0.00000       0.00000
    1.5219       0.00100       0.02427      49.24654      -0.00379      49.26169      -0.00379       0.00000       0.00000
    1.5225       0.00100       0.02427      49.24654      -0.00379      49.26169      -0.00379       0.00000       0.00000
    1.5231       0.00100       0.02427      49.24654      -0.00379      49.26169      -0.00379       0.00000       0.00000
    1.5238       0.00100       0.02427      49.24654      -0.00379      49.26169      -0.00379       0.00000       0.00000
    1.5244       0.00100       0.02427      49.24654      -0.00379      49.26169      -0.00379       0.00000       0.00000
    1.5250       0.00100       0.02427      49.24654      -0.00379      49.26169      -0.00379       0.00000       0.00000
    1.5256       0.00100       0.02427      49.24654      -0.00379      49.26169      -0.00379       0.00000       0.00000
    1.5263       0.00100       0.02427      49.24654      -0.00379      49.26169      -0.00379       0.00000       0.00000
    1.5269       0.00100       0.02427      49.24654      -0.00379      49.26169      -0.00379       0.00000       0.00000
    1.5275       0.00100       0.02427      49.24654      -0.00379      49.26169      -0.00379       0.00000       0.00000
    1.5281       0.00100       0.02427      49.24654      -0.00379      49.26169      -0.00379       0.00000       0.00000
    1.5288       0.00100       0.02427      49.24654      -0.00379      49.26169      -0.00379       0.00000       0.00000
    1.5294       0.00100       0.02427      49.24654      -0.00379      49.26169      -0.00379       0.00000       0.00000
    1.5300       0.00100       0.02427      49.24654      -0.00379      49.26169      -0.00379       0.00000       0.00000
    1.5306       0.00100       0.02427      49.24654      -0.00379      49.26169      -0.00379       0.00000       0.00000
    1.5313       0.00100       0.02427      49.24654      -0.00379      49.26169      -0.00379       0.00000       0.00000
    1.5319       0.00100       0.02427      49.24654      -0.00379      49.26169      -0.00379       0.00000       0.00000
    1.5325       0.00100       0.02427      49.24654      -0.00379      49.26169      -0.00379       0.00000       0.00000
    1.5331       0.00100       0.02427      49.24654      -0.00379      49.26169      -0.00379       0.00000       0.00000
    1.5338       0.00100       0.02427      49.24654      -0.00379      49.26169      -0.00379       0.00000       0.00000
    1.5344       0.00100       0.02427      49.24654      -0.00379      49.26169      -0.00379       0.00000       0.00000
    1.5350       0.00100       0.02427      49.24654      -0.00379      49.26169      -0.00379       0.00000       0.00000
    1.5356       0.00100       0.02427      49.24654      -0.00379      49.26169      -0.00379       0.00000       0.00000
    1.5363       0.00100       0.02427      49.24654      -0.00379      49.26169      -0.00379       0.00000       0.00000
    1.5369       0.00100       0.02427      49.24654      -0.00379      49.26169      -0.00379       0.00000       0.00000
    1.5375       0.00100       0.02427      49.24654      -0.00379      49.26169      -0.00379       0.00000       0.00000
    1.5381       0.00100       0.02427      49.24654      -0.00379      49.26169      -0.00379       0.00000       0.00000
    1.5388       0.00100       0.02427      49.24654      -0.00379      49.26169      -0.00379       0.00000       0.00000
    1.5394       0.00100       0.02427      49.24654      -0.00379      49.26169      -0.00379       0.00000       0.00000
    1.5400       0.00100       0.02427      49.24654      -0.00379      49.26169      -0.00379       0.00000       0.00000
    1.5406       0.00100       0.02427      49.24654      -0.00379      49.26169      -0.00379       0.00000       0.00000
    1.5413       0.00100       0.02427      49.24654      -0.00379      49.26169      -0.00379       0.00000       0.00000
    1.5419       0.00100       0.02427      49.24654      -0.00379      49.26169      -0.00379       0.00000       0.00000
    1.5425       0.00100       0.02427      49.24654      -0.00379      49.26169      -0.00379       0.00000       0.00000
    1.5431       0.00100       0.02427      49.24654      -0.00379      49.26169      -0.00379       0.00000       0.00000
    1.5438       0.00100       0.02427      49.24654      -0.00379      49.26169      -0.00379       0.00000       0.00000
    1.5444       0.00100       0.02427      49.24654      -0.00379      49.26169      -0.00379       0.00000       0.00000
    1.5450       0.00100       0.02427      49.24654      -0.00379      49.26169      -0.00379       0.00000       0.00000
    1.5456       0.00100       0.02427      49.24654      -0.00379      49.26169      -0.00379       0.00000       0.00000
    1.5463       0.00100       0.02427      49.24654      -0.00379      49.26169      -0.00379       0.00000       0.00000
    1.5469       0.00100       0.02427      49.24654      -0.00379      49.26169      -0.00379       0.00000       0.00000
    1.5475       0.00100       0.02427      49.24654      -0.00379      49.26169      -0.00379       0.00000       0.00000
    1.5481       0.00100       0.02427      49.24654      -0.00379      49.26169      -0.00379       0.00000       0.00000
    1.5488       0.00100       0.02427      49.24654      -0.00379      49.26169      -0.00379       0.00000       0.00000
    1.5494       0.00100       0.02427      49.24654      -0.00379      49.26169      -0.00379       0.00000       0.00000
    1.5500       0.00100       0.02427      49.24654      -0.00379      49.26169      -0.00379       0.00000       0.00000
    1.5506       0.00100       0.02427      49.24654      -0.00379      49.26169      -0.00379       0.00000       0.00000
    1.5513       0.00100       0.02427      49.24654      -0.00379      49.26169      -0.00379       0.00000       0.00000
    1.5519       0.00100       0.02427      49.24654      -0.00379      49.26169      -0.00379       0.00000       0.00000
    1.5525       0.00100       0.02427      49.24654      -0.00379      49.26169      -0.00379       0.00000       0.00000
    1.5531       0.00100       0.02427      49.24654      -0.00379      49.26169      -0.00379       0.00000       0.00000
    1.5538       0.00100       0.02427      49.24654      -0.00379      49.26169      -0.00379       0.00000       0.00000
    1.5544       0.00100       0.02427      49.24654      -0.00379      49.26169      -0.00379       0.00000       0.00000
    1.5550       0.00100       0.02427      49.24654      -0.00379      49.26169      -0.00379       0.00000       0.00000
    1.5556       0.00100       0.02427      49.24654      -0.00379      49.26169      -0.00379       0.00000       0.00000
    1.5563       0.00100       0.02427      49.24654      -0.00379      49.26169      -0.00379       0.00000       0.00000
    1.5569       0.00100       0.02427      49.24654      -0.00379      49.26169      -0.00379       0.00000       0.00000
    1.5575       0.00100       0.02427      49.24654      -0.00379      49.26169      -0.00379       0.00000       0.00000
    1.5581       0.00100       0.02427      49.24654      -0.00379      49.26169      -0.00379       0.00000       0.00000
    1.5588       0.00100       0.02427      49.24654      -0.00379      49.26169      -0.00379       0.00000       0.00000
    1.5594       0.00100       0.02427      49.24654      -0.00379      49.26169      -0.00379       0.00000       0.00000
    1.5600       0.00100       0.02427      49.24654      -0.00379      49.26169      -0.00379       0.00000       0.00000
    1.5606       0.00100       0.02427      49.24654      -0.00379      49.26169      -0.00379       0.00000       0.00000
    1.5613       0.00100       0.02427      49.24654      -0.00379      49.26169      -0.00379       0.00000       0.00000
    1.5619       0.00100       0.02427      49.24654      -0.00379      49.26169      -0.00379       0.00000       0.00000
    1.5625       0.00100       0.02427      49.24654      -0.00379      49.26169      -0.00379       0.00000       0.00000
    1.5631       0.00100       0.02427      49.24654      -0.00379      49.26169      -0.00379       0.00000       0.00000
    1.5638       0.00100       0.02427      49.24654      -0.00379      49.26169      -0.00379       0.00000       0.00000
    1.5644       0.00100       0.02427      49.24654      -0.00379      49.26169      -0.00379       0.00000       0.00000
    1.5650       0.00100       0.02427      49.24654      -0.00379      49.26169      -0.00379       0.00000       0.00000
    1.5656       0.00100       0.02427      49.24654      -0.00379      49.26169      -0.00379       0.00000       0.00000
    1.5663       0.00100       0.02427      49.24654      -0.00379      49.26169      -0.00379       0.00000       0.00000
    1.5669       0.00100       0.02427      49.24654      -0.00379      49.26169      -0.00379       0.00000       0.00000
    1.5675       0.00100       0.02427      49.24654      -0.00379      49.26169      -0.00379       0.00000       0.00000
    1.5681       0.00100       0.02427      49.24654      -0.00379      49.26169      -0.00379       0.00000       0.00000
    1.5688       0.00100       0.02427      49.24654      -0.00379      49.26169      -0.00379       0.00000       0.00000
    1.5694       0.00100       0.02427      49.24654      -0.00379      49.26169      -0.00379       0.00000       0.00000
    1.5700       0.00100       0.02427      49.24654      -0.00379      49.26169      -0.00379       0.00000       0.00000
    1.5706       0.00100       0.02427      49.24654      -0.00379      49.26169      -0.00379       0.00000       0.00000
    1.5713       0.00100       0.02427      49.24654      -0.00379      49.26169      -0.00379       0.00000       0.00000
    1.5719       0.00100       0.02427      49.24654      -0.00379      49.26169      -0.00379       0.00000       0.00000
    1.5725       0.00100       0.02427      49.24654      -0.00379      49.26169      -0.00379       0.00000       0.00000
    1.5731       0.00100       0.02427      49.24654      -0.00379      49.26169      -0.00379       0.00000       0.00000
    1.5738       0.00100       0.02427      49.24654      -0.00379      49.26169      -0.00379       0.00000       0.00000
    1.5744       0.00100       0.02427      49.24654      -0.00379      49.26169      -0.00379       0.00000       0.00000
    1.5750       0.00100       0.02427      49.24654      -0.00379      49.26169      -0.00379       0.00000       0.00000
    1.5756       0.00100       0.02427      49.24654      -0.00379      49.26169      -0.00379       0.00000       0.00000
    1.5763       0.00100       0.02427      49.24654      -0.00379      49.26169      -0.00379       0.00000       0.00000
    1.5769       0.00100       0.02427      49.24654      -0.00379      49.26169      -0.00379       0.00000       0.00000
    1.5775       0.00100       0.02427      49.24654      -0.00379      49.26169      -0.00379       0.00000       0.00000
    1.5781       0.00100       0.02427      49.24654      -0.00379      49.26169      -0.00379       0.00000       0.00000
    1.5788       0.00100       0.02427      49.24654      -0.00379      49.26169      -0.00379       0.00000       0.00000
    1.5794       0.00100       0.02427      49.24654      -0.00379      49.26169      -0.00379       0.00000       0.00000
    1.5800       0.00100       0.02427      49.24654      -0.00379      49.26169      -0.00379       0.00000       0.00000
    1.5806       0.00100       0.02427      49.24654      -0.00379      49.26169      -0.00379       0.00000       0.00000
    1.5813       0.00100       0.02427      49.24654      -0.00379      49.26169      -0.00379       0.00000       0.00000
    1.5819       0.00100       0.02427      49.24654      -0.00379      49.26169      -0.00379       0.00000       0.00000
    1.5825       0.00100       0.02427      49.24654      -0.00379      49.26169      -0.00379       0.00000       0.00000
    1.5831       0.00100       0.02427      49.24654      -0.00379      49.26169      -0.00379       0.00000       0.00000
    1.5838       0.00100       0.02427      49.24654      -0.00379      49.26169      -0.00379       0.00000       0.00000
    1.5844       0.00100       0.02427      49.24654      -0.00379      49.26169      -0.00379       0.00000       0.00000
    1.5850       0.00100       0.02427      49.24654      -0.00379      49.26169      -0.00379       0.00000       0.00000
    1.5856       0.00100       0.02427      49.24654      -0.00379      49.26169      -0.00379       0.00000       0.00000
    1.5863       0.00100       0.02427      49.24654      -0.00379      49.26169      -0.00379       0.00000       0.00000
    1.5869       0.00100       0.02427      49.24654      -0.00379      49.26169      -0.00379       0.00000       0.00000
    1.5875       0.00100       0.02427      49.24654      -0.00379      49.26169      -0.00379       0.00000       0.00000
    1.5881       0.00100       0.02427      49.24654      -0.00379      49.26169      -0.00379       0.00000       0.00000
    1.5888       0.00100       0.02427      49.24654      -0.00379      49.26169      -0.00379       0.00000       0.00000
    1.5894       0.00100       0.02427      49.24654      -0.00379      49.26169      -0.00379       0.00000       0.00000
    1.5900       0.00100       0.02427      49.24654      -0.00379      49.26169      -0.00379       0.00000       0.00000
    1.5906       0.00100       0.02427      49.24654      -0.00379      49.26169      -0.00379       0.00000       0.00000
    1.5913       0.00100       0.02427      49.24654      -0.00379      49.26169      -0.00379       0.00000       0.00000
    1.5919       0.00100       0.02427      49.24654      -0.00379      49.26169      -0.00379       0.00000       0.00000
    1.5925       0.00100       0.02427      49.24654      -0.00379      49.26169      -0.00379       0.00000       0.00000
    1.5931       0.00100       0.02427      49.24654      -0.00379      49.26169      -0.00379       0.00000       0.00000
    1.5938       0.00100       0.02427      49.24654      -0.00379      49.26169      -0.00379       0.00000       0.00000
    1.5944       0.00100       0.02427      49.24654      -0.00379      49.26169      -0.00379       0.00000       0.00000
    1.5950       0.00100       0.02427      49.24654      -0.00379      49.26169      -0.00379       0.00000       0.00000
    1.5956       0.00100       0.02427      49.24654      -0.00379      49.26169      -0.00379       0.00000       0.00000
    1.5963       0.00100       0.02427      49.24654      -0.00379      49.26169      -0.00379       0.00000       0.00000
    1.5969       0.00100       0.02427      49.24654      -0.00379      49.26169      -0.00379       0.00000       0.00000
    1.5975       0.00100       0.02427      49.24654      -0.00379      49.26169      -0.00379       0.00000       0.00000
    1.5981       0.00100       0.02427      49.24654      -0.00379      49.26169      -0.00379       0.00000       0.00000
    1.5988       0.00100       0.02427      49.24654      -0.00379      49.26169      -0.00379       0.00000       0.00000
    1.5994       0.00100       0.02427      49.24654      -0.00379      49.26169      -0.00379       0.00000       0.00000
    1.6000       0.00100       0.02427      49.24654      -0.00379      49.26169      -0.00379       0.00000       0.00000
    1.6006       0.00100       0.02427      49.24654      -0.00379      49.26169      -0.00379       0.00000       0.00000
    1.6013       0.00100       0.02427      49.24654      -0.00379      49.26169      -0.00379       0.00000       0.00000
    1.6019       0.00100       0.02427      49.24654      -0.00379      49.26169      -0.00379       0.00000       0.00000
    1.6025       0.00100       0.02427      49.24654      -0.00379      49.26169      -0.00379       0.00000       0.00000
    1.6031       0.00100       0.02427      49.24654      -0.00379      49.26169      -0.00379       0.00000       0.00000
    1.6038       0.00100       0.02427      49.24654      -0.00379      49.26169      -0.00379       0.00000       0.00000
    1.6044       0.00100       0.02427      49.24654      -0.00379      49.26169      -0.00379       0.00000       0.00000
    1.6050       0.00100       0.02427      49.24654      -0.00379      49.26169      -0.00379       0.00000       0.00000
    1.6056       0.00100       0.02427      49.24654      -0.00379      49.26169      -0.00379       0.00000       0.00000
    1.6063       0.00100       0.02427      49.24654      -0.00379      49.26169      -0.00379       0.00000       0.00000
    1.6069       0.00100       0.02427      49.24654      -0.00379      49.26169      -0.00379       0.00000       0.00000
    1.6075       0.00100       0.02427      49.24654      -0.00379      49.26169      -0.00379       0.00000       0.00000
    1.6081       0.00100       0.02427      49.24654      -0.00379      49.26169      -0.00379       0.00000       0.00000
    1.6088       0.00100       0.02427      49.24654      -0.00379      49.26169      -0.00379       0.00000       0.00000
    1.6094       0.00100       0.02427      49.24654      -0.00379      49.26169      -0.00379       0.00000       0.00000
    1.6100       0.00100       0.02427      49.24654      -0.00379      49.26169      -0.00379       0.00000       0.00000
    1.6106       0.00100       0.02427      49.24654      -0.00379      49.26169      -0.00379       0.00000       0.00000
    1.6113       0.00100       0.02427      49.24654      -0.00379      49.26169      -0.00379       0.00000       0.00000
    1.6119       0.00100       0.02427      49.24654      -0.00379      49.26169      -0.00379       0.00000       0.00000
    1.6125       0.00100       0.02427      49.24654      -0.00379      49.26169      -0.00379       0.00000       0.00000
    1.6131       0.00100       0.02427      49.24654      -0.00379      49.26169      -0.00379       0.00000       0.00000
    1.6138       0.00100       0.02427      49.24654      -0.00379      49.26169      -0.00379       0.00000       0.00000
    1.6144       0.00100       0.02427      49.24654      -0.00379      49.26169      -0.00379       0.00000       0.00000
    1.6150       0.00100       0.02427      49.24654      -0.00379      49.26169      -0.00379       0.00000       0.00000
    1.6156       0.00100       0.02427      49.24654      -0.00379      49.26169      -0.00379       0.00000       0.00000
    1.6163       0.00100       0.02427      49.24654      -0.00379      49.26169      -0.00379       0.00000       0.00000
    1.6169       0.00100       0.02427      49.24654      -0.00379      49.26169      -0.00379       0.00000       0.00000
    1.6175       0.00100       0.02427      49.24654      -0.00379      49.26169      -0.00379       0.00000       0.00000
    1.6181       0.00100       0.02427      49.24654      -0.00379      49.26169      -0.00379       0.00000       0.00000
    1.6188       0.00100       0.02427      49.24654      -0.00379      49.26169      -0.00379       0.00000       0.00000
    1.6194       0.00100       0.02427      49.24654      -0.00379      49.26169      -0.00379       0.00000       0.00000
    1.6200       0.00100       0.02427      49.24654      -0.00379      49.26169      -0.00379       0.00000       0.00000
    1.6206       0.00100       0.02427      49.24654      -0.00379      49.26169      -0.00379       0.00000       0.00000
    1.6213       0.00100       0.02427      49.24654      -0.00379      49.26169      -0.00379       0.00000       0.00000
    1.6219       0.00100       0.02427      49.24654      -0.00379      49.26169      -0.00379       0.00000       0.00000
    1.6225       0.00100       0.02427      49.24654      -0.00379      49.26169      -0.00379       0.00000       0.00000
    1.6231       0.00100       0.02427      49.24654      -0.00379      49.26169      -0.00379       0.00000       0.00000
    1.6238       0.00100       0.02427      49.24654      -0.00379      49.26169      -0.00379       0.00000       0.00000
    1.6244       0.00100       0.02427      49.24654      -0.00379      49.26169      -0.00379       0.00000       0.00000
    1.6250       0.00100       0.02427      49.24654      -0.00379      49.26169      -0.00379       0.00000       0.00000
    1.6256       0.00100       0.02427      49.24654      -0.00379      49.26169      -0.00379       0.00000       0.00000
    1.6263       0.00100       0.02427      49.24654      -0.00379      49.26169      -0.00379       0.00000       0.00000
    1.6269       0.00100       0.02427      49.24654      -0.00379      49.26169      -0.00379       0.00000       0.00000
    1.6275       0.00100       0.02427      49.24654      -0.00379      49.26169      -0.00379       0.00000       0.00000
    1.6281       0.00100       0.02427      49.24654      -0.00379      49.26169      -0.00379       0.00000       0.00000
    1.6288       0.00100       0.02427      49.24654      -0.00379      49.26169      -0.00379       0.00000       0.00000
    1.6294       0.00100       0.02427      49.24654      -0.00379      49.26169      -0.00379       0.00000       0.00000
    1.6300       0.00100       0.02427      49.24654      -0.00379      49.26169      -0.00379       0.00000       0.00000
    1.6306       0.00100       0.02427      49.24654      -0.00379      49.26169      -0.00379       0.00000       0.00000
    1.6313       0.00100       0.02427      49.24654      -0.00379      49.26169      -0.00379       0.00000       0.00000
    1.6319       0.00100       0.02427      49.24654      -0.00379      49.26169      -0.00379       0.00000       0.00000
    1.6325       0.00100       0.02427      49.24654      -0.00379      49.26169      -0.00379       0.00000       0.00000
    1.6331       0.00100       0.02427      49.24654      -0.00379      49.26169      -0.00379       0.00000       0.00000
    1.6338       0.00100       0.02427      49.24654      -0.00379      49.26169      -0.00379       0.00000       0.00000
    1.6344       0.00100       0.02427      49.24654      -0.00379      49.26169      -0.00379       0.00000       0.00000
    1.6350       0.00100       0.02427      49.24654      -0.00379      49.26169      -0.00379       0.00000       0.00000
    1.6356       0.00100       0.02427      49.24654      -0.00379      49.26169      -0.00379       0.00000       0.00000
    1.6363       0.00100       0.02427      49.24654      -0.00379      49.26169      -0.00379       0.00000       0.00000
    1.6369       0.00100       0.02427      49.24654      -0.00379      49.26169      -0.00379       0.00000       0.00000
    1.6375       0.00100       0.02427      49.24654      -0.00379      49.26169      -0.00379       0.00000       0.00000
    1.6381       0.00100       0.02427      49.24654      -0.00379      49.26169      -0.00379       0.00000       0.00000
    1.6388       0.00100       0.02427      49.24654      -0.00379      49.26169      -0.00379       0.00000       0.00000
    1.6394       0.00100       0.02427      49.24654      -0.00379      49.26169      -0.00379       0.00000       0.00000
    1.6400       0.00100       0.02427      49.24654      -0.00379      49.26169      -0.00379       0.00000       0.00000
    1.6406       0.00100       0.02427      49.24654      -0.00379      49.26169      -0.00379       0.00000       0.00000
    1.6413       0.00100       0.02427      49.24654      -0.00379      49.26169      -0.00379       0.00000       0.00000
    1.6419       0.00100       0.02427      49.24654      -0.00379      49.26169      -0.00379       0.00000       0.00000
    1.6425       0.00100       0.02427      49.24654      -0.00379      49.26169      -0.00379       0.00000       0.00000
    1.6431       0.00100       0.02427      49.24654      -0.00379      49.26169      -0.00379       0.00000       0.00000
    1.6438       0.00100       0.02427      49.24654      -0.00379      49.26169      -0.00379       0.00000       0.00000
    1.6444       0.00100       0.02427      49.24654      -0.00379      49.26169      -0.00379       0.00000       0.00000
    1.6450       0.00100       0.02427      49.24654      -0.00379      49.26169      -0.00379       0.00000       0.00000
    1.6456       0.00100       0.02427      49.24654      -0.00379      49.26169      -0.00379       0.00000       0.00000
    1.6463       0.00100       0.02427      49.24654      -0.00379      49.26169      -0.00379       0.00000       0.00000
    1.6469       0.00100       0.02427      49.24654      -0.00379      49.26169      -0.00379       0.00000       0.00000
    1.6475       0.00100       0.02427      49.24654      -0.00379      49.26169      -0.00379       0.00000       0.00000
    1.6481       0.00100       0.02427      49.24654      -0.00379      49.26169      -0.00379       0.00000       0.00000
    1.6488       0.00100       0.02427      49.24654      -0.00379      49.26169      -0.00379       0.00000       0.00000
    1.6494       0.00100       0.02427      49.24654      -0.00379      49.26169      -0.00379       0.00000       0.00000
    1.6500       0.00100       0.02427      49.24654      -0.00379      49.26169      -0.00379       0.00000       0.00000
    1.6506       0.00100       0.02427      49.24654      -0.00379      49.26169      -0.00379       0.00000       0.00000
    1.6513       0.00100       0.02427      49.24654      -0.00379      49.26169      -0.00379       0.00000       0.00000
    1.6519       0.00100       0.02427      49.24654      -0.00379      49.26169      -0.00379       0.00000       0.00000
    1.6525       0.00100       0.02427      49.24654      -0.00379      49.26169      -0.00379       0.00000       0.00000
    1.6531       0.00100       0.02427      49.24654      -0.00379      49.26169      -0.00379       0.00000       0.00000
    1.6538       0.00100       0.02427      49.24654      -0.00379      49.26169      -0.00379       0.00000       0.00000
    1.6544       0.00100       0.02427      49.24654      -0.00379      49.26169      -0.00379       0.00000       0.00000
    1.6550       0.00100       0.02427      49.24654      -0.00379      49.26169      -0.00379       0.00000       0.00000
    1.6556       0.00100       0.02427      49.24654      -0.00379      49.26169      -0.00379       0.00000       0.00000
    1.6563       0.00100       0.02427      49.24654      -0.00379      49.26169      -0.00379       0.00000       0.00000
    1.6569       0.00100       0.02427      49.24654      -0.00379      49.26169      -0.00379       0.00000       0.00000
    1.6575       0.00100       0.02427      49.24654      -0.00379      49.26169      -0.00379       0.00000       0.00000
    1.6581       0.00100       0.02427      49.24654      -0.00379      49.26169      -0.00379       0.00000       0.00000
    1.6588       0.00100       0.02427      49.24654      -0.00379      49.26169      -0.00379       0.00000       0.00000
    1.6594       0.00100       0.02427      49.24654      -0.00379      49.26169      -0.00379       0.00000       0.00000
    1.6600       0.00100       0.02427      49.24654      -0.00379      49.26169      -0.00379       0.00000       0.00000
    1.6606       0.00100       0.02427      49.24654      -0.00379      49.26169      -0.00379       0.00000       0.00000
    1.6613       0.00100       0.02427      49.24654      -0.00379      49.26169      -0.00379       0.00000       0.00000
    1.6619       0.00100       0.02427      49.24654      -0.00379      49.26169      -0.00379       0.00000       0.00000
    1.6625       0.00100       0.02427      49.24654      -0.00379      49.26169      -0.00379       0.00000       0.00000
    1.6631       0.00100       0.02427      49.24654      -0.00379      49.26169      -0.00379       0.00000       0.00000
    1.6638       0.00100       0.02427      49.24654      -0.00379      49.26169      -0.00379       0.00000       0.00000
    1.6644       0.00100       0.02427      49.24654      -0.00379      49.26169      -0.00379       0.00000       0.00000
    1.6650       0.00100       0.02427      49.24654      -0.00379      49.26169      -0.00379       0.00000       0.00000
    1.6656       0.00100       0.02427      49.24654      -0.00379      49.26169      -0.00379       0.00000       0.00000
    1.6663       0.00100       0.02427      49.24654      -0.00379      49.26169      -0.00379       0.00000       0.00000
    1.6669       0.00100       0.02427      49.24654      -0.00379      49.26169      -0.00379       0.00000       0.00000
    1.6675       0.00100       0.02427      49.24654      -0.00379      49.26169      -0.00379       0.00000       0.00000
    1.6681       0.00100       0.02427      49.24654      -0.00379      49.26169      -0.00379       0.00000       0.00000
    1.6688       0.00100       0.02427      49.24654      -0.00379      49.26169      -0.00379       0.00000       0.00000
    1.6694       0.00100       0.02427      49.24654      -0.00379      49.26169      -0.00379       0.00000       0.00000
    1.6700       0.00100       0.02427      49.24654      -0.00379      49.26169      -0.00379       0.00000       0.00000
    1.6706       0.00100       0.02427      49.24654      -0.00379      49.26169      -0.00379       0.00000       0.00000
    1.6713       0.00100       0.02427      49.24654      -0.00379      49.26169      -0.00379       0.00000       0.00000
    1.6719       0.00100       0.02427      49.24654      -0.00379      49.26169      -0.00379       0.00000       0.00000
    1.6725       0.00100       0.02427      49.24654      -0.00379      49.26169      -0.00379       0.00000       0.00000
    1.6731       0.00100       0.02427      49.24654      -0.00379      49.26169      -0.00379       0.00000       0.00000
    1.6738       0.00100       0.02427      49.24654      -0.00379      49.26169      -0.00379       0.00000       0.00000
    1.6744       0.00100       0.02427      49.24654      -0.00379      49.26169      -0.00379       0.00000       0.00000
    1.6750       0.00100       0.02427      49.24654      -0.00379      49.26169      -0.00379       0.00000       0.00000
    1.6756       0.00100       0.02427      49.24654      -0.00379      49.26169      -0.00379       0.00000       0.00000
    1.6763       0.00100       0.02427      49.24654      -0.00379      49.26169      -0.00379       0.00000       0.00000
    1.6769       0.00100       0.02427      49.24654      -0.00379      49.26169      -0.00379       0.00000       0.00000
    1.6775       0.00100       0.02427      49.24654      -0.00379      49.26169      -0.00379       0.00000       0.00000
    1.6781       0.00100       0.02427      49.24654      -0.00379      49.26169      -0.00379       0.00000       0.00000
    1.6788       0.00100       0.02427      49.24654      -0.00379      49.26169      -0.00379       0.00000       0.00000
    1.6794       0.00100       0.02427      49.24654      -0.00379      49.26169      -0.00379       0.00000       0.00000
    1.6800       0.00100       0.02427      49.24654      -0.00379      49.26169      -0.00379       0.00000       0.00000
    1.6806       0.00100       0.02427      49.24654      -0.00379      49.26169      -0.00379       0.00000       0.00000
    1.6813       0.00100       0.02427      49.24654      -0.00379      49.26169      -0.00379       0.00000       0.00000
    1.6819       0.00100       0.02427      49.24654      -0.00379      49.26169      -0.00379       0.00000       0.00000
    1.6825       0.00100       0.02427      49.24654      -0.00379      49.26169      -0.00379       0.00000       0.00000
    1.6831       0.00100       0.02427      49.24654      -0.00379      49.26169      -0.00379       0.00000       0.00000
    1.6838       0.00100       0.02427      49.24654      -0.00379      49.26169      -0.00379       0.00000       0.00000
    1.6844       0.00100       0.02427      49.24654      -0.00379      49.26169      -0.00379       0.00000       0.00000
    1.6850       0.00100       0.02427      49.24654      -0.00379      49.26169      -0.00379       0.00000       0.00000
    1.6856       0.00100       0.02427      49.24654      -0.00379      49.26169      -0.00379       0.00000       0.00000
    1.6863       0.00100       0.02427      49.24654      -0.00379      49.26169      -0.00379       0.00000       0.00000
    1.6869       0.00100       0.02427      49.24654      -0.00379      49.26169      -0.00379       0.00000       0.00000
    1.6875       0.00100       0.02427      49.24654      -0.00379      49.26169      -0.00379       0.00000       0.00000
    1.6881       0.00100       0.02427      49.24654      -0.00379      49.26169      -0.00379       0.00000       0.00000
    1.6888       0.00100       0.02427      49.24654      -0.00379      49.26169      -0.00379       0.00000       0.00000
    1.6894       0.00100       0.02427      49.24654      -0.00379      49.26169      -0.00379       0.00000       0.00000
    1.6900       0.00100       0.02427      49.24654      -0.00379      49.26169      -0.00379       0.00000       0.00000
    1.6906       0.00100       0.02427      49.24654      -0.00379      49.26169      -0.00379       0.00000       0.00000
    1.6913       0.00100       0.02427      49.24654      -0.00379      49.26169      -0.00379       0.00000       0.00000
    1.6919       0.00100       0.02427      49.24654      -0.00379      49.26169      -0.00379       0.00000       0.00000
    1.6925       0.00100       0.02427      49.24654      -0.00379      49.26169      -0.00379       0.00000       0.00000
    1.6931       0.00100       0.02427      49.24654      -0.00379      49.26169      -0.00379       0.00000       0.00000
    1.6938       0.00100       0.02427      49.24654      -0.00379      49.26169      -0.00379       0.00000       0.00000
    1.6944       0.00100       0.02427      49.24654      -0.00379      49.26169      -0.00379       0.00000       0.00000
    1.6950       0.00100       0.02427      49.24654      -0.00379      49.26169      -0.00379       0.00000       0.00000
    1.6956       0.00100       0.02427      49.24654      -0.00379      49.26169      -0.00379       0.00000       0.00000
    1.6963       0.00100       0.02427      49.24654      -0.00379      49.26169      -0.00379       0.00000       0.00000
    1.6969       0.00100       0.02427      49.24654      -0.00379      49.26169      -0.00379       0.00000       0.00000
    1.6975       0.00100       0.02427      49.24654      -0.00379      49.26169      -0.00379       0.00000       0.00000
    1.6981       0.00100       0.02427      49.24654      -0.00379      49.26169      -0.00379       0.00000       0.00000
    1.6988       0.00100       0.02427      49.24654      -0.00379      49.26169      -0.00379       0.00000       0.00000
    1.6994       0.00100       0.02427      49.24654      -0.00379      49.26169      -0.00379       0.00000       0.00000
    1.7000       0.00100       0.02427      49.24654      -0.00379      49.26169      -0.00379       0.00000       0.00000
    1.7006       0.00100       0.02427      49.24654      -0.00379      49.26169      -0.00379       0.00000       0.00000
    1.7013       0.00100       0.02427      49.24654      -0.00379      49.26169      -0.00379       0.00000       0.00000
    1.7019       0.00100       0.02427      49.24654      -0.00379      49.26169      -0.00379       0.00000       0.00000
    1.7025       0.00100       0.02427      49.24654      -0.00379      49.26169      -0.00379       0.00000       0.00000
    1.7031       0.00100       0.02427      49.24654      -0.00379      49.26169      -0.00379       0.00000       0.00000
    1.7038       0.00100       0.02427      49.24654      -0.00379      49.26169      -0.00379       0.00000       0.00000
    1.7044       0.00100       0.02427      49.24654      -0.00379      49.26169      -0.00379       0.00000       0.00000
    1.7050       0.00100       0.02427      49.24654      -0.00379      49.26169      -0.00379       0.00000       0.00000
    1.7056       0.00100       0.02427      49.24654      -0.00379      49.26169      -0.00379       0.00000       0.00000
    1.7063       0.00100       0.02427      49.24654      -0.00379      49.26169      -0.00379       0.00000       0.00000
    1.7069       0.00100       0.02427      49.24654      -0.00379      49.26169      -0.00379       0.00000       0.00000
    1.7075       0.00100       0.02427      49.24654      -0.00379      49.26169      -0.00379       0.00000       0.00000
    1.7081       0.00100       0.02427      49.24654      -0.00379      49.26169      -0.00379       0.00000       0.00000
    1.7088       0.00100       0.02427      49.24654      -0.00379      49.26169      -0.00379       0.00000       0.00000
    1.7094       0.00100       0.02427      49.24654      -0.00379      49.26169      -0.00379       0.00000       0.00000
    1.7100       0.00100       0.02427      49.24654      -0.00379      49.26169      -0.00379       0.00000       0.00000
    1.7106       0.00100       0.02427      49.24654      -0.00379      49.26169      -0.00379       0.00000       0.00000
    1.7113       0.00100       0.02427      49.24654      -0.00379      49.26169      -0.00379       0.00000       0.00000
    1.7119       0.00100       0.02427      49.24654      -0.00379      49.26169      -0.00379       0.00000       0.00000
    1.7125       0.00100       0.02427      49.24654      -0.00379      49.26169      -0.00379       0.00000       0.00000
    1.7131       0.00100       0.02427      49.24654      -0.00379      49.26169      -0.00379       0.00000       0.00000
    1.7138       0.00100       0.02427      49.24654      -0.00379      49.26169      -0.00379       0.00000       0.00000
    1.7144       0.00100       0.02427      49.24654      -0.00379      49.26169      -0.00379       0.00000       0.00000
    1.7150       0.00100       0.02427      49.24654      -0.00379      49.26169      -0.00379       0.00000       0.00000
    1.7156       0.00100       0.02427      49.24654      -0.00379      49.26169      -0.00379       0.00000       0.00000
    1.7163       0.00100       0.02427      49.24654      -0.00379      49.26169      -0.00379       0.00000       0.00000
    1.7169       0.00100       0.02427      49.24654      -0.00379      49.26169      -0.00379       0.00000       0.00000
    1.7175       0.00100       0.02427      49.24654      -0.00379      49.26169      -0.00379       0.00000       0.00000
    1.7181       0.00100       0.02427      49.24654      -0.00379      49.26169      -0.00379       0.00000       0.00000
    1.7188       0.00100       0.02427      49.24654      -0.00379      49.26169      -0.00379       0.00000       0.00000
    1.7194       0.00100       0.02427      49.24654      -0.00379      49.26169      -0.00379       0.00000       0.00000
    1.7200       0.00100       0.02427      49.24654      -0.00379      49.26169      -0.00379       0.00000       0.00000
    1.7206       0.00100       0.02427      49.24654      -0.00379      49.26169      -0.00379       0.00000       0.00000
    1.7213       0.00100       0.02427      49.24654      -0.00379      49.26169      -0.00379       0.00000       0.00000
    1.7219       0.00100       0.02427      49.24654      -0.00379      49.26169      -0.00379       0.00000       0.00000
    1.7225       0.00100       0.02427      49.24654      -0.00379      49.26169      -0.00379       0.00000       0.00000
    1.7231       0.00100       0.02427      49.24654      -0.00379      49.26169      -0.00379       0.00000       0.00000
    1.7238       0.00100       0.02427      49.24654      -0.00379      49.26169      -0.00379       0.00000       0.00000
    1.7244       0.00100       0.02427      49.24654      -0.00379      49.26169      -0.00379       0.00000       0.00000
    1.7250       0.00100       0.02427      49.24654      -0.00379      49.26169      -0.00379       0.00000       0.00000
    1.7256       0.00100       0.02427      49.24654      -0.00379      49.26169      -0.00379       0.00000       0.00000
    1.7263       0.00100       0.02427      49.24654      -0.00379      49.26169      -0.00379       0.00000       0.00000
    1.7269       0.00100       0.02427      49.24654      -0.00379      49.26169      -0.00379       0.00000       0.00000
    1.7275       0.00100       0.02427      49.24654      -0.00379      49.26169      -0.00379       0.00000       0.00000
    1.7281       0.00100       0.02427      49.24654      -0.00379      49.26169      -0.00379       0.00000       0.00000
    1.7288       0.00100       0.02427      49.24654      -0.00379      49.26169      -0.00379       0.00000       0.00000
    1.7294       0.00100       0.02427      49.24654      -0.00379      49.26169      -0.00379       0.00000       0.00000
    1.7300       0.00100       0.02427      49.24654      -0.00379      49.26169      -0.00379       0.00000       0.00000
    1.7306       0.00100       0.02427      49.24654      -0.00379      49.26169      -0.00379       0.00000       0.00000
    1.7313       0.00100       0.02427      49.24654      -0.00379      49.26169      -0.00379       0.00000       0.00000
    1.7319       0.00100       0.02427      49.24654      -0.00379      49.26169      -0.00379       0.00000       0.00000
    1.7325       0.00100       0.02427      49.24654      -0.00379      49.26169      -0.00379       0.00000       0.00000
    1.7331       0.00100       0.02427      49.24654      -0.00379      49.26169      -0.00379       0.00000       0.00000
    1.7338       0.00100       0.02427      49.24654      -0.00379      49.26169      -0.00379       0.00000       0.00000
    1.7344       0.00100       0.02427      49.24654      -0.00379      49.26169      -0.00379       0.00000       0.00000
    1.7350       0.00100       0.02427      49.24654      -0.00379      49.26169      -0.00379       0.00000       0.00000
    1.7356       0.00100       0.02427      49.24654      -0.00379      49.26169      -0.00379       0.00000       0.00000
    1.7363       0.00100       0.02427      49.24654      -0.00379      49.26169      -0.00379       0.00000       0.00000
    1.7369       0.00100       0.02427      49.24654      -0.00379      49.26169      -0.00379       0.00000       0.00000
    1.7375       0.00100       0.02427      49.24654      -0.00379      49.26169      -0.00379       0.00000       0.00000
    1.7381       0.00100       0.02427      49.24654      -0.00379      49.26169      -0.00379       0.00000       0.00000
    1.7388       0.00100       0.02427      49.24654      -0.00379      49.26169      -0.00379       0.00000       0.00000
    1.7394       0.00100       0.02427      49.24654      -0.00379      49.26169      -0.00379       0.00000       0.00000
    1.7400       0.00100       0.02427      49.24654      -0.00379      49.26169      -0.00379       0.00000       0.00000
    1.7406       0.00100       0.02427      49.24654      -0.00379      49.26169      -0.00379       0.00000       0.00000
    1.7413       0.00100       0.02427      49.24654      -0.00379      49.26169      -0.00379       0.00000       0.00000
    1.7419       0.00100       0.02427      49.24654      -0.00379      49.26169      -0.00379       0.00000       0.00000
    1.7425       0.00100       0.02427      49.24654      -0.00379      49.26169      -0.00379       0.00000       0.00000
    1.7431       0.00100       0.02427      49.24654      -0.00379      49.26169      -0.00379       0.00000       0.00000
    1.7438       0.00100       0.02427      49.24654      -0.00379      49.26169      -0.00379       0.00000       0.00000
    1.7444       0.00100       0.02427      49.24654      -0.00379      49.26169      -0.00379       0.00000       0.00000
    1.7450       0.00100       0.02427      49.24654      -0.00379      49.26169      -0.00379       0.00000       0.00000
    1.7456       0.00100       0.02427      49.24654      -0.00379      49.26169      -0.00379       0.00000       0.00000
    1.7463       0.00100       0.02427      49.24654      -0.00379      49.26169      -0.00379       0.00000       0.00000
    1.7469       0.00100       0.02427      49.24654      -0.00379      49.26169      -0.00379       0.00000       0.00000
    1.7475       0.00100       0.02427      49.24654      -0.00379      49.26169      -0.00379       0.00000       0.00000
    1.7481       0.00100       0.02427      49.24654      -0.00379      49.26169      -0.00379       0.00000       0.00000
    1.7488       0.00100       0.02427      49.24654      -0.00379      49.26169      -0.00379       0.00000       0.00000
    1.7494       0.00100       0.02427      49.24654      -0.00379      49.26169      -0.00379       0.00000       0.00000
    1.7500       0.00100       0.02427      49.24654      -0.00379      49.26169      -0.00379       0.00000       0.00000
    1.7506       0.00100       0.02427      49.24654      -0.00379      49.26169      -0.00379       0.00000       0.00000
    1.7513       0.00100       0.02427      49.24654      -0.00379      49.26169      -0.00379       0.00000       0.00000
    1.7519       0.00100       0.02427      49.24654      -0.00379      49.26169      -0.00379       0.00000       0.00000
    1.7525       0.00100       0.02427      49.24654      -0.00379      49.26169      -0.00379       0.00000       0.00000
    1.7531       0.00100       0.02427      49.24654      -0.00379      49.26169      -0.00379       0.00000       0.00000
    1.7538       0.00100       0.02427      49.24654      -0.00379      49.26169      -0.00379       0.00000       0.00000
    1.7544       0.00100       0.02427      49.24654      -0.00379      49.26169      -0.00379       0.00000       0.00000
    1.7550       0.00100       0.02427      49.24654      -0.00379      49.26169      -0.00379       0.00000       0.00000
    1.7556       0.00100       0.02427      49.24654      -0.00379      49.26169      -0.00379       0.00000       0.00000
    1.7563       0.00100       0.02427      49.24654      -0.00379      49.26169      -0.00379       0.00000       0.00000
    1.7569       0.00100       0.02427      49.24654      -0.00379      49.26169      -0.00379       0.00000       0.00000
    1.7575       0.00100       0.02427      49.24654      -0.00379      49.26169      -0.00379       0.00000       0.00000
    1.7581       0.00100       0.02427      49.24654      -0.00379      49.26169      -0.00379       0.00000       0.00000
    1.7588       0.00100       0.02427      49.24654      -0.00379      49.26169      -0.00379       0.00000       0.00000
    1.7594       0.00100       0.02427      49.24654      -0.00379      49.26169      -0.00379       0.00000       0.00000
    1.7600       0.00100       0.02427      49.24654      -0.00379      49.26169      -0.00379       0.00000       0.00000
    1.7606       0.00100       0.02427      49.24654      -0.00379      49.26169      -0.00379       0.00000       0.00000
    1.7613       0.00100       0.02427      49.24654      -0.00379      49.26169      -0.00379       0.00000       0.00000
    1.7619       0.00100       0.02427      49.24654      -0.00379      49.26169      -0.00379       0.00000       0.00000
    1.7625       0.00100       0.02427      49.24654      -0.00379      49.26169      -0.00379       0.00000       0.00000
    1.7631       0.00100       0.02427      49.24654      -0.00379      49.26169      -0.00379       0.00000       0.00000
    1.7638       0.00100       0.02427      49.24654      -0.00379      49.26169      -0.00379       0.00000       0.00000
    1.7644       0.00100       0.02427      49.24654      -0.00379      49.26169      -0.00379       0.00000       0.00000
    1.7650       0.00100       0.02427      49.24654      -0.00379      49.26169      -0.00379       0.00000       0.00000
    1.7656       0.00100       0.02427      49.24654      -0.00379      49.26169      -0.00379       0.00000       0.00000
    1.7663       0.00100       0.02427      49.24654      -0.00379      49.26169      -0.00379       0.00000       0.00000
    1.7669       0.00100       0.02427      49.24654      -0.00379      49.26169      -0.00379       0.00000       0.00000
    1.7675       0.00100       0.02427      49.24654      -0.00379      49.26169      -0.00379       0.00000       0.00000
    1.7681       0.00100       0.02427      49.24654      -0.00379      49.26169      -0.00379       0.00000       0.00000
    1.7688       0.00100       0.02427      49.24654      -0.00379      49.26169      -0.00379       0.00000       0.00000
    1.7694       0.00100       0.02427      49.24654      -0.00379      49.26169      -0.00379       0.00000       0.00000
    1.7700       0.00100       0.02427      49.24654      -0.00379      49.26169      -0.00379       0.00000       0.00000
    1.7706       0.00100       0.02427      49.24654      -0.00379      49.26169      -0.00379       0.00000       0.00000
    1.7713       0.00100       0.02427      49.24654      -0.00379      49.26169      -0.00379       0.00000       0.00000
    1.7719       0.00100       0.02427      49.24654      -0.00379      49.26169      -0.00379       0.00000       0.00000
    1.7725       0.00100       0.02427      49.24654      -0.00379      49.26169      -0.00379       0.00000       0.00000
    1.7731       0.00100       0.02427      49.24654      -0.00379      49.26169      -0.00379       0.00000       0.00000
    1.7738       0.00100       0.02427      49.24654      -0.00379      49.26169      -0.00379       0.00000       0.00000
    1.7744       0.00100       0.02427      49.24654      -0.00379      49.26169      -0.00379       0.00000       0.00000
    1.7750       0.00100       0.02427      49.24654      -0.00379      49.26169      -0.00379       0.00000       0.00000
    1.7756       0.00100       0.02427      49.24654      -0.00379      49.26169      -0.00379       0.00000       0.00000
    1.7763       0.00100       0.02427      49.24654      -0.00379      49.26169      -0.00379       0.00000       0.00000
    1.7769       0.00100       0.02427      49.24654      -0.00379      49.26169      -0.00379       0.00000       0.00000
    1.7775       0.00100       0.02427      49.24654      -0.00379      49.26169      -0.00379       0.00000       0.00000
    1.7781       0.00100       0.02427      49.24654      -0.00379      49.26169      -0.00379       0.00000       0.00000
    1.7788       0.00100       0.02427      49.24654      -0.00379      49.26169      -0.00379       0.00000       0.00000
    1.7794       0.00100       0.02427      49.24654      -0.00379      49.26169      -0.00379       0.00000       0.00000
    1.7800       0.00100       0.02427      49.24654      -0.00379      49.26169      -0.00379       0.00000       0.00000
    1.7806       0.00100       0.02427      49.24654      -0.00379      49.26169      -0.00379       0.00000       0.00000
    1.7813       0.00100       0.02427      49.24654      -0.00379      49.26169      -0.00379       0.00000       0.00000
    1.7819       0.00100       0.02427      49.24654      -0.00379      49.26169      -0.00379       0.00000       0.00000
    1.7825       0.00100       0.02427      49.24654      -0.00379      49.26169      -0.00379       0.00000       0.00000
    1.7831       0.00100       0.02427      49.24654      -0.00379      49.26169      -0.00379       0.00000       0.00000
    1.7838       0.00100       0.02427      49.24654      -0.00379      49.26169      -0.00379       0.00000       0.00000
    1.7844       0.00100       0.02427      49.24654      -0.00379      49.26169      -0.00379       0.00000       0.00000
    1.7850       0.00100       0.02427      49.24654      -0.00379      49.26169      -0.00379       0.00000       0.00000
    1.7856       0.00100       0.02427      49.24654      -0.00379      49.26169      -0.00379       0.00000       0.00000
    1.7863       0.00100       0.02427      49.24654      -0.00379      49.26169      -0.00379       0.00000       0.00000
    1.7869       0.00100       0.02427      49.24654      -0.00379      49.26169      -0.00379       0.00000       0.00000
    1.7875       0.00100       0.02427      49.24654      -0.00379      49.26169      -0.00379       0.00000       0.00000
    1.7881       0.00100       0.02427      49.24654      -0.00379      49.26169      -0.00379       0.00000       0.00000
    1.7888       0.00100       0.02427      49.24654      -0.00379      49.26169      -0.00379       0.00000       0.00000
    1.7894       0.00100       0.02427      49.24654      -0.00379      49.26169      -0.00379       0.00000       0.00000
    1.7900       0.00100       0.02427      49.24654      -0.00379      49.26169      -0.00379       0.00000       0.00000
    1.7906       0.00100       0.02427      49.24654      -0.00379      49.26169      -0.00379       0.00000       0.00000
    1.7913       0.00100       0.02427      49.24654      -0.00379      49.26169      -0.00379       0.00000       0.00000
    1.7919       0.00100       0.02427      49.24654      -0.00379      49.26169      -0.00379       0.00000       0.00000
    1.7925       0.00100       0.02427      49.24654      -0.00379      49.26169      -0.00379       0.00000       0.00000
    1.7931       0.00100       0.02427      49.24654      -0.00379      49.26169      -0.00379       0.00000       0.00000
    1.7938       0.00100       0.02427      49.24654      -0.00379      49.26169      -0.00379       0.00000       0.00000
    1.7944       0.00100       0.02427      49.24654      -0.00379      49.26169      -0.00379       0.00000       0.00000
    1.7950       0.00100       0.02427      49.24654      -0.00379      49.26169      -0.00379       0.00000       0.00000
    1.7956       0.00100       0.02427      49.24654      -0.00379      49.26169      -0.00379       0.00000       0.00000
    1.7963       0.00100       0.02427      49.24654      -0.00379      49.26169      -0.00379       0.00000       0.00000
    1.7969       0.00100       0.02427      49.24654      -0.00379      49.26169      -0.00379       0.00000       0.00000
    1.7975       0.00100       0.02427      49.24654      -0.00379      49.26169      -0.00379       0.00000       0.00000
    1.7981       0.00100       0.02427      49.24654      -0.00379      49.26169      -0.00379       0.00000       0.00000
    1.7988       0.00100       0.02427      49.24654      -0.00379      49.26169      -0.00379       0.00000       0.00000
    1.7994       0.00100       0.02427      49.24654      -0.00379      49.26169      -0.00379       0.00000       0.00000
    1.8000       0.00100       0.02427      49.24654      -0.00379      49.26169      -0.00379       0.00000       0.00000
    1.8006       0.00100       0.02427      49.24654      -0.00379      49.26169      -0.00379       0.00000       0.00000
    1.8013       0.00100       0.02427      49.24654      -0.00379      49.26169      -0.00379       0.00000       0.00000
    1.8019       0.00100       0.02427      49.24654      -0.00379      49.26169      -0.00379       0.00000       0.00000
    1.8025       0.00100       0.02427      49.24654      -0.00379      49.26169      -0.00379       0.00000       0.00000
    1.8031       0.00100       0.02427      49.24654      -0.00379      49.26169      -0.00379       0.00000       0.00000
    1.8038       0.00100       0.02427      49.24654      -0.00379      49.26169      -0.00379       0.00000       0.00000
    1.8044       0.00100       0.02427      49.24654      -0.00379      49.26169      -0.00379       0.00000       0.00000
    1.8050       0.00100       0.02427      49.24654      -0.00379      49.26169      -0.00379       0.00000       0.00000
    1.8056       0.00100       0.02427      49.24654      -0.00379      49.26169      -0.00379       0.00000       0.00000
    1.8063       0.00100       0.02427      49.24654      -0.00379      49.26169      -0.00379       0.00000       0.00000
    1.8069       0.00100       0.02427      49.24654      -0.00379      49.26169      -0.00379       0.00000       0.00000
    1.8075       0.00100       0.02427      49.24654      -0.00379      49.26169      -0.00379       0.00000       0.00000
    1.8081       0.00100       0.02427      49.24654      -0.00379      49.26169      -0.00379       0.00000       0.00000
    1.8088       0.00100       0.02427      49.24654      -0.00379      49.26169      -0.00379       0.00000       0.00000
    1.8094       0.00100       0.02427      49.24654      -0.00379      49.26169      -0.00379       0.00000       0.00000
    1.8100       0.00100       0.02427      49.24654      -0.00379      49.26169      -0.00379       0.00000       0.00000
    1.8106       0.00100       0.02427      49.24654      -0.00379      49.26169      -0.00379       0.00000       0.00000
    1.8113       0.00100       0.02427      49.24654      -0.00379      49.26169      -0.00379       0.00000       0.00000
    1.8119       0.00100       0.02427      49.24654      -0.00379      49.26169      -0.00379       0.00000       0.00000
    1.8125       0.00100       0.02427      49.24654      -0.00379      49.26169      -0.00379       0.00000       0.00000
    1.8131       0.00100       0.02427      49.24654      -0.00379      49.26169      -0.00379       0.00000       0.00000
    1.8138       0.00100       0.02427      49.24654      -0.00379      49.26169      -0.00379       0.00000       0.00000
    1.8144       0.00100       0.02427      49.24654      -0.00379      49.26169      -0.00379       0.00000       0.00000
    1.8150       0.00100       0.02427      49.24654      -0.00379      49.26169      -0.00379       0.00000       0.00000
    1.8156       0.00100       0.02427      49.24654      -0.00379      49.26169      -0.00379       0.00000       0.00000
    1.8163       0.00100       0.02427      49.24654      -0.00379      49.26169      -0.00379       0.00000       0.00000
    1.8169       0.00100       0.02427      49.24654      -0.00379      49.26169      -0.00379       0.00000       0.00000
    1.8175       0.00100       0.02427      49.24654      -0.00379      49.26169      -0.00379       0.00000       0.00000
    1.8181       0.00100       0.02427      49.24654      -0.00379      49.26169      -0.00379       0.00000       0.00000
    1.8188       0.00100       0.02427      49.24654      -0.00379      49.26169      -0.00379       0.00000       0.00000
    1.8194       0.00100       0.02427      49.24654      -0.00379      49.26169      -0.00379       0.00000       0.00000
    1.8200       0.00100       0.02427      49.24654      -0.00379      49.26169      -0.00379       0.00000       0.00000
    1.8206       0.00100       0.02427      49.24654      -0.00379      49.26169      -0.00379       0.00000       0.00000
    1.8213       0.00100       0.02427      49.24654      -0.00379      49.26169      -0.00379       0.00000       0.00000
    1.8219       0.00100       0.02427      49.24654      -0.00379      49.26169      -0.00379       0.00000       0.00000
    1.8225       0.00100       0.02427      49.24654      -0.00379      49.26169      -0.00379       0.00000       0.00000
    1.8231       0.00100       0.02427      49.24654      -0.00379      49.26169      -0.00379       0.00000       0.00000
    1.8238       0.00100       0.02427      49.24654      -0.00379      49.26169      -0.00379       0.00000       0.00000
    1.8244       0.00100       0.02427      49.24654      -0.00379      49.26169      -0.00379       0.00000       0.00000
    1.8250       0.00100       0.02427      49.24654      -0.00379      49.26169      -0.00379       0.00000       0.00000
    1.8256       0.00100       0.02427      49.24654      -0.00379      49.26169      -0.00379       0.00000       0.00000
    1.8263       0.00100       0.02427      49.24654      -0.00379      49.26169      -0.00379       0.00000       0.00000
    1.8269       0.00100       0.02427      49.24654      -0.00379      49.26169      -0.00379       0.00000       0.00000
    1.8275       0.00100       0.02427      49.24654      -0.00379      49.26169      -0.00379       0.00000       0.00000
    1.8281       0.00100       0.02427      49.24654      -0.00379      49.26169      -0.00379       0.00000       0.00000
    1.8288       0.00100       0.02427      49.24654      -0.00379      49.26169      -0.00379       0.00000       0.00000
    1.8294       0.00100       0.02427      49.24654      -0.00379      49.26169      -0.00379       0.00000       0.00000
    1.8300       0.00100       0.02427      49.24654      -0.00379      49.26169      -0.00379       0.00000       0.00000
    1.8306       0.00100       0.02427      49.24654      -0.00379      49.26169      -0.00379       0.00000       0.00000
    1.8313       0.00100       0.02427      49.24654      -0.00379      49.26169      -0.00379       0.00000       0.00000
    1.8319       0.00100       0.02427      49.24654      -0.00379      49.26169      -0.00379       0.00000       0.00000
    1.8325       0.00100       0.02427      49.24654      -0.00379      49.26169      -0.00379       0.00000       0.00000
    1.8331       0.00100       0.02427      49.24654      -0.00379      49.26169      -0.00379       0.00000       0.00000
    1.8338       0.00100       0.02427      49.24654      -0.00379      49.26169      -0.00379       0.00000       0.00000
    1.8344       0.00100       0.02427      49.24654      -0.00379      49.26169      -0.00379       0.00000       0.00000
    1.8350       0.00100       0.02427      49.24654      -0.00379      49.26169      -0.00379       0.00000       0.00000
    1.8356       0.00100       0.02427      49.24654      -0.00379      49.26169      -0.00379       0.00000       0.00000
    1.8363       0.00100       0.02427      49.24654      -0.00379      49.26169      -0.00379       0.00000       0.00000
    1.8369       0.00100       0.02427      49.24654      -0.00379      49.26169      -0.00379       0.00000       0.00000
    1.8375       0.00100       0.02427      49.24654      -0.00379      49.26169      -0.00379       0.00000       0.00000
    1.8381       0.00100       0.02427      49.24654      -0.00379      49.26169      -0.00379       0.00000       0.00000
    1.8388       0.00100       0.02427      49.24654      -0.00379      49.26169      -0.00379       0.00000       0.00000
    1.8394       0.00100       0.02427      49.24654      -0.00379      49.26169      -0.00379       0.00000       0.00000
    1.8400       0.00100       0.02427      49.24654      -0.00379      49.26169      -0.00379       0.00000       0.00000
    1.8406       0.00100       0.02427      49.24654      -0.00379      49.26169      -0.00379       0.00000       0.00000
    1.8413       0.00100       0.02427      49.24654      -0.00379      49.26169      -0.00379       0.00000       0.00000
    1.8419       0.00100       0.02427      49.24654      -0.00379      49.26169      -0.00379       0.00000       0.00000
    1.8425       0.00100       0.02427      49.24654      -0.00379      49.26169      -0.00379       0.00000       0.00000
    1.8431       0.00100       0.02427      49.24654      -0.00379      49.26169      -0.00379       0.00000       0.00000
    1.8438       0.00100       0.02427      49.24654      -0.00379      49.26169      -0.00379       0.00000       0.00000
    1.8444       0.00100       0.02427      49.24654      -0.00379      49.26169      -0.00379       0.00000       0.00000
    1.8450       0.00100       0.02427      49.24654      -0.00379      49.26169      -0.00379       0.00000       0.00000
    1.8456       0.00100       0.02427      49.24654      -0.00379      49.26169      -0.00379       0.00000       0.00000
    1.8463       0.00100       0.02427      49.24654      -0.00379      49.26169      -0.00379       0.00000       0.00000
    1.8469       0.00100       0.02427      49.24654      -0.00379      49.26169      -0.00379       0.00000       0.00000
    1.8475       0.00100       0.02427      49.24654      -0.00379      49.26169      -0.00379       0.00000       0.00000
    1.8481       0.00100       0.02427      49.24654      -0.00379      49.26169      -0.00379       0.00000       0.00000
    1.8488       0.00100       0.02427      49.24654      -0.00379      49.26169      -0.00379       0.00000       0.00000
    1.8494       0.00100       0.02427      49.24654      -0.00379      49.26169      -0.00379       0.00000       0.00000
    1.8500       0.00100       0.02427      49.24654      -0.00379      49.26169      -0.00379       0.00000       0.00000
    1.8506       0.00100       0.02427      49.24654      -0.00379      49.26169      -0.00379       0.00000       0.00000
    1.8513       0.00100       0.02427      49.24654      -0.00379      49.26169      -0.00379       0.00000       0.00000
    1.8519       0.00100       0.02427      49.24654      -0.00379      49.26169      -0.00379       0.00000       0.00000
    1.8525       0.00100       0.02427      49.24654      -0.00379      49.26169      -0.00379       0.00000       0.00000
    1.8531       0.00100       0.02427      49.24654      -0.00379      49.26169      -0.00379       0.00000       0.00000
    1.8538       0.00100       0.02427      49.24654      -0.00379      49.26169      -0.00379       0.00000       0.00000
    1.8544       0.00100       0.02427      49.24654      -0.00379      49.26169      -0.00379       0.00000       0.00000
    1.8550       0.00100       0.02427      49.24654      -0.00379      49.26169      -0.00379       0.00000       0.00000
    1.8556       0.00100       0.02427      49.24654      -0.00379      49.26169      -0.00379       0.00000       0.00000
    1.8563       0.00100       0.02427      49.24654      -0.00379      49.26169      -0.00379       0.00000       0.00000
    1.8569       0.00100       0.02427      49.24654      -0.00379      49.26169      -0.00379       0.00000       0.00000
    1.8575       0.00100       0.02427      49.24654      -0.00379      49.26169      -0.00379       0.00000       0.00000
    1.8581       0.00100       0.02427      49.24654      -0.00379      49.26169      -0.00379       0.00000       0.00000
    1.8588       0.00100       0.02427      49.24654      -0.00379      49.26169      -0.00379       0.00000       0.00000
    1.8594       0.00100       0.02427      49.24654      -0.00379      49.26169      -0.00379       0.00000       0.00000
    1.8600       0.00100       0.02427      49.24654      -0.00379      49.26169      -0.00379       0.00000       0.00000
    1.8606       0.00100       0.02427      49.24654      -0.00379      49.26169      -0.00379       0.00000       0.00000
    1.8613       0.00100       0.02427      49.24654      -0.00379      49.26169      -0.00379       0.00000       0.00000
    1.8619       0.00100       0.02427      49.24654      -0.00379      49.26169      -0.00379       0.00000       0.00000
    1.8625       0.00100       0.02427      49.24654      -0.00379      49.26169      -0.00379       0.00000       0.00000
    1.8631       0.00100       0.02427      49.24654      -0.00379      49.26169      -0.00379       0.00000       0.00000
    1.8638       0.00100       0.02427      49.24654      -0.00379      49.26169      -0.00379       0.00000       0.00000
    1.8644       0.00100       0.02427      49.24654      -0.00379      49.26169      -0.00379       0.00000       0.00000
    1.8650       0.00100       0.02427      49.24654      -0.00379      49.26169      -0.00379       0.00000       0.00000
    1.8656       0.00100       0.02427      49.24654      -0.00379      49.26169      -0.00379       0.00000       0.00000
    1.8663       0.00100       0.02427      49.24654      -0.00379      49.26169      -0.00379       0.00000       0.00000
    1.8669       0.00100       0.02427      49.24654      -0.00379      49.26169      -0.00379       0.00000       0.00000
    1.8675       0.00100       0.02427      49.24654      -0.00379      49.26169      -0.00379       0.00000       0.00000
    1.8681       0.00100       0.02427      49.24654      -0.00379      49.26169      -0.00379       0.00000       0.00000
    1.8688       0.00100       0.02427      49.24654      -0.00379      49.26169      -0.00379       0.00000       0.00000
    1.8694       0.00100       0.02427      49.24654      -0.00379      49.26169      -0.00379       0.00000       0.00000
    1.8700       0.00100       0.02427      49.24654      -0.00379      49.26169      -0.00379       0.00000       0.00000
    1.8706       0.00100       0.02427      49.24654      -0.00379      49.26169      -0.00379       0.00000       0.00000
    1.8713       0.00100       0.02427      49.24654      -0.00379      49.26169      -0.00379       0.00000       0.00000
    1.8719       0.00100       0.02427      49.24654      -0.00379      49.26169      -0.00379       0.00000       0.00000
    1.8725       0.00100       0.02427      49.24654      -0.00379      49.26169      -0.00379       0.00000       0.00000
    1.8731       0.00100       0.02427      49.24654      -0.00379      49.26169      -0.00379       0.00000       0.00000
    1.8738       0.00100       0.02427      49.24654      -0.00379      49.26169      -0.00379       0.00000       0.00000
    1.8744       0.00100       0.02427      49.24654      -0.00379      49.26169      -0.00379       0.00000       0.00000
    1.8750       0.00100       0.02427      49.24654      -0.00379      49.26169      -0.00379       0.00000       0.00000
    1.8756       0.00100       0.02427      49.24654      -0.00379      49.26169      -0.00379       0.00000       0.00000
    1.8763       0.00100       0.02427      49.24654      -0.00379      49.26169      -0.00379       0.00000       0.00000
    1.8769       0.00100       0.02427      49.24654      -0.00379      49.26169      -0.00379       0.00000       0.00000
    1.8775       0.00100       0.02427      49.24654      -0.00379      49.26169      -0.00379       0.00000       0.00000
    1.8781       0.00100       0.02427      49.24654      -0.00379      49.26169      -0.00379       0.00000       0.00000
    1.8788       0.00100       0.02427      49.24654      -0.00379      49.26169      -0.00379       0.00000       0.00000
    1.8794       0.00100       0.02427      49.24654      -0.00379      49.26169      -0.00379       0.00000       0.00000
    1.8800       0.00100       0.02427      49.24654      -0.00379      49.26169      -0.00379       0.00000       0.00000
    1.8806       0.00100       0.02427      49.24654      -0.00379      49.26169      -0.00379       0.00000       0.00000
    1.8813       0.00100       0.02427      49.24654      -0.00379      49.26169      -0.00379       0.00000       0.00000
    1.8819       0.00100       0.02427      49.24654      -0.00379      49.26169      -0.00379       0.00000       0.00000
    1.8825       0.00100       0.02427      49.24654      -0.00379      49.26169      -0.00379       0.00000       0.00000
    1.8831       0.00100       0.02427      49.24654      -0.00379      49.26169      -0.00379       0.00000       0.00000
    1.8838       0.00100       0.02427      49.24654      -0.00379      49.26169      -0.00379       0.00000       0.00000
    1.8844       0.00100       0.02427      49.24654      -0.00379      49.26169      -0.00379       0.00000       0.00000
    1.8850       0.00100       0.02427      49.24654      -0.00379      49.26169      -0.00379       0.00000       0.00000
    1.8856       0.00100       0.02427      49.24654      -0.00379      49.26169      -0.00379       0.00000       0.00000
    1.8863       0.00100       0.02427      49.24654      -0.00379      49.26169      -0.00379       0.00000       0.00000
    1.8869       0.00100       0.02427      49.24654      -0.00379      49.26169      -0.00379       0.00000       0.00000
    1.8875       0.00100       0.02427      49.24654      -0.00379      49.26169      -0.00379       0.00000       0.00000
    1.8881       0.00100       0.02427      49.24654      -0.00379      49.26169      -0.00379       0.00000       0.00000
    1.8888       0.00100       0.02427      49.24654      -0.00379      49.26169      -0.00379       0.00000       0.00000
    1.8894       0.00100       0.02427      49.24654      -0.00379      49.26169      -0.00379       0.00000       0.00000
    1.8900       0.00100       0.02427      49.24654      -0.00379      49.26169      -0.00379       0.00000       0.00000
    1.8906       0.00100       0.02427      49.24654      -0.00379      49.26169      -0.00379       0.00000       0.00000
    1.8913       0.00100       0.02427      49.24654      -0.00379      49.26169      -0.00379       0.00000       0.00000
    1.8919       0.00100       0.02427      49.24654      -0.00379      49.26169      -0.00379       0.00000       0.00000
    1.8925       0.00100       0.02427      49.24654      -0.00379      49.26169      -0.00379       0.00000       0.00000
    1.8931       0.00100       0.02427      49.24654      -0.00379      49.26169      -0.00379       0.00000       0.00000
    1.8938       0.00100       0.02427      49.24654      -0.00379      49.26169      -0.00379       0.00000       0.00000
    1.8944       0.00100       0.02427      49.24654      -0.00379      49.26169      -0.00379       0.00000       0.00000
    1.8950       0.00100       0.02427      49.24654      -0.00379      49.26169      -0.00379       0.00000       0.00000
    1.8956       0.00100       0.02427      49.24654      -0.00379      49.26169      -0.00379       0.00000       0.00000
    1.8963       0.00100       0.02427      49.24654      -0.00379      49.26169      -0.00379       0.00000       0.00000
    1.8969       0.00100       0.02427      49.24654      -0.00379      49.26169      -0.00379       0.00000       0.00000
    1.8975       0.00100       0.02427      49.24654      -0.00379      49.26169      -0.00379       0.00000       0.00000
    1.8981       0.00100       0.02427      49.24654      -0.00379      49.26169      -0.00379       0.00000       0.00000
    1.8988       0.00100       0.02427      49.24654      -0.00379      49.26169      -0.00379       0.00000       0.00000
    1.8994       0.00100       0.02427      49.24654      -0.00379      49.26169      -0.00379       0.00000       0.00000
    1.9000       0.00100       0.02427      49.24654      -0.00379      49.26169      -0.00379       0.00000       0.00000
    1.9006       0.00100       0.02427      49.24654      -0.00379      49.26169      -0.00379       0.00000       0.00000
    1.9013       0.00100       0.02427      49.24654      -0.00379      49.26169      -0.00379       0.00000       0.00000
    1.9019       0.00100       0.02427      49.24654      -0.00379      49.26169      -0.00379       0.00000       0.00000
    1.9025       0.00100       0.02427      49.24654      -0.00379      49.26169      -0.00379       0.00000       0.00000
    1.9031       0.00100       0.02427      49.24654      -0.00379      49.26169      -0.00379       0.00000       0.00000
    1.9038       0.00100       0.02427      49.24654      -0.00379      49.26169      -0.00379       0.00000       0.00000
    1.9044       0.00100       0.02427      49.24654      -0.00379      49.26169      -0.00379       0.00000       0.00000
    1.9050       0.00100       0.02427      49.24654      -0.00379      49.26169      -0.00379       0.00000       0.00000
    1.9056       0.00100       0.02427      49.24654      -0.00379      49.26169      -0.00379       0.00000       0.00000
    1.9063       0.00100       0.02427      49.24654      -0.00379      49.26169      -0.00379       0.00000       0.00000
    1.9069       0.00100       0.02427      49.24654      -0.00379      49.26169      -0.00379       0.00000       0.00000
    1.9075       0.00100       0.02427      49.24654      -0.00379      49.26169      -0.00379       0.00000       0.00000
    1.9081       0.00100       0.02427      49.24654      -0.00379      49.26169      -0.00379       0.00000       0.00000
    1.9088       0.00100       0.02427      49.24654      -0.00379      49.26169      -0.00379       0.00000       0.00000
    1.9094       0.00100       0.02427      49.24654      -0.00379      49.26169      -0.00379       0.00000       0.00000
    1.9100       0.00100       0.02427      49.24654      -0.00379      49.26169      -0.00379       0.00000       0.00000
    1.9106       0.00100       0.02427      49.24654      -0.00379      49.26169      -0.00379       0.00000       0.00000
    1.9113       0.00100       0.02427      49.24654      -0.00379      49.26169      -0.00379       0.00000       0.00000
    1.9119       0.00100       0.02427      49.24654      -0.00379      49.26169      -0.00379       0.00000       0.00000
    1.9125       0.00100       0.02427      49.24654      -0.00379      49.26169      -0.00379       0.00000       0.00000
    1.9131       0.00100       0.02427      49.24654      -0.00379      49.26169      -0.00379       0.00000       0.00000
    1.9138       0.00100       0.02427      49.24654      -0.00379      49.26169      -0.00379       0.00000       0.00000
    1.9144       0.00100       0.02427      49.24654      -0.00379      49.26169      -0.00379       0.00000       0.00000
    1.9150       0.00100       0.02427      49.24654      -0.00379      49.26169      -0.00379       0.00000       0.00000
    1.9156       0.00100       0.02427      49.24654      -0.00379      49.26169      -0.00379       0.00000       0.00000
    1.9163       0.00100       0.02427      49.24654      -0.00379      49.26169      -0.00379       0.00000       0.00000
    1.9169       0.00100       0.02427      49.24654      -0.00379      49.26169      -0.00379       0.00000       0.00000
    1.9175       0.00100       0.02427      49.24654      -0.00379      49.26169      -0.00379       0.00000       0.00000
    1.9181       0.00100       0.02427      49.24654      -0.00379      49.26169      -0.00379       0.00000       0.00000
    1.9188       0.00100       0.02427      49.24654      -0.00379      49.26169      -0.00379       0.00000       0.00000
    1.9194       0.00100       0.02427      49.24654      -0.00379      49.26169      -0.00379       0.00000       0.00000
    1.9200       0.00100       0.02427      49.24654      -0.00379      49.26169      -0.00379       0.00000       0.00000
    1.9206       0.00100       0.02427      49.24654      -0.00379      49.26169      -0.00379       0.00000       0.00000
    1.9213       0.00100       0.02427      49.24654      -0.00379      49.26169      -0.00379       0.00000       0.00000
    1.9219       0.00100       0.02427      49.24654      -0.00379      49.26169      -0.00379       0.00000       0.00000
    1.9225       0.00100       0.02427      49.24654      -0.00379      49.26169      -0.00379       0.00000       0.00000
    1.9231       0.00100       0.02427      49.24654      -0.00379      49.26169      -0.00379       0.00000       0.00000
    1.9238       0.00100       0.02427      49.24654      -0.00379      49.26169      -0.00379       0.00000       0.00000
    1.9244       0.00100       0.02427      49.24654      -0.00379      49.26169      -0.00379       0.00000       0.00000
    1.9250       0.00100       0.02427      49.24654      -0.00379      49.26169      -0.00379       0.00000       0.00000
    1.9256       0.00100       0.02427      49.24654      -0.00379      49.26169      -0.00379       0.00000       0.00000
    1.9263       0.00100       0.02427      49.24654      -0.00379      49.26169      -0.00379       0.00000       0.00000
    1.9269       0.00100       0.02427      49.24654      -0.00379      49.26169      -0.00379       0.00000       0.00000
    1.9275       0.00100       0.02427      49.24654      -0.00379      49.26169      -0.00379       0.00000       0.00000
    1.9281       0.00100       0.02427      49.24654      -0.00379      49.26169      -0.00379       0.00000       0.00000
    1.9288       0.00100       0.02427      49.24654      -0.00379      49.26169      -0.00379       0.00000       0.00000
    1.9294       0.00100       0.02427      49.24654      -0.00379      49.26169      -0.00379       0.00000       0.00000
    1.9300       0.00100       0.02427      49.24654      -0.00379      49.26169      -0.00379       0.00000       0.00000
    1.9306       0.00100       0.02427      49.24654      -0.00379      49.26169      -0.00379       0.00000       0.00000
    1.9313       0.00100       0.02427      49.24654      -0.00379      49.26169      -0.00379       0.00000       0.00000
    1.9319       0.00100       0.02427      49.24654      -0.00379      49.26169      -0.00379       0.00000       0.00000
    1.9325       0.00100       0.02427      49.24654      -0.00379      49.26169      -0.00379       0.00000       0.00000
    1.9331       0.00100       0.02427      49.24654      -0.00379      49.26169      -0.00379       0.00000       0.00000
    1.9338       0.00100       0.02427      49.24654      -0.00379      49.26169      -0.00379       0.00000       0.00000
    1.9344       0.00100       0.02427      49.24654      -0.00379      49.26169      -0.00379       0.00000       0.00000
    1.9350       0.00100       0.02427      49.24654      -0.00379      49.26169      -0.00379       0.00000       0.00000
    1.9356       0.00100       0.02427      49.24654      -0.00379      49.26169      -0.00379       0.00000       0.00000
    1.9363       0.00100       0.02427      49.24654      -0.00379      49.26169      -0.00379       0.00000       0.00000
    1.9369       0.00100       0.02427      49.24654      -0.00379      49.26169      -0.00379       0.00000       0.00000
    1.9375       0.00100       0.02427      49.24654      -0.00379      49.26169      -0.00379       0.00000       0.00000
    1.9381       0.00100       0.02427      49.24654      -0.00379      49.26169      -0.00379       0.00000       0.00000
    1.9388       0.00100       0.02427      49.24654      -0.00379      49.26169      -0.00379       0.00000       0.00000
    1.9394       0.00100       0.02427      49.24654      -0.00379      49.26169      -0.00379       0.00000       0.00000
    1.9400       0.00100       0.02427      49.24654      -0.00379      49.26169      -0.00379       0.00000       0.00000
    1.9406       0.00100       0.02427      49.24654      -0.00379      49.26169      -0.00379       0.00000       0.00000
    1.9413       0.00100       0.02427      49.24654      -0.00379      49.26169      -0.00379       0.00000       0.00000
    1.9419       0.00100       0.02427      49.24654      -0.00379      49.26169      -0.00379       0.00000       0.00000
    1.9425       0.00100       0.02427      49.24654      -0.00379      49.26169      -0.00379       0.00000       0.00000
    1.9431       0.00100       0.02427      49.24654      -0.00379      49.26169      -0.00379       0.00000       0.00000
    1.9438       0.00100       0.02427      49.24654      -0.00379      49.26169      -0.00379       0.00000       0.00000
    1.9444       0.00100       0.02427      49.24654      -0.00379      49.26169      -0.00379       0.00000       0.00000
    1.9450       0.00100       0.02427      49.24654      -0.00379      49.26169      -0.00379       0.00000       0.00000
    1.9456       0.00100       0.02427      49.24654      -0.00379      49.26169      -0.00379       0.00000       0.00000
    1.9463       0.00100       0.02427      49.24654      -0.00379      49.26169      -0.00379       0.00000       0.00000
    1.9469       0.00100       0.02427      49.24654      -0.00379      49.26169      -0.00379       0.00000       0.00000
    1.9475       0.00100       0.02427      49.24654      -0.00379      49.26169      -0.00379       0.00000       0.00000
    1.9481       0.00100       0.02427      49.24654      -0.00379      49.26169      -0.00379       0.00000       0.00000
    1.9488       0.00100       0.02427      49.24654      -0.00379      49.26169      -0.00379       0.00000       0.00000
    1.9494       0.00100       0.02427      49.24654      -0.00379      49.26169      -0.00379       0.00000       0.00000
    1.9500       0.00100       0.02427      49.24654      -0.00379      49.26169      -0.00379       0.00000       0.00000
    1.9506       0.00100       0.02427      49.24654      -0.00379      49.26169      -0.00379       0.00000       0.00000
    1.9513       0.00100       0.02427      49.24654      -0.00379      49.26169      -0.00379       0.00000       0.00000
    1.9519       0.00100       0.02427      49.24654      -0.00379      49.26169      -0.00379       0.00000       0.00000
    1.9525       0.00100       0.02427      49.24654      -0.00379      49.26169      -0.00379       0.00000       0.00000
    1.9531       0.00100       0.02427      49.24654      -0.00379      49.26169      -0.00379       0.00000       0.00000
    1.9538       0.00100       0.02427      49.24654      -0.00379      49.26169      -0.00379       0.00000       0.00000
    1.9544       0.00100       0.02427      49.24654      -0.00379      49.26169      -0.00379       0.00000       0.00000
    1.9550       0.00100       0.02427      49.24654      -0.00379      49.26169      -0.00379       0.00000       0.00000
    1.9556       0.00100       0.02427      49.24654      -0.00379      49.26169      -0.00379       0.00000       0.00000
    1.9563       0.00100       0.02427      49.24654      -0.00379      49.26169      -0.00379       0.00000       0.00000
    1.9569       0.00100       0.02427      49.24654      -0.00379      49.26169      -0.00379       0.00000       0.00000
    1.9575       0.00100       0.02427      49.24654      -0.00379      49.26169      -0.00379       0.00000       0.00000
    1.9581       0.00100       0.02427      49.24654      -0.00379      49.26169      -0.00379       0.00000       0.00000
    1.9588       0.00100       0.02427      49.24654      -0.00379      49.26169      -0.00379       0.00000       0.00000
    1.9594       0.00100       0.02427      49.24654      -0.00379      49.26169      -0.00379       0.00000       0.00000
    1.9600       0.00100       0.02427      49.24654      -0.00379      49.26169      -0.00379       0.00000       0.00000
    1.9606       0.00100       0.02427      49.24654      -0.00379      49.26169      -0.00379       0.00000       0.00000
    1.9613       0.00100       0.02427      49.24654      -0.00379      49.26169      -0.00379       0.00000       0.00000
    1.9619       0.00100       0.02427      49.24654      -0.00379      49.26169      -0.00379       0.00000       0.00000
    1.9625       0.00100       0.02427      49.24654      -0.00379      49.26169      -0.00379       0.00000       0.00000
    1.9631       0.00100       0.02427      49.24654      -0.00379      49.26169      -0.00379       0.00000       0.00000
    1.9638       0.00100       0.02427      49.24654      -0.00379      49.26169      -0.00379       0.00000       0.00000
    1.9644       0.00100       0.02427      49.24654      -0.00379      49.26169      -0.00379       0.00000       0.00000
    1.9650       0.00100       0.02427      49.24654      -0.00379      49.26169      -0.00379       0.00000       0.00000
    1.9656       0.00100       0.02427      49.24654      -0.00379      49.26169      -0.00379       0.00000       0.00000
    1.9663       0.00100       0.02427      49.24654      -0.00379      49.26169      -0.00379       0.00000       0.00000
    1.9669       0.00100       0.02427      49.24654      -0.00379      49.26169      -0.00379       0.00000       0.00000
    1.9675       0.00100       0.02427      49.24654      -0.00379      49.26169      -0.00379       0.00000       0.00000
    1.9681       0.00100       0.02427      49.24654      -0.00379      49.26169      -0.00379       0.00000       0.00000
    1.9688       0.00100       0.02427      49.24654      -0.00379      49.26169      -0.00379       0.00000       0.00000
    1.9694       0.00100       0.02427      49.24654      -0.00379      49.26169      -0.00379       0.00000       0.00000
    1.9700       0.00100       0.02427      49.24654      -0.00379      49.26169      -0.00379       0.00000       0.00000
    1.9706       0.00100       0.02427      49.24654      -0.00379      49.26169      -0.00379       0.00000       0.00000
    1.9713       0.00100       0.02427      49.24654      -0.00379      49.26169      -0.00379       0.00000       0.00000
    1.9719       0.00100       0.02427      49.24654      -0.00379      49.26169      -0.00379       0.00000       0.00000
    1.9725       0.00100       0.02427      49.24654      -0.00379      49.26169      -0.00379       0.00000       0.00000
    1.9731       0.00100       0.02427      49.24654      -0.00379      49.26169      -0.00379       0.00000       0.00000
    1.9738       0.00100       0.02427      49.24654      -0.00379      49.26169      -0.00379       0.00000       0.00000
    1.9744       0.00100       0.02427      49.24654      -0.00379      49.26169      -0.00379       0.00000       0.00000
    1.9750       0.00100       0.02427      49.24654      -0.00379      49.26169      -0.00379       0.00000       0.00000
    1.9756       0.00100       0.02427      49.24654      -0.00379      49.26169      -0.00379       0.00000       0.00000
    1.9763       0.00100       0.02427      49.24654      -0.00379      49.26169      -0.00379       0.00000       0.00000
    1.9769       0.00100       0.02427      49.24654      -0.00379      49.26169      -0.00379       0.00000       0.00000
    1.9775       0.00100       0.02427      49.24654      -0.00379      49.26169      -0.00379       0.00000       0.00000
    1.9781       0.00100       0.02427      49.24654      -0.00379      49.26169      -0.00379       0.00000       0.00000
    1.9788       0.00100       0.02427      49.24654      -0.00379      49.26169      -0.00379       0.00000       0.00000
    1.9794       0.00100       0.02427      49.24654      -0.00379      49.26169      -0.00379       0.00000       0.00000
    1.9800       0.00100       0.02427      49.24654      -0.00379      49.26169      -0.00379       0.00000       0.00000
    1.9806       0.00100       0.02427      49.24654      -0.00379      49.26169      -0.00379       0.00000       0.00000
    1.9813       0.00100       0.02427      49.24654      -0.00379      49.26169      -0.00379       0.00000       0.00000
    1.9819       0.00100       0.02427      49.24654      -0.00379      49.26169      -0.00379       0.00000       0.00000
    1.9825       0.00100       0.02427      49.24654      -0.00379      49.26169      -0.00379       0.00000       0.00000
    1.9831       0.00100       0.02427      49.24654      -0.00379      49.26169      -0.00379       0.00000       0.00000
    1.9838       0.00100       0.02427      49.24654      -0.00379      49.26169      -0.00379       0.00000       0.00000
    1.9844       0.00100       0.02427      49.24654      -0.00379      49.26169      -0.00379       0.00000       0.00000
    1.9850       0.00100       0.02427      49.24654      -0.00379      49.26169      -0.00379       0.00000       0.00000
    1.9856       0.00100       0.02427      49.24654      -0.00379      49.26169      -0.00379       0.00000       0.00000
    1.9863       0.00100       0.02427      49.24654      -0.00379      49.26169      -0.00379       0.00000       0.00000
    1.9869       0.00100       0.02427      49.24654      -0.00379      49.26169      -0.00379       0.00000       0.00000
    1.9875       0.00100       0.02427      49.24654      -0.00379      49.26169      -0.00379       0.00000       0.00000
    1.9881       0.00100       0.02427      49.24654      -0.00379      49.26169      -0.00379       0.00000       0.00000
    1.9888       0.00100       0.02427      49.24654      -0.00379      49.26169      -0.00379       0.00000       0.00000
    1.9894       0.00100       0.02427      49.24654      -0.00379      49.26169      -0.00379       0.00000       0.00000
    1.9900       0.00100       0.02427      49.24654      -0.00379      49.26169      -0.00379       0.00000       0.00000
    1.9906       0.00100       0.02427      49.24654      -0.00379      49.26169      -0.00379       0.00000       0.00000
    1.9913       0.00100       0.02427      49.24654      -0.00379      49.26169      -0.00379       0.00000       0.00000
    1.9919       0.00100       0.02427      49.24654      -0.00379      49.26169      -0.00379       0.00000       0.00000
    1.9925       0.00100       0.02427      49.24654      -0.00379      49.26169      -0.00379       0.00000       0.00000
    1.9931       0.00100       0.02427      49.24654      -0.00379      49.26169      -0.00379       0.00000       0.00000
    1.9938       0.00100       0.02427      49.24654      -0.00379      49.26169      -0.00379       0.00000       0.00000
    1.9944       0.00100       0.02427      49.24654      -0.00379      49.26169      -0.00379       0.00000       0.00000
    1.9950       0.00100       0.02427      49.24654      -0.00379      49.26169      -0.00379       0.00000       0.00000
    1.9956       0.00100       0.02427      49.24654      -0.00379      49.26169      -0.00379       0.00000       0.00000
    1.9963       0.00100       0.02427      49.24654      -0.00379      49.26169      -0.00379       0.00000       0.00000
    1.9969       0.00100       0.02427      49.24654      -0.00379      49.26169      -0.00379       0.00000       0.00000
    1.9975       0.00100       0.02427      49.24654      -0.00379      49.26169      -0.00379       0.00000       0.00000
    1.9981       0.00100       0.02427      49.24654      -0.00379      49.26169      -0.00379       0.00000       0.00000
    1.9988       0.00100       0.02427      49.24654      -0.00379      49.26169      -0.00379       0.00000       0.00000
    1.9994       0.00100       0.02427      49.24654      -0.00379      49.26169      -0.00379       0.00000       0.00000
    2.0000       0.00100       0.02427      49.24654      -0.00379      49.26169      -0.00379       0.00000       0.00000
    2.0006       0.00100       0.02427      49.24654      -0.00379      49.26169      -0.00379       0.00000       0.00000
    2.0013       0.00100       0.02427      49.24654      -0.00379      49.26169      -0.00379       0.00000       0.00000
    2.0019       0.00100       0.02427      49.24654      -0.00379      49.26169      -0.00379       0.00000       0.00000
    2.0025       0.00100       0.02427      49.24654      -0.00379      49.26169      -0.00379       0.00000       0.00000
    2.0031       0.00100       0.02427      49.24654      -0.00379      49.26169      -0.00379       0.00000       0.00000
    2.0038       0.00100       0.02427      49.24654      -0.00379      49.26169      -0.00379       0.00000       0.00000
    2.0044       0.00100       0.02427      49.24654      -0.00379      49.26169      -0.00379       0.00000       0.00000
    2.0050       0.00100       0.02427      49.24654      -0.00379      49.26169      -0.00379       0.00000       0.00000
    2.0056       0.00100       0.02427      49.24654      -0.00379      49.26169      -0.00379       0.00000       0.00000
    2.0063       0.00100       0.02427      49.24654      -0.00379      49.26169      -0.00379       0.00000       0.00000
    2.0069       0.00100       0.02427      49.24654      -0.00379      49.26169      -0.00379       0.00000       0.00000
    2.0075       0.00100       0.02427      49.24654      -0.00379      49.26169      -0.00379       0.00000       0.00000
    2.0081       0.00100       0.02427      49.24654      -0.00379      49.26169      -0.00379       0.00000       0.00000
    2.0088       0.00100       0.02427      49.24654      -0.00379      49.26169      -0.00379       0.00000       0.00000
    2.0094       0.00100       0.02427      49.24654      -0.00379      49.26169      -0.00379       0.00000       0.00000
    2.0100       0.00100       0.02427      49.24654      -0.00379      49.26169      -0.00379       0.00000       0.00000
    2.0106       0.00100       0.02427      49.24654      -0.00379      49.26169      -0.00379       0.00000       0.00000
    2.0113       0.00100       0.02427      49.24654      -0.00379      49.26169      -0.00379       0.00000       0.00000
    2.0119       0.00100       0.02427      49.24654      -0.00379      49.26169      -0.00379       0.00000       0.00000
    2.0125       0.00100       0.02427      49.24654      -0.00379      49.26169      -0.00379       0.00000       0.00000
    2.0131       0.00100       0.02427      49.24654      -0.00379      49.26169      -0.00379       0.00000       0.00000
    2.0138       0.00100       0.02427      49.24654      -0.00379      49.26169      -0.00379       0.00000       0.00000
    2.0144       0.00100       0.02427      49.24654      -0.00379      49.26169      -0.00379       0.00000       0.00000
    2.0150       0.00100       0.02427      49.24654      -0.00379      49.26169      -0.00379       0.00000       0.00000
    2.0156       0.00100       0.02427      49.24654      -0.00379      49.26169      -0.00379       0.00000       0.00000
    2.0163       0.00100       0.02427      49.24654      -0.00379      49.26169      -0.00379       0.00000       0.00000
    2.0169       0.00100       0.02427      49.24654      -0.00379      49.26169      -0.00379       0.00000       0.00000
    2.0175       0.00100       0.02427      49.24654      -0.00379      49.26169      -0.00379       0.00000       0.00000
    2.0181       0.00100       0.02427      49.24654      -0.00379      49.26169      -0.00379       0.00000       0.00000
    2.0188       0.00100       0.02427      49.24654      -0.00379      49.26169      -0.00379       0.00000       0.00000
    2.0194       0.00100       0.02427      49.24654      -0.00379      49.26169      -0.00379       0.00000       0.00000
    2.0200       0.00100       0.02427      49.24654      -0.00379      49.26169      -0.00379       0.00000       0.00000
    2.0206       0.00100       0.02427      49.24654      -0.00379      49.26169      -0.00379       0.00000       0.00000
    2.0213       0.00100       0.02427      49.24654      -0.00379      49.26169      -0.00379       0.00000       0.00000
    2.0219       0.00100       0.02427      49.24654      -0.00379      49.26169      -0.00379       0.00000       0.00000
    2.0225       0.00100       0.02427      49.24654      -0.00379      49.26169      -0.00379       0.00000       0.00000
    2.0231       0.00100       0.02427      49.24654      -0.00379      49.26169      -0.00379       0.00000       0.00000
    2.0238       0.00100       0.02427      49.24654      -0.00379      49.26169      -0.00379       0.00000       0.00000
    2.0244       0.00100       0.02427      49.24654      -0.00379      49.26169      -0.00379       0.00000       0.00000
    2.0250       0.00100       0.02427      49.24654      -0.00379      49.26169      -0.00379       0.00000       0.00000
    2.0256       0.00100       0.02427      49.24654      -0.00379      49.26169      -0.00379       0.00000       0.00000
    2.0263       0.00100       0.02427      49.24654      -0.00379      49.26169      -0.00379       0.00000       0.00000
    2.0269       0.00100       0.02427      49.24654      -0.00379      49.26169      -0.00379       0.00000       0.00000
    2.0275       0.00100       0.02427      49.24654      -0.00379      49.26169      -0.00379       0.00000       0.00000
    2.0281       0.00100       0.02427      49.24654      -0.00379      49.26169      -0.00379       0.00000       0.00000
    2.0288       0.00100       0.02427      49.24654      -0.00379      49.26169      -0.00379       0.00000       0.00000
    2.0294       0.00100       0.02427      49.24654      -0.00379      49.26169      -0.00379       0.00000       0.00000
    2.0300       0.00100       0.02427      49.24654      -0.00379      49.26169      -0.00379       0.00000       0.00000
    2.0306       0.00100       0.02427      49.24654      -0.00379      49.26169      -0.00379       0.00000       0.00000
    2.0313       0.00100       0.02427      49.24654      -0.00379      49.26169      -0.00379       0.00000       0.00000
    2.0319       0.00100       0.02427      49.24654      -0.00379      49.26169      -0.00379       0.00000       0.00000
    2.0325       0.00100       0.02427      49.24654      -0.00379      49.26169      -0.00379       0.00000       0.00000
    2.0331       0.00100       0.02427      49.24654      -0.00379      49.26169      -0.00379       0.00000       0.00000
    2.0338       0.00100       0.02427      49.24654      -0.00379      49.26169      -0.00379       0.00000       0.00000
    2.0344       0.00100       0.02427      49.24654      -0.00379      49.26169      -0.00379       0.00000       0.00000
    2.0350       0.00100       0.02427      49.24654      -0.00379      49.26169      -0.00379       0.00000       0.00000
    2.0356       0.00100       0.02427      49.24654      -0.00379      49.26169      -0.00379       0.00000       0.00000
    2.0363       0.00100       0.02427      49.24654      -0.00379      49.26169      -0.00379       0.00000       0.00000
    2.0369       0.00100       0.02427      49.24654      -0.00379      49.26169      -0.00379       0.00000       0.00000
    2.0375       0.00100       0.02427      49.24654      -0.00379      49.26169      -0.00379       0.00000       0.00000
    2.0381       0.00100       0.02427      49.24654      -0.00379      49.26169      -0.00379       0.00000       0.00000
    2.0388       0.00100       0.02427      49.24654      -0.00379      49.26169      -0.00379       0.00000       0.00000
    2.0394       0.00100       0.02427      49.24654      -0.00379      49.26169      -0.00379       0.00000       0.00000
    2.0400       0.00100       0.02427      49.24654      -0.00379      49.26169      -0.00379       0.00000       0.00000
    2.0406       0.00100       0.02427      49.24654      -0.00379      49.26169      -0.00379       0.00000       0.00000
    2.0413       0.00100       0.02427      49.24654      -0.00379      49.26169      -0.00379       0.00000       0.00000
    2.0419       0.00100       0.02427      49.24654      -0.00379      49.26169      -0.00379       0.00000       0.00000
    2.0425       0.00100       0.02427      49.24654      -0.00379      49.26169      -0.00379       0.00000       0.00000
    2.0431       0.00100       0.02427      49.24654      -0.00379      49.26169      -0.00379       0.00000       0.00000
    2.0438       0.00100       0.02427      49.24654      -0.00379      49.26169      -0.00379       0.00000       0.00000
    2.0444       0.00100       0.02427      49.24654      -0.00379      49.26169      -0.00379       0.00000       0.00000
    2.0450       0.00100       0.02427      49.24654      -0.00379      49.26169      -0.00379       0.00000       0.00000
    2.0456       0.00100       0.02427      49.24654      -0.00379      49.26169      -0.00379       0.00000       0.00000
    2.0463       0.00100       0.02427      49.24654      -0.00379      49.26169      -0.00379       0.00000       0.00000
    2.0469       0.00100       0.02427      49.24654      -0.00379      49.26169      -0.00379       0.00000       0.00000
    2.0475       0.00100       0.02427      49.24654      -0.00379      49.26169      -0.00379       0.00000       0.00000
    2.0481       0.00100       0.02427      49.24654      -0.00379      49.26169      -0.00379       0.00000       0.00000
    2.0488       0.00100       0.02427      49.24654      -0.00379      49.26169      -0.00379       0.00000       0.00000
    2.0494       0.00100       0.02427      49.24654      -0.00379      49.26169      -0.00379       0.00000       0.00000
    2.0500       0.00100       0.02427      49.24654      -0.00379      49.26169      -0.00379       0.00000       0.00000
    2.0506       0.00100       0.02427      49.24654      -0.00379      49.26169      -0.00379       0.00000       0.00000
    2.0513       0.00100       0.02427      49.24654      -0.00379      49.26169      -0.00379       0.00000       0.00000
    2.0519       0.00100       0.02427      49.24654      -0.00379      49.26169      -0.00379       0.00000       0.00000
    2.0525       0.00100       0.02427      49.24654      -0.00379      49.26169      -0.00379       0.00000       0.00000
    2.0531       0.00100       0.02427      49.24654      -0.00379      49.26169      -0.00379       0.00000       0.00000
    2.0538       0.00100       0.02427      49.24654      -0.00379      49.26169      -0.00379       0.00000       0.00000
    2.0544       0.00100       0.02427      49.24654      -0.00379      49.26169      -0.00379       0.00000       0.00000
    2.0550       0.00100       0.02427      49.24654      -0.00379      49.26169      -0.00379       0.00000       0.00000
    2.0556       0.00100       0.02427      49.24654      -0.00379      49.26169      -0.00379       0.00000       0.00000
    2.0563       0.00100       0.02427      49.24654      -0.00379      49.26169      -0.00379       0.00000       0.00000
    2.0569       0.00100       0.02427      49.24654      -0.00379      49.26169      -0.00379       0.00000       0.00000
    2.0575       0.00100       0.02427      49.24654      -0.00379      49.26169      -0.00379       0.00000       0.00000
    2.0581       0.00100       0.02427      49.24654      -0.00379      49.26169      -0.00379       0.00000       0.00000
    2.0588       0.00100       0.02427      49.24654      -0.00379      49.26169      -0.00379       0.00000       0.00000
    2.0594       0.00100       0.02427      49.24654      -0.00379      49.26169      -0.00379       0.00000       0.00000
    2.0600       0.00100       0.02427      49.24654      -0.00379      49.26169      -0.00379       0.00000       0.00000
    2.0606       0.00100       0.02427      49.24654      -0.00379      49.26169      -0.00379       0.00000       0.00000
    2.0613       0.00100       0.02427      49.24654      -0.00379      49.26169      -0.00379       0.00000       0.00000
    2.0619       0.00100       0.02427      49.24654      -0.00379      49.26169      -0.00379       0.00000       0.00000
    2.0625       0.00100       0.02427      49.24654      -0.00379      49.26169      -0.00379       0.00000       0.00000
    2.0631       0.00100       0.02427      49.24654      -0.00379      49.26169      -0.00379       0.00000       0.00000
    2.0638       0.00100       0.02427      49.24654      -0.00379      49.26169      -0.00379       0.00000       0.00000
    2.0644       0.00100       0.02427      49.24654      -0.00379      49.26169      -0.00379       0.00000       0.00000
    2.0650       0.00100       0.02427      49.24654      -0.00379      49.26169      -0.00379       0.00000       0.00000
    2.0656       0.00100       0.02427      49.24654      -0.00379      49.26169      -0.00379       0.00000       0.00000
    2.0663       0.00100       0.02427      49.24654      -0.00379      49.26169      -0.00379       0.00000       0.00000
    2.0669       0.00100       0.02427      49.24654      -0.00379      49.26169      -0.00379       0.00000       0.00000
    2.0675       0.00100       0.02427      49.24654      -0.00379      49.26169      -0.00379       0.00000       0.00000
    2.0681       0.00100       0.02427      49.24654      -0.00379      49.26169      -0.00379       0.00000       0.00000
    2.0688       0.00100       0.02427      49.24654      -0.00379      49.26169      -0.00379       0.00000       0.00000
    2.0694       0.00100       0.02427      49.24654      -0.00379      49.26169      -0.00379       0.00000       0.00000
    2.0700       0.00100       0.02427      49.24654      -0.00379      49.26169      -0.00379       0.00000       0.00000
    2.0706       0.00100       0.02427      49.24654      -0.00379      49.26169      -0.00379       0.00000       0.00000
    2.0713       0.00100       0.02427      49.24654      -0.00379      49.26169      -0.00379       0.00000       0.00000
    2.0719       0.00100       0.02427      49.24654      -0.00379      49.26169      -0.00379       0.00000       0.00000
    2.0725       0.00100       0.02427      49.24654      -0.00379      49.26169      -0.00379       0.00000       0.00000
    2.0731       0.00100       0.02427      49.24654      -0.00379      49.26169      -0.00379       0.00000       0.00000
    2.0738       0.00100       0.02427      49.24654      -0.00379      49.26169      -0.00379       0.00000       0.00000
    2.0744       0.00100       0.02427      49.24654      -0.00379      49.26169      -0.00379       0.00000       0.00000
    2.0750       0.00100       0.02427      49.24654      -0.00379      49.26169      -0.00379       0.00000       0.00000
    2.0756       0.00100       0.02427      49.24654      -0.00379      49.26169      -0.00379       0.00000       0.00000
    2.0763       0.00100       0.02427      49.24654      -0.00379      49.26169      -0.00379       0.00000       0.00000
    2.0769       0.00100       0.02427      49.24654      -0.00379      49.26169      -0.00379       0.00000       0.00000
    2.0775       0.00100       0.02427      49.24654      -0.00379      49.26169      -0.00379       0.00000       0.00000
    2.0781       0.00100       0.02427      49.24654      -0.00379      49.26169      -0.00379       0.00000       0.00000
    2.0788       0.00100       0.02427      49.24654      -0.00379      49.26169      -0.00379       0.00000       0.00000
    2.0794       0.00100       0.02427      49.24654      -0.00379      49.26169      -0.00379       0.00000       0.00000
    2.0800       0.00100       0.02427      49.24654      -0.00379      49.26169      -0.00379       0.00000       0.00000
    2.0806       0.00100       0.02427      49.24654      -0.00379      49.26169      -0.00379       0.00000       0.00000
    2.0813       0.00100       0.02427      49.24654      -0.00379      49.26169      -0.00379       0.00000       0.00000
    2.0819       0.00100       0.02427      49.24654      -0.00379      49.26169      -0.00379       0.00000       0.00000
    2.0825       0.00100       0.02427      49.24654      -0.00379      49.26169      -0.00379       0.00000       0.00000
    2.0831       0.00100       0.02427      49.24654      -0.00379      49.26169      -0.00379       0.00000       0.00000
    2.0838       0.00100       0.02427      49.24654      -0.00379      49.26169      -0.00379       0.00000       0.00000
    2.0844       0.00100       0.02427      49.24654      -0.00379      49.26169      -0.00379       0.00000       0.00000
    2.0850       0.00100       0.02427      49.24654      -0.00379      49.26169      -0.00379       0.00000       0.00000
    2.0856       0.00100       0.02427      49.24654      -0.00379      49.26169      -0.00379       0.00000       0.00000
    2.0863       0.00100       0.02427      49.24654      -0.00379      49.26169      -0.00379       0.00000       0.00000
    2.0869       0.00100       0.02427      49.24654      -0.00379      49.26169      -0.00379       0.00000       0.00000
    2.0875       0.00100       0.02427      49.24654      -0.00379      49.26169      -0.00379       0.00000       0.00000
    2.0881       0.00100       0.02427      49.24654      -0.00379      49.26169      -0.00379       0.00000       0.00000
    2.0888       0.00100       0.02427      49.24654      -0.00379      49.26169      -0.00379       0.00000       0.00000
    2.0894       0.00100       0.02427      49.24654      -0.00379      49.26169      -0.00379       0.00000       0.00000
    2.0900       0.00100       0.02427      49.24654      -0.00379      49.26169      -0.00379       0.00000       0.00000
    2.0906       0.00100       0.02427      49.24654      -0.00379      49.26169      -0.00379       0.00000       0.00000
    2.0913       0.00100       0.02427      49.24654      -0.00379      49.26169      -0.00379       0.00000       0.00000
    2.0919       0.00100       0.02427      49.24654      -0.00379      49.26169      -0.00379       0.00000       0.00000
    2.0925       0.00100       0.02427      49.24654      -0.00379      49.26169      -0.00379       0.00000       0.00000
    2.0931       0.00100       0.02427      49.24654      -0.00379      49.26169      -0.00379       0.00000       0.00000
    2.0938       0.00100       0.02427      49.24654      -0.00379      49.26169      -0.00379       0.00000       0.00000
    2.0944       0.00100       0.02427      49.24654      -0.00379      49.26169      -0.00379       0.00000       0.00000
    2.0950       0.00100       0.02427      49.24654      -0.00379      49.26169      -0.00379       0.00000       0.00000
    2.0956       0.00100       0.02427      49.24654      -0.00379      49.26169      -0.00379       0.00000       0.00000
    2.0963       0.00100       0.02427      49.24654      -0.00379      49.26169      -0.00379       0.00000       0.00000
    2.0969       0.00100       0.02427      49.24654      -0.00379      49.26169      -0.00379       0.00000       0.00000
    2.0975       0.00100       0.02427      49.24654      -0.00379      49.26169      -0.00379       0.00000       0.00000
    2.0981       0.00100       0.02427      49.24654      -0.00379      49.26169      -0.00379       0.00000       0.00000
    2.0988       0.00100       0.02427      49.24654      -0.00379      49.26169      -0.00379       0.00000       0.00000
    2.0994       0.00100       0.02427      49.24654      -0.00379      49.26169      -0.00379       0.00000       0.00000
    2.1000       0.00100       0.02427      49.24654      -0.00379      49.26169      -0.00379       0.00000       0.00000
    2.1006       0.00100       0.02427      49.24654      -0.00379      49.26169      -0.00379       0.00000       0.00000
    2.1013       0.00100       0.02427      49.24654      -0.00379      49.26169      -0.00379       0.00000       0.00000
    2.1019       0.00100       0.02427      49.24654      -0.00379      49.26169      -0.00379       0.00000       0.00000
    2.1025       0.00100       0.02427      49.24654      -0.00379      49.26169      -0.00379       0.00000       0.00000
    2.1031       0.00100       0.02427      49.24654      -0.00379      49.26169      -0.00379       0.00000       0.00000
    2.1038       0.00100       0.02427      49.24654      -0.00379      49.26169      -0.00379       0.00000       0.00000
    2.1044       0.00100       0.02427      49.24654      -0.00379      49.26169      -0.00379       0.00000       0.00000
    2.1050       0.00100       0.02427      49.24654      -0.00379      49.26169      -0.00379       0.00000       0.00000
    2.1056       0.00100       0.02427      49.24654      -0.00379      49.26169      -0.00379       0.00000       0.00000
    2.1063       0.00100       0.02427      49.24654      -0.00379      49.26169      -0.00379       0.00000       0.00000
    2.1069       0.00100       0.02427      49.24654      -0.00379      49.26169      -0.00379       0.00000       0.00000
    2.1075       0.00100       0.02427      49.24654      -0.00379      49.26169      -0.00379       0.00000       0.00000
    2.1081       0.00100       0.02427      49.24654      -0.00379      49.26169      -0.00379       0.00000       0.00000
    2.1088       0.00100       0.02427      49.24654      -0.00379      49.26169      -0.00379       0.00000       0.00000
    2.1094       0.00100       0.02427      49.24654      -0.00379      49.26169      -0.00379       0.00000       0.00000
    2.1100       0.00100       0.02427      49.24654      -0.00379      49.26169      -0.00379       0.00000       0.00000
    2.1106       0.00100       0.02427      49.24654      -0.00379      49.26169      -0.00379       0.00000       0.00000
    2.1113       0.00100       0.02427      49.24654      -0.00379      49.26169      -0.00379       0.00000       0.00000
    2.1119       0.00100       0.02427      49.24654      -0.00379      49.26169      -0.00379       0.00000       0.00000
    2.1125       0.00100       0.02427      49.24654      -0.00379      49.26169      -0.00379       0.00000       0.00000
    2.1131       0.00100       0.02427      49.24654      -0.00379      49.26169      -0.00379       0.00000       0.00000
    2.1138       0.00100       0.02427      49.24654      -0.00379      49.26169      -0.00379       0.00000       0.00000
    2.1144       0.00100       0.02427      49.24654      -0.00379      49.26169      -0.00379       0.00000       0.00000
    2.1150       0.00100       0.02427      49.24654      -0.00379      49.26169      -0.00379       0.00000       0.00000
    2.1156       0.00100       0.02427      49.24654      -0.00379      49.26169      -0.00379       0.00000       0.00000
    2.1163       0.00100       0.02427      49.24654      -0.00379      49.26169      -0.00379       0.00000       0.00000
    2.1169       0.00100       0.02427      49.24654      -0.00379      49.26169      -0.00379       0.00000       0.00000
    2.1175       0.00100       0.02427      49.24654      -0.00379      49.26169      -0.00379       0.00000       0.00000
    2.1181       0.00100       0.02427      49.24654      -0.00379      49.26169      -0.00379       0.00000       0.00000
    2.1188       0.00100       0.02427      49.24654      -0.00379      49.26169      -0.00379       0.00000       0.00000
    2.1194       0.00100       0.02427      49.24654      -0.00379      49.26169      -0.00379       0.00000       0.00000
    2.1200       0.00100       0.02427      49.24654      -0.00379      49.26169      -0.00379       0.00000       0.00000
    2.1206       0.00100       0.02427      49.24654      -0.00379      49.26169      -0.00379       0.00000       0.00000
    2.1213       0.00100       0.02427      49.24654      -0.00379      49.26169      -0.00379       0.00000       0.00000
    2.1219       0.00100       0.02427      49.24654      -0.00379      49.26169      -0.00379       0.00000       0.00000
    2.1225       0.00100       0.02427      49.24654      -0.00379      49.26169      -0.00379       0.00000       0.00000
    2.1231       0.00100       0.02427      49.24654      -0.00379      49.26169      -0.00379       0.00000       0.00000
    2.1238       0.00100       0.02427      49.24654      -0.00379      49.26169      -0.00379       0.00000       0.00000
    2.1244       0.00100       0.02427      49.24654      -0.00379      49.26169      -0.00379       0.00000       0.00000
    2.1250       0.00100       0.02427      49.24654      -0.00379      49.26169      -0.00379       0.00000       0.00000
    2.1256       0.00100       0.02427      49.24654      -0.00379      49.26169      -0.00379       0.00000       0.00000
    2.1263       0.00100       0.02427      49.24654      -0.00379      49.26169      -0.00379       0.00000       0.00000
    2.1269       0.00100       0.02427      49.24654      -0.00379      49.26169      -0.00379       0.00000       0.00000
    2.1275       0.00100       0.02427      49.24654      -0.00379      49.26169      -0.00379       0.00000       0.00000
    2.1281       0.00100       0.02427      49.24654      -0.00379      49.26169      -0.00379       0.00000       0.00000
    2.1288       0.00100       0.02427      49.24654      -0.00379      49.26169      -0.00379       0.00000       0.00000
    2.1294       0.00100       0.02427      49.24654      -0.00379      49.26169      -0.00379       0.00000       0.00000
    2.1300       0.00100       0.02427      49.24654      -0.00379      49.26169      -0.00379       0.00000       0.00000
    2.1306       0.00100       0.02427      49.24654      -0.00379      49.26169      -0.00379       0.00000       0.00000
    2.1313       0.00100       0.02427      49.24654      -0.00379      49.26169      -0.00379       0.00000       0.00000
    2.1319       0.00100       0.02427      49.24654      -0.00379      49.26169      -0.00379       0.00000       0.00000
    2.1325       0.00100       0.02427      49.24654      -0.00379      49.26169      -0.00379       0.00000       0.00000
    2.1331       0.00100       0.02427      49.24654      -0.00379      49.26169      -0.00379       0.00000       0.00000
    2.1338       0.00100       0.02427      49.24654      -0.00379      49.26169      -0.00379       0.00000       0.00000
    2.1344       0.00100       0.02427      49.24654      -0.00379      49.26169      -0.00379       0.00000       0.00000
    2.1350       0.00100       0.02427      49.24654      -0.00379      49.26169      -0.00379       0.00000       0.00000
    2.1356       0.00100       0.02427      49.24654      -0.00379      49.26169      -0.00379       0.00000       0.00000
    2.1363       0.00100       0.02427      49.24654      -0.00379      49.26169      -0.00379       0.00000       0.00000
    2.1369       0.00100       0.02427      49.24654      -0.00379      49.26169      -0.00379       0.00000       0.00000
    2.1375       0.00100       0.02427      49.24654      -0.00379      49.26169      -0.00379       0.00000       0.00000
    2.1381       0.00100       0.02427      49.24654      -0.00379      49.26169      -0.00379       0.00000       0.00000
    2.1388       0.00100       0.02427      49.24654      -0.00379      49.26169      -0.00379       0.00000       0.00000
    2.1394       0.00100       0.02427      49.24654      -0.00379      49.26169      -0.00379       0.00000       0.00000
    2.1400       0.00100       0.02427      49.24654      -0.00379      49.26169      -0.00379       0.00000       0.00000
    2.1406       0.00100       0.02427      49.24654      -0.00379      49.26169      -0.00379       0.00000       0.00000
    2.1413       0.00100       0.02427      49.24654      -0.00379      49.26169      -0.00379       0.00000       0.00000
    2.1419       0.00100       0.02427      49.24654      -0.00379      49.26169      -0.00379       0.00000       0.00000
    2.1425       0.00100       0.02427      49.24654      -0.00379      49.26169      -0.00379       0.00000       0.00000
    2.1431       0.00100       0.02427      49.24654      -0.00379      49.26169      -0.00379       0.00000       0.00000
    2.1438       0.00100       0.02427      49.24654      -0.00379      49.26169      -0.00379       0.00000       0.00000
    2.1444       0.00100       0.02427      49.24654      -0.00379      49.26169      -0.00379       0.00000       0.00000
    2.1450       0.00100       0.02427      49.24654      -0.00379      49.26169      -0.00379       0.00000       0.00000
    2.1456       0.00100       0.02427      49.24654      -0.00379      49.26169      -0.00379       0.00000       0.00000
    2.1463       0.00100       0.02427      49.24654      -0.00379      49.26169      -0.00379       0.00000       0.00000
    2.1469       0.00100       0.02427      49.24654      -0.00379      49.26169      -0.00379       0.00000       0.00000
    2.1475       0.00100       0.02427      49.24654      -0.00379      49.26169      -0.00379       0.00000       0.00000
    2.1481       0.00100       0.02427      49.24654      -0.00379      49.26169      -0.00379       0.00000       0.00000
    2.1488       0.00100       0.02427      49.24654      -0.00379      49.26169      -0.00379       0.00000       0.00000
    2.1494       0.00100       0.02427      49.24654      -0.00379      49.26169      -0.00379       0.00000       0.00000
    2.1500       0.00100       0.02427      49.24654      -0.00379      49.26169      -0.00379       0.00000       0.00000
    2.1506       0.00100       0.02427      49.24654      -0.00379      49.26169      -0.00379       0.00000       0.00000
    2.1513       0.00100       0.02427      49.24654      -0.00379      49.26169      -0.00379       0.00000       0.00000
    2.1519       0.00100       0.02427      49.24654      -0.00379      49.26169      -0.00379       0.00000       0.00000
    2.1525       0.00100       0.02427      49.24654      -0.00379      49.26169      -0.00379       0.00000       0.00000
    2.1531       0.00100       0.02427      49.24654      -0.00379      49.26169      -0.00379       0.00000       0.00000
    2.1538       0.00100       0.02427      49.24654      -0.00379      49.26169      -0.00379       0.00000       0.00000
    2.1544       0.00100       0.02427      49.24654      -0.00379      49.26169      -0.00379       0.00000       0.00000
    2.1550       0.00100       0.02427      49.24654      -0.00379      49.26169      -0.00379       0.00000       0.00000
    2.1556       0.00100       0.02427      49.24654      -0.00379      49.26169      -0.00379       0.00000       0.00000
    2.1563       0.00100       0.02427      49.24654      -0.00379      49.26169      -0.00379       0.00000       0.00000
    2.1569       0.00100       0.02427      49.24654      -0.00379      49.26169      -0.00379       0.00000       0.00000
    2.1575       0.00100       0.02427      49.24654      -0.00379      49.26169      -0.00379       0.00000       0.00000
    2.1581       0.00100       0.02427      49.24654      -0.00379      49.26169      -0.00379       0.00000       0.00000
    2.1588       0.00100       0.02427      49.24654      -0.00379      49.26169      -0.00379       0.00000       0.00000
    2.1594       0.00100       0.02427      49.24654      -0.00379      49.26169      -0.00379       0.00000       0.00000
    2.1600       0.00100       0.02427      49.24654      -0.00379      49.26169      -0.00379       0.00000       0.00000
    2.1606       0.00100       0.02427      49.24654      -0.00379      49.26169      -0.00379       0.00000       0.00000
    2.1613       0.00100       0.02427      49.24654      -0.00379      49.26169      -0.00379       0.00000       0.00000
    2.1619       0.00100       0.02427      49.24654      -0.00379      49.26169      -0.00379       0.00000       0.00000
    2.1625       0.00100       0.02427      49.24654      -0.00379      49.26169      -0.00379       0.00000       0.00000
    2.1631       0.00100       0.02427      49.24654      -0.00379      49.26169      -0.00379       0.00000       0.00000
    2.1638       0.00100       0.02427      49.24654      -0.00379      49.26169      -0.00379       0.00000       0.00000
    2.1644       0.00100       0.02427      49.24654      -0.00379      49.26169      -0.00379       0.00000       0.00000
    2.1650       0.00100       0.02427      49.24654      -0.00379      49.26169      -0.00379       0.00000       0.00000
    2.1656       0.00100       0.02427      49.24654      -0.00379      49.26169      -0.00379       0.00000       0.00000
    2.1663       0.00100       0.02427      49.24654      -0.00379      49.26169      -0.00379       0.00000       0.00000
    2.1669       0.00100       0.02427      49.24654      -0.00379      49.26169      -0.00379       0.00000       0.00000
    2.1675       0.00100       0.02427      49.24654      -0.00379      49.26169      -0.00379       0.00000       0.00000
    2.1681       0.00100       0.02427      49.24654      -0.00379      49.26169      -0.00379       0.00000       0.00000
    2.1688       0.00100       0.02427      49.24654      -0.00379      49.26169      -0.00379       0.00000       0.00000
    2.1694       0.00100       0.02427      49.24654      -0.00379      49.26169      -0.00379       0.00000       0.00000
    2.1700       0.00100       0.02427      49.24654      -0.00379      49.26169      -0.00379       0.00000       0.00000
    2.1706       0.00100       0.02427      49.24654      -0.00379      49.26169      -0.00379       0.00000       0.00000
    2.1713       0.00100       0.02427      49.24654      -0.00379      49.26169      -0.00379       0.00000       0.00000
    2.1719       0.00100       0.02427      49.24654      -0.00379      49.26169      -0.00379       0.00000       0.00000
    2.1725       0.00100       0.02427      49.24654      -0.00379      49.26169      -0.00379       0.00000       0.00000
    2.1731       0.00100       0.02427      49.24654      -0.00379      49.26169      -0.00379       0.00000       0.00000
    2.1738       0.00100       0.02427      49.24654      -0.00379      49.26169      -0.00379       0.00000       0.00000
    2.1744       0.00100       0.02427      49.24654      -0.00379      49.26169      -0.00379       0.00000       0.00000
    2.1750       0.00100       0.02427      49.24654      -0.00379      49.26169      -0.00379       0.00000       0.00000
    2.1756       0.00100       0.02427      49.24654      -0.00379      49.26169      -0.00379       0.00000       0.00000
    2.1763       0.00100       0.02427      49.24654      -0.00379      49.26169      -0.00379       0.00000       0.00000
    2.1769       0.00100       0.02427      49.24654      -0.00379      49.26169      -0.00379       0.00000       0.00000
    2.1775       0.00100       0.02427      49.24654      -0.00379      49.26169      -0.00379       0.00000       0.00000
    2.1781       0.00100       0.02427      49.24654      -0.00379      49.26169      -0.00379       0.00000       0.00000
    2.1788       0.00100       0.02427      49.24654      -0.00379      49.26169      -0.00379       0.00000       0.00000
    2.1794       0.00100       0.02427      49.24654      -0.00379      49.26169      -0.00379       0.00000       0.00000
    2.1800       0.00100       0.02427      49.24654      -0.00379      49.26169      -0.00379       0.00000       0.00000
    2.1806       0.00100       0.02427      49.24654      -0.00379      49.26169      -0.00379       0.00000       0.00000
    2.1813       0.00100       0.02427      49.24654      -0.00379      49.26169      -0.00379       0.00000       0.00000
    2.1819       0.00100       0.02427      49.24654      -0.00379      49.26169      -0.00379       0.00000       0.00000
    2.1825       0.00100       0.02427      49.24654      -0.00379      49.26169      -0.00379       0.00000       0.00000
    2.1831       0.00100       0.02427      49.24654      -0.00379      49.26169      -0.00379       0.00000       0.00000
    2.1838       0.00100       0.02427      49.24654      -0.00379      49.26169      -0.00379       0.00000       0.00000
    2.1844       0.00100       0.02427      49.24654      -0.00379      49.26169      -0.00379       0.00000       0.00000
    2.1850       0.00100       0.02427      49.24654      -0.00379      49.26169      -0.00379       0.00000       0.00000
    2.1856       0.00100       0.02427      49.24654      -0.00379      49.26169      -0.00379       0.00000       0.00000
    2.1863       0.00100       0.02427      49.24654      -0.00379      49.26169      -0.00379       0.00000       0.00000
    2.1869       0.00100       0.02427      49.24654      -0.00379      49.26169      -0.00379       0.00000       0.00000
    2.1875       0.00100       0.02427      49.24654      -0.00379      49.26169      -0.00379       0.00000       0.00000
    2.1881       0.00100       0.02427      49.24654      -0.00379      49.26169      -0.00379       0.00000       0.00000
    2.1888       0.00100       0.02427      49.24654      -0.00379      49.26169      -0.00379       0.00000       0.00000
    2.1894       0.00100       0.02427      49.24654      -0.00379      49.26169      -0.00379       0.00000       0.00000
    2.1900       0.00100       0.02427      49.24654      -0.00379      49.26169      -0.00379       0.00000       0.00000
    2.1906       0.00100       0.02427      49.24654      -0.00379      49.26169      -0.00379       0.00000       0.00000
    2.1913       0.00100       0.02427      49.24654      -0.00379      49.26169      -0.00379       0.00000       0.00000
    2.1919       0.00100       0.02427      49.24654      -0.00379      49.26169      -0.00379       0.00000       0.00000
    2.1925       0.00100       0.02427      49.24654      -0.00379      49.26169      -0.00379       0.00000       0.00000
    2.1931       0.00100       0.02427      49.24654      -0.00379      49.26169      -0.00379       0.00000       0.00000
    2.1938       0.00100       0.02427      49.24654      -0.00379      49.26169      -0.00379       0.00000       0.00000
    2.1944       0.00100       0.02427      49.24654      -0.00379      49.26169      -0.00379       0.00000       0.00000
    2.1950       0.00100       0.02427      49.24654      -0.00379      49.26169      -0.00379       0.00000       0.00000
    2.1956       0.00100       0.02427      49.24654      -0.00379      49.26169      -0.00379       0.00000       0.00000
    2.1963       0.00100       0.02427      49.24654      -0.00379      49.26169      -0.00379       0.00000       0.00000
    2.1969       0.00100       0.02427      49.24654      -0.00379      49.26169      -0.00379       0.00000       0.00000
    2.1975       0.00100       0.02427      49.24654      -0.00379      49.26169      -0.00379       0.00000       0.00000
    2.1981       0.00100       0.02427      49.24654      -0.00379      49.26169      -0.00379       0.00000       0.00000
    2.1988       0.00100       0.02427      49.24654      -0.00379      49.26169      -0.00379       0.00000       0.00000
    2.1994       0.00100       0.02427      49.24654      -0.00379      49.26169      -0.00379       0.00000       0.00000
    2.2000       0.00100       0.02427      49.24654      -0.00379      49.26169      -0.00379       0.00000       0.00000
    2.2006       0.00100       0.02427      49.24654      -0.00379      49.26169      -0.00379       0.00000       0.00000
    2.2013       0.00100       0.02427      49.24654      -0.00379      49.26169      -0.00379       0.00000       0.00000
    2.2019       0.00100       0.02427      49.24654      -0.00379      49.26169      -0.00379       0.00000       0.00000
    2.2025       0.00100       0.02427      49.24654      -0.00379      49.26169      -0.00379       0.00000       0.00000
    2.2031       0.00100       0.02427      49.24654      -0.00379      49.26169      -0.00379       0.00000       0.00000
    2.2038       0.00100       0.02427      49.24654      -0.00379      49.26169      -0.00379       0.00000       0.00000
    2.2044       0.00100       0.02427      49.24654      -0.00379      49.26169      -0.00379       0.00000       0.00000
    2.2050       0.00100       0.02427      49.24654      -0.00379      49.26169      -0.00379       0.00000       0.00000
    2.2056       0.00100       0.02427      49.24654      -0.00379      49.26169      -0.00379       0.00000       0.00000
    2.2063       0.00100       0.02427      49.24654      -0.00379      49.26169      -0.00379       0.00000       0.00000
    2.2069       0.00100       0.02427      49.24654      -0.00379      49.26169      -0.00379       0.00000       0.00000
    2.2075       0.00100       0.02427      49.24654      -0.00379      49.26169      -0.00379       0.00000       0.00000
    2.2081       0.00100       0.02427      49.24654      -0.00379      49.26169      -0.00379       0.00000       0.00000
    2.2088       0.00100       0.02427      49.24654      -0.00379      49.26169      -0.00379       0.00000       0.00000
    2.2094       0.00100       0.02427      49.24654      -0.00379      49.26169      -0.00379       0.00000       0.00000
    2.2100       0.00100       0.02427      49.24654      -0.00379      49.26169      -0.00379       0.00000       0.00000
    2.2106       0.00100       0.02427      49.24654      -0.00379      49.26169      -0.00379       0.00000       0.00000
    2.2113       0.00100       0.02427      49.24654      -0.00379      49.26169      -0.00379       0.00000       0.00000
    2.2119       0.00100       0.02427      49.24654      -0.00379      49.26169      -0.00379       0.00000       0.00000
    2.2125       0.00100       0.02427      49.24654      -0.00379      49.26169      -0.00379       0.00000       0.00000
    2.2131       0.00100       0.02427      49.24654      -0.00379      49.26169      -0.00379       0.00000       0.00000
    2.2138       0.00100       0.02427      49.24654      -0.00379      49.26169      -0.00379       0.00000       0.00000
    2.2144       0.00100       0.02427      49.24654      -0.00379      49.26169      -0.00379       0.00000       0.00000
    2.2150       0.00100       0.02427      49.24654      -0.00379      49.26169      -0.00379       0.00000       0.00000
    2.2156       0.00100       0.02427      49.24654      -0.00379      49.26169      -0.00379       0.00000       0.00000
    2.2163       0.00100       0.02427      49.24654      -0.00379      49.26169      -0.00379       0.00000       0.00000
    2.2169       0.00100       0.02427      49.24654      -0.00379      49.26169      -0.00379       0.00000       0.00000
    2.2175       0.00100       0.02427      49.24654      -0.00379      49.26169      -0.00379       0.00000       0.00000
    2.2181       0.00100       0.02427      49.24654      -0.00379      49.26169      -0.00379       0.00000       0.00000
    2.2188       0.00100       0.02427      49.24654      -0.00379      49.26169      -0.00379       0.00000       0.00000
    2.2194       0.00100       0.02427      49.24654      -0.00379      49.26169      -0.00379       0.00000       0.00000
    2.2200       0.00100       0.02427      49.24654      -0.00379      49.26169      -0.00379       0.00000       0.00000
    2.2206       0.00100       0.02427      49.24654      -0.00379      49.26169      -0.00379       0.00000       0.00000
    2.2213       0.00100       0.02427      49.24654      -0.00379      49.26169      -0.00379       0.00000       0.00000
    2.2219       0.00100       0.02427      49.24654      -0.00379      49.26169      -0.00379       0.00000       0.00000
    2.2225       0.00100       0.02427      49.24654      -0.00379      49.26169      -0.00379       0.00000       0.00000
    2.2231       0.00100       0.02427      49.24654      -0.00379      49.26169      -0.00379       0.00000       0.00000
    2.2238       0.00100       0.02427      49.24654      -0.00379      49.26169      -0.00379       0.00000       0.00000
    2.2244       0.00100       0.02427      49.24654      -0.00379      49.26169      -0.00379       0.00000       0.00000
    2.2250       0.00100       0.02427      49.24654      -0.00379      49.26169      -0.00379       0.00000       0.00000
    2.2256       0.00100       0.02427      49.24654      -0.00379      49.26169      -0.00379       0.00000       0.00000
    2.2263       0.00100       0.02427      49.24654      -0.00379      49.26169      -0.00379       0.00000       0.00000
    2.2269       0.00100       0.02427      49.24654      -0.00379      49.26169      -0.00379       0.00000       0.00000
    2.2275       0.00100       0.02427      49.24654      -0.00379      49.26169      -0.00379       0.00000       0.00000
    2.2281       0.00100       0.02427      49.24654      -0.00379      49.26169      -0.00379       0.00000       0.00000
    2.2288       0.00100       0.02427      49.24654      -0.00379      49.26169      -0.00379       0.00000       0.00000
    2.2294       0.00100       0.02427      49.24654      -0.00379      49.26169      -0.00379       0.00000       0.00000
    2.2300       0.00100       0.02427      49.24654      -0.00379      49.26169      -0.00379       0.00000       0.00000
    2.2306       0.00100       0.02427      49.24654      -0.00379      49.26169      -0.00379       0.00000       0.00000
    2.2313       0.00100       0.02427      49.24654      -0.00379      49.26169      -0.00379       0.00000       0.00000
    2.2319       0.00100       0.02427      49.24654      -0.00379      49.26169      -0.00379       0.00000       0.00000
    2.2325       0.00100       0.02427      49.24654      -0.00379      49.26169      -0.00379       0.00000       0.00000
    2.2331       0.00100       0.02427      49.24654      -0.00379      49.26169      -0.00379       0.00000       0.00000
    2.2338       0.00100       0.02427      49.24654      -0.00379      49.26169      -0.00379       0.00000       0.00000
    2.2344       0.00100       0.02427      49.24654      -0.00379      49.26169      -0.00379       0.00000       0.00000
    2.2350       0.00100       0.02427      49.24654      -0.00379      49.26169      -0.00379       0.00000       0.00000
    2.2356       0.00100       0.02427      49.24654      -0.00379      49.26169      -0.00379       0.00000       0.00000
    2.2363       0.00100       0.02427      49.24654      -0.00379      49.26169      -0.00379       0.00000       0.00000
    2.2369       0.00100       0.02427      49.24654      -0.00379      49.26169      -0.00379       0.00000       0.00000
    2.2375       0.00100       0.02427      49.24654      -0.00379      49.26169      -0.00379       0.00000       0.00000
    2.2381       0.00100       0.02427      49.24654      -0.00379      49.26169      -0.00379       0.00000       0.00000
    2.2388       0.00100       0.02427      49.24654      -0.00379      49.26169      -0.00379       0.00000       0.00000
    2.2394       0.00100       0.02427      49.24654      -0.00379      49.26169      -0.00379       0.00000       0.00000
    2.2400       0.00100       0.02427      49.24654      -0.00379      49.26169      -0.00379       0.00000       0.00000
    2.2406       0.00100       0.02427      49.24654      -0.00379      49.26169      -0.00379       0.00000       0.00000
    2.2413       0.00100       0.02427      49.24654      -0.00379      49.26169      -0.00379       0.00000       0.00000
    2.2419       0.00100       0.02427      49.24654      -0.00379      49.26169      -0.00379       0.00000       0.00000
    2.2425       0.00100       0.02427      49.24654      -0.00379      49.26169      -0.00379       0.00000       0.00000
    2.2431       0.00100       0.02427      49.24654      -0.00379      49.26169      -0.00379       0.00000       0.00000
    2.2438       0.00100       0.02427      49.24654      -0.00379      49.26169      -0.00379       0.00000       0.00000
    2.2444       0.00100       0.02427      49.24654      -0.00379      49.26169      -0.00379       0.00000       0.00000
    2.2450       0.00100       0.02427      49.24654      -0.00379      49.26169      -0.00379       0.00000       0.00000
    2.2456       0.00100       0.02427      49.24654      -0.00379      49.26169      -0.00379       0.00000       0.00000
    2.2463       0.00100       0.02427      49.24654      -0.00379      49.26169      -0.00379       0.00000       0.00000
    2.2469       0.00100       0.02427      49.24654      -0.00379      49.26169      -0.00379       0.00000       0.00000
    2.2475       0.00100       0.02427      49.24654      -0.00379      49.26169      -0.00379       0.00000       0.00000
    2.2481       0.00100       0.02427      49.24654      -0.00379      49.26169      -0.00379       0.00000       0.00000
    2.2488       0.00100       0.02427      49.24654      -0.00379      49.26169      -0.00379       0.00000       0.00000
    2.2494       0.00100       0.02427      49.24654      -0.00379      49.26169      -0.00379       0.00000       0.00000
    2.2500       0.00100       0.02427      49.24654      -0.00379      49.26169      -0.00379       0.00000       0.00000
    2.2506       0.00100       0.02427      49.24654      -0.00379      49.26169      -0.00379       0.00000       0.00000
    2.2513       0.00100       0.02427      49.24654      -0.00379      49.26169      -0.00379       0.00000       0.00000
    2.2519       0.00100       0.02427      49.24654      -0.00379      49.26169      -0.00379       0.00000       0.00000
    2.2525       0.00100       0.02427      49.24654      -0.00379      49.26169      -0.00379       0.00000       0.00000
    2.2531       0.00100       0.02427      49.24654      -0.00379      49.26169      -0.00379       0.00000       0.00000
    2.2538       0.00100       0.02427      49.24654      -0.00379      49.26169      -0.00379       0.00000       0.00000
    2.2544       0.00100       0.02427      49.24654      -0.00379      49.26169      -0.00379       0.00000       0.00000
    2.2550       0.00100       0.02427      49.24654      -0.00379      49.26169      -0.00379       0.00000       0.00000
    2.2556       0.00100       0.02427      49.24654      -0.00379      49.26169      -0.00379       0.00000       0.00000
    2.2563       0.00100       0.02427      49.24654      -0.00379      49.26169      -0.00379       0.00000       0.00000
    2.2569       0.00100       0.02427      49.24654      -0.00379      49.26169      -0.00379       0.00000       0.00000
    2.2575       0.00100       0.02427      49.24654      -0.00379      49.26169      -0.00379       0.00000       0.00000
    2.2581       0.00100       0.02427      49.24654      -0.00379      49.26169      -0.00379       0.00000       0.00000
    2.2588       0.00100       0.02427      49.24654      -0.00379      49.26169      -0.00379       0.00000       0.00000
    2.2594       0.00100       0.02427      49.24654      -0.00379      49.26169      -0.00379       0.00000       0.00000
    2.2600       0.00100       0.02427      49.24654      -0.00379      49.26169      -0.00379       0.00000       0.00000
    2.2606       0.00100       0.02427      49.24654      -0.00379      49.26169      -0.00379       0.00000       0.00000
    2.2613       0.00100       0.02427      49.24654      -0.00379      49.26169      -0.00379       0.00000       0.00000
    2.2619       0.00100       0.02427      49.24654      -0.00379      49.26169      -0.00379       0.00000       0.00000
    2.2625       0.00100       0.02427      49.24654      -0.00379      49.26169      -0.00379       0.00000       0.00000
    2.2631       0.00100       0.02427      49.24654      -0.00379      49.26169      -0.00379       0.00000       0.00000
    2.2638       0.00100       0.02427      49.24654      -0.00379      49.26169      -0.00379       0.00000       0.00000
    2.2644       0.00100       0.02427      49.24654      -0.00379      49.26169      -0.00379       0.00000       0.00000
    2.2650       0.00100       0.02427      49.24654      -0.00379      49.26169      -0.00379       0.00000       0.00000
    2.2656       0.00100       0.02427      49.24654      -0.00379      49.26169      -0.00379       0.00000       0.00000
    2.2663       0.00100       0.02427      49.24654      -0.00379      49.26169      -0.00379       0.00000       0.00000
    2.2669       0.00100       0.02427      49.24654      -0.00379      49.26169      -0.00379       0.00000       0.00000
    2.2675       0.00100       0.02427      49.24654      -0.00379      49.26169      -0.00379       0.00000       0.00000
    2.2681       0.00100       0.02427      49.24654      -0.00379      49.26169      -0.00379       0.00000       0.00000
    2.2688       0.00100       0.02427      49.24654      -0.00379      49.26169      -0.00379       0.00000       0.00000
    2.2694       0.00100       0.02427      49.24654      -0.00379      49.26169      -0.00379       0.00000       0.00000
    2.2700       0.00100       0.02427      49.24654      -0.00379      49.26169      -0.00379       0.00000       0.00000
    2.2706       0.00100       0.02427      49.24654      -0.00379      49.26169      -0.00379       0.00000       0.00000
    2.2713       0.00100       0.02427      49.24654      -0.00379      49.26169      -0.00379       0.00000       0.00000
    2.2719       0.00100       0.02427      49.24654      -0.00379      49.26169      -0.00379       0.00000       0.00000
    2.2725       0.00100       0.02427      49.24654      -0.00379      49.26169      -0.00379       0.00000       0.00000
    2.2731       0.00100       0.02427      49.24654      -0.00379      49.26169      -0.00379       0.00000       0.00000
    2.2738       0.00100       0.02427      49.24654      -0.00379      49.26169      -0.00379       0.00000       0.00000
    2.2744       0.00100       0.02427      49.24654      -0.00379      49.26169      -0.00379       0.00000       0.00000
    2.2750       0.00100       0.02427      49.24654      -0.00379      49.26169      -0.00379       0.00000       0.00000
    2.2756       0.00100       0.02427      49.24654      -0.00379      49.26169      -0.00379       0.00000       0.00000
    2.2763       0.00100       0.02427      49.24654      -0.00379      49.26169      -0.00379       0.00000       0.00000
    2.2769       0.00100       0.02427      49.24654      -0.00379      49.26169      -0.00379       0.00000       0.00000
    2.2775       0.00100       0.02427      49.24654      -0.00379      49.26169      -0.00379       0.00000       0.00000
    2.2781       0.00100       0.02427      49.24654      -0.00379      49.26169      -0.00379       0.00000       0.00000
    2.2788       0.00100       0.02427      49.24654      -0.00379      49.26169      -0.00379       0.00000       0.00000
    2.2794       0.00100       0.02427      49.24654      -0.00379      49.26169      -0.00379       0.00000       0.00000
    2.2800       0.00100       0.02427      49.24654      -0.00379      49.26169      -0.00379       0.00000       0.00000
    2.2806       0.00100       0.02427      49.24654      -0.00379      49.26169      -0.00379       0.00000       0.00000
    2.2813       0.00100       0.02427      49.24654      -0.00379      49.26169      -0.00379       0.00000       0.00000
    2.2819       0.00100       0.02427      49.24654      -0.00379      49.26169      -0.00379       0.00000       0.00000
    2.2825       0.00100       0.02427      49.24654      -0.00379      49.26169      -0.00379       0.00000       0.00000
    2.2831       0.00100       0.02427      49.24654      -0.00379      49.26169      -0.00379       0.00000       0.00000
    2.2838       0.00100       0.02427      49.24654      -0.00379      49.26169      -0.00379       0.00000       0.00000
    2.2844       0.00100       0.02427      49.24654      -0.00379      49.26169      -0.00379       0.00000       0.00000
    2.2850       0.00100       0.02427      49.24654      -0.00379      49.26169      -0.00379       0.00000       0.00000
    2.2856       0.00100       0.02427      49.24654      -0.00379      49.26169      -0.00379       0.00000       0.00000
    2.2863       0.00100       0.02427      49.24654      -0.00379      49.26169      -0.00379       0.00000       0.00000
    2.2869       0.00100       0.02427      49.24654      -0.00379      49.26169      -0.00379       0.00000       0.00000
    2.2875       0.00100       0.02427      49.24654      -0.00379      49.26169      -0.00379       0.00000       0.00000
    2.2881       0.00100       0.02427      49.24654      -0.00379      49.26169      -0.00379       0.00000       0.00000
    2.2888       0.00100       0.02427      49.24654      -0.00379      49.26169      -0.00379       0.00000       0.00000
    2.2894       0.00100       0.02427      49.24654      -0.00379      49.26169      -0.00379       0.00000       0.00000
    2.2900       0.00100       0.02427      49.24654      -0.00379      49.26169      -0.00379       0.00000       0.00000
    2.2906       0.00100       0.02427      49.24654      -0.00379      49.26169      -0.00379       0.00000       0.00000
    2.2913       0.00100       0.02427      49.24654      -0.00379      49.26169      -0.00379       0.00000       0.00000
    2.2919       0.00100       0.02427      49.24654      -0.00379      49.26169      -0.00379       0.00000       0.00000
    2.2925       0.00100       0.02427      49.24654      -0.00379      49.26169      -0.00379       0.00000       0.00000
    2.2931       0.00100       0.02427      49.24654      -0.00379      49.26169      -0.00379       0.00000       0.00000
    2.2938       0.00100       0.02427      49.24654      -0.00379      49.26169      -0.00379       0.00000       0.00000
    2.2944       0.00100       0.02427      49.24654      -0.00379      49.26169      -0.00379       0.00000       0.00000
    2.2950       0.00100       0.02427      49.24654      -0.00379      49.26169      -0.00379       0.00000       0.00000
    2.2956       0.00100       0.02427      49.24654      -0.00379      49.26169      -0.00379       0.00000       0.00000
    2.2963       0.00100       0.02427      49.24654      -0.00379      49.26169      -0.00379       0.00000       0.00000
    2.2969       0.00100       0.02427      49.24654      -0.00379      49.26169      -0.00379       0.00000       0.00000
    2.2975       0.00100       0.02427      49.24654      -0.00379      49.26169      -0.00379       0.00000       0.00000
    2.2981       0.00100       0.02427      49.24654      -0.00379      49.26169      -0.00379       0.00000       0.00000
    2.2988       0.00100       0.02427      49.24654      -0.00379      49.26169      -0.00379       0.00000       0.00000
    2.2994       0.00100       0.02427      49.24654      -0.00379      49.26169      -0.00379       0.00000       0.00000
    2.3000       0.00100       0.02427      49.24654      -0.00379      49.26169      -0.00379       0.00000       0.00000
    2.3006       0.00100       0.02427      49.24654      -0.00379      49.26169      -0.00379       0.00000       0.00000
    2.3013       0.00100       0.02427      49.24654      -0.00379      49.26169      -0.00379       0.00000       0.00000
    2.3019       0.00100       0.02427      49.24654      -0.00379      49.26169      -0.00379       0.00000       0.00000
    2.3025       0.00100       0.02427      49.24654      -0.00379      49.26169      -0.00379       0.00000       0.00000
    2.3031       0.00100       0.02427      49.24654      -0.00379      49.26169      -0.00379       0.00000       0.00000
    2.3038       0.00100       0.02427      49.24654      -0.00379      49.26169      -0.00379       0.00000       0.00000
    2.3044       0.00100       0.02427      49.24654      -0.00379      49.26169      -0.00379       0.00000       0.00000
    2.3050       0.00100       0.02427      49.24654      -0.00379      49.26169      -0.00379       0.00000       0.00000
    2.3056       0.00100       0.02427      49.24654      -0.00379      49.26169      -0.00379       0.00000       0.00000
    2.3063       0.00100       0.02427      49.24654      -0.00379      49.26169      -0.00379       0.00000       0.00000
    2.3069       0.00100       0.02427      49.24654      -0.00379      49.26169      -0.00379       0.00000       0.00000
    2.3075       0.00100       0.02427      49.24654      -0.00379      49.26169      -0.00379       0.00000       0.00000
    2.3081       0.00100       0.02427      49.24654      -0.00379      49.26169      -0.00379       0.00000       0.00000
    2.3088       0.00100       0.02427      49.24654      -0.00379      49.26169      -0.00379       0.00000       0.00000
    2.3094       0.00100       0.02427      49.24654      -0.00379      49.26169      -0.00379       0.00000       0.00000
    2.3100       0.00100       0.02427      49.24654      -0.00379      49.26169      -0.00379       0.00000       0.00000
    2.3106       0.00100       0.02427      49.24654      -0.00379      49.26169      -0.00379       0.00000       0.00000
    2.3113       0.00100       0.02427      49.24654      -0.00379      49.26169      -0.00379       0.00000       0.00000
    2.3119       0.00100       0.02427      49.24654      -0.00379      49.26169      -0.00379       0.00000       0.00000
    2.3125       0.00100       0.02427      49.24654      -0.00379      49.26169      -0.00379       0.00000       0.00000
    2.3131       0.00100       0.02427      49.24654      -0.00379      49.26169      -0.00379       0.00000       0.00000
    2.3138       0.00100       0.02427      49.24654      -0.00379      49.26169      -0.00379       0.00000       0.00000
    2.3144       0.00100       0.02427      49.24654      -0.00379      49.26169      -0.00379       0.00000       0.00000
    2.3150       0.00100       0.02427      49.24654      -0.00379      49.26169      -0.00379       0.00000       0.00000
    2.3156       0.00100       0.02427      49.24654      -0.00379      49.26169      -0.00379       0.00000       0.00000
    2.3163       0.00100       0.02427      49.24654      -0.00379      49.26169      -0.00379       0.00000       0.00000
    2.3169       0.00100       0.02427      49.24654      -0.00379      49.26169      -0.00379       0.00000       0.00000
    2.3175       0.00100       0.02427      49.24654      -0.00379      49.26169      -0.00379       0.00000       0.00000
    2.3181       0.00100       0.02427      49.24654      -0.00379      49.26169      -0.00379       0.00000       0.00000
    2.3188       0.00100       0.02427      49.24654      -0.00379      49.26169      -0.00379       0.00000       0.00000
    2.3194       0.00100       0.02427      49.24654      -0.00379      49.26169      -0.00379       0.00000       0.00000
    2.3200       0.00100       0.02427      49.24654      -0.00379      49.26169      -0.00379       0.00000       0.00000
    2.3206       0.00100       0.02427      49.24654      -0.00379      49.26169      -0.00379       0.00000       0.00000
    2.3213       0.00100       0.02427      49.24654      -0.00379      49.26169      -0.00379       0.00000       0.00000
    2.3219       0.00100       0.02427      49.24654      -0.00379      49.26169      -0.00379       0.00000       0.00000
    2.3225       0.00100       0.02427      49.24654      -0.00379      49.26169      -0.00379       0.00000       0.00000
    2.3231       0.00100       0.02427      49.24654      -0.00379      49.26169      -0.00379       0.00000       0.00000
    2.3238       0.00100       0.02427      49.24654      -0.00379      49.26169      -0.00379       0.00000       0.00000
    2.3244       0.00100       0.02427      49.24654      -0.00379      49.26169      -0.00379       0.00000       0.00000
    2.3250       0.00100       0.02427      49.24654      -0.00379      49.26169      -0.00379       0.00000       0.00000
    2.3256       0.00100       0.02427      49.24654      -0.00379      49.26169      -0.00379       0.00000       0.00000
    2.3263       0.00100       0.02427      49.24654      -0.00379      49.26169      -0.00379       0.00000       0.00000
    2.3269       0.00100       0.02427      49.24654      -0.00379      49.26169      -0.00379       0.00000       0.00000
    2.3275       0.00100       0.02427      49.24654      -0.00379      49.26169      -0.00379       0.00000       0.00000
    2.3281       0.00100       0.02427      49.24654      -0.00379      49.26169      -0.00379       0.00000       0.00000
    2.3288       0.00100       0.02427      49.24654      -0.00379      49.26169      -0.00379       0.00000       0.00000
    2.3294       0.00100       0.02427      49.24654      -0.00379      49.26169      -0.00379       0.00000       0.00000
    2.3300       0.00100       0.02427      49.24654      -0.00379      49.26169      -0.00379       0.00000       0.00000
    2.3306       0.00100       0.02427      49.24654      -0.00379      49.26169      -0.00379       0.00000       0.00000
    2.3313       0.00100       0.02427      49.24654      -0.00379      49.26169      -0.00379       0.00000       0.00000
    2.3319       0.00100       0.02427      49.24654      -0.00379      49.26169      -0.00379       0.00000       0.00000
    2.3325       0.00100       0.02427      49.24654      -0.00379      49.26169      -0.00379       0.00000       0.00000
    2.3331       0.00100       0.02427      49.24654      -0.00379      49.26169      -0.00379       0.00000       0.00000
    2.3338       0.00100       0.02427      49.24654      -0.00379      49.26169      -0.00379       0.00000       0.00000
    2.3344       0.00100       0.02427      49.24654      -0.00379      49.26169      -0.00379       0.00000       0.00000
    2.3350       0.00100       0.02427      49.24654      -0.00379      49.26169      -0.00379       0.00000       0.00000
    2.3356       0.00100       0.02427      49.24654      -0.00379      49.26169      -0.00379       0.00000       0.00000
    2.3363       0.00100       0.02427      49.24654      -0.00379      49.26169      -0.00379       0.00000       0.00000
    2.3369       0.00100       0.02427      49.24654      -0.00379      49.26169      -0.00379       0.00000       0.00000
    2.3375       0.00100       0.02427      49.24654      -0.00379      49.26169      -0.00379       0.00000       0.00000
    2.3381       0.00100       0.02427      49.24654      -0.00379      49.26169      -0.00379       0.00000       0.00000
    2.3388       0.00100       0.02427      49.24654      -0.00379      49.26169      -0.00379       0.00000       0.00000
    2.3394       0.00100       0.02427      49.24654      -0.00379      49.26169      -0.00379       0.00000       0.00000
    2.3400       0.00100       0.02427      49.24654      -0.00379      49.26169      -0.00379       0.00000       0.00000
    2.3406       0.00100       0.02427      49.24654      -0.00379      49.26169      -0.00379       0.00000       0.00000
    2.3413       0.00100       0.02427      49.24654      -0.00379      49.26169      -0.00379       0.00000       0.00000
    2.3419       0.00100       0.02427      49.24654      -0.00379      49.26169      -0.00379       0.00000       0.00000
    2.3425       0.00100       0.02427      49.24654      -0.00379      49.26169      -0.00379       0.00000       0.00000
    2.3431       0.00100       0.02427      49.24654      -0.00379      49.26169      -0.00379       0.00000       0.00000
    2.3438       0.00100       0.02427      49.24654      -0.00379      49.26169      -0.00379       0.00000       0.00000
    2.3444       0.00100       0.02427      49.24654      -0.00379      49.26169      -0.00379       0.00000       0.00000
    2.3450       0.00100       0.02427      49.24654      -0.00379      49.26169      -0.00379       0.00000       0.00000
    2.3456       0.00100       0.02427      49.24654      -0.00379      49.26169      -0.00379       0.00000       0.00000
    2.3463       0.00100       0.02427      49.24654      -0.00379      49.26169      -0.00379       0.00000       0.00000
    2.3469       0.00100       0.02427      49.24654      -0.00379      49.26169      -0.00379       0.00000       0.00000
    2.3475       0.00100       0.02427      49.24654      -0.00379      49.26169      -0.00379       0.00000       0.00000
    2.3481       0.00100       0.02427      49.24654      -0.00379      49.26169      -0.00379       0.00000       0.00000
    2.3488       0.00100       0.02427      49.24654      -0.00379      49.26169      -0.00379       0.00000       0.00000
    2.3494       0.00100       0.02427      49.24654      -0.00379      49.26169      -0.00379       0.00000       0.00000
    2.3500       0.00100       0.02427      49.24654      -0.00379      49.26169      -0.00379       0.00000       0.00000
    2.3506       0.00100       0.02427      49.24654      -0.00379      49.26169      -0.00379       0.00000       0.00000
    2.3513       0.00100       0.02427      49.24654      -0.00379      49.26169      -0.00379       0.00000       0.00000
    2.3519       0.00100       0.02427      49.24654      -0.00379      49.26169      -0.00379       0.00000       0.00000
    2.3525       0.00100       0.02427      49.24654      -0.00379      49.26169      -0.00379       0.00000       0.00000
    2.3531       0.00100       0.02427      49.24654      -0.00379      49.26169      -0.00379       0.00000       0.00000
    2.3538       0.00100       0.02427      49.24654      -0.00379      49.26169      -0.00379       0.00000       0.00000
    2.3544       0.00100       0.02427      49.24654      -0.00379      49.26169      -0.00379       0.00000       0.00000
    2.3550       0.00100       0.02427      49.24654      -0.00379      49.26169      -0.00379       0.00000       0.00000
    2.3556       0.00100       0.02427      49.24654      -0.00379      49.26169      -0.00379       0.00000       0.00000
    2.3563       0.00100       0.02427      49.24654      -0.00379      49.26169      -0.00379       0.00000       0.00000
    2.3569       0.00100       0.02427      49.24654      -0.00379      49.26169      -0.00379       0.00000       0.00000
    2.3575       0.00100       0.02427      49.24654      -0.00379      49.26169      -0.00379       0.00000       0.00000
    2.3581       0.00100       0.02427      49.24654      -0.00379      49.26169      -0.00379       0.00000       0.00000
    2.3588       0.00100       0.02427      49.24654      -0.00379      49.26169      -0.00379       0.00000       0.00000
    2.3594       0.00100       0.02427      49.24654      -0.00379      49.26169      -0.00379       0.00000       0.00000
    2.3600       0.00100       0.02427      49.24654      -0.00379      49.26169      -0.00379       0.00000       0.00000
    2.3606       0.00100       0.02427      49.24654      -0.00379      49.26169      -0.00379       0.00000       0.00000
    2.3613       0.00100       0.02427      49.24654      -0.00379      49.26169      -0.00379       0.00000       0.00000
    2.3619       0.00100       0.02427      49.24654      -0.00379      49.26169      -0.00379       0.00000       0.00000
    2.3625       0.00100       0.02427      49.24654      -0.00379      49.26169      -0.00379       0.00000       0.00000
    2.3631       0.00100       0.02427      49.24654      -0.00379      49.26169      -0.00379       0.00000       0.00000
    2.3638       0.00100       0.02427      49.24654      -0.00379      49.26169      -0.00379       0.00000       0.00000
    2.3644       0.00100       0.02427      49.24654      -0.00379      49.26169      -0.00379       0.00000       0.00000
    2.3650       0.00100       0.02427      49.24654      -0.00379      49.26169      -0.00379       0.00000       0.00000
    2.3656       0.00100       0.02427      49.24654      -0.00379      49.26169      -0.00379       0.00000       0.00000
    2.3663       0.00100       0.02427      49.24654      -0.00379      49.26169      -0.00379       0.00000       0.00000
    2.3669       0.00100       0.02427      49.24654      -0.00379      49.26169      -0.00379       0.00000       0.00000
    2.3675       0.00100       0.02427      49.24654      -0.00379      49.26169      -0.00379       0.00000       0.00000
    2.3681       0.00100       0.02427      49.24654      -0.00379      49.26169      -0.00379       0.00000       0.00000
    2.3688       0.00100       0.02427      49.24654      -0.00379      49.26169      -0.00379       0.00000       0.00000
    2.3694       0.00100       0.02427      49.24654      -0.00379      49.26169      -0.00379       0.00000       0.00000
    2.3700       0.00100       0.02427      49.24654      -0.00379      49.26169      -0.00379       0.00000       0.00000
    2.3706       0.00100       0.02427      49.24654      -0.00379      49.26169      -0.00379       0.00000       0.00000
    2.3713       0.00100       0.02427      49.24654      -0.00379      49.26169      -0.00379       0.00000       0.00000
    2.3719       0.00100       0.02427      49.24654      -0.00379      49.26169      -0.00379       0.00000       0.00000
    2.3725       0.00100       0.02427      49.24654      -0.00379      49.26169      -0.00379       0.00000       0.00000
    2.3731       0.00100       0.02427      49.24654      -0.00379      49.26169      -0.00379       0.00000       0.00000
    2.3738       0.00100       0.02427      49.24654      -0.00379      49.26169      -0.00379       0.00000       0.00000
    2.3744       0.00100       0.02427      49.24654      -0.00379      49.26169      -0.00379       0.00000       0.00000
    2.3750       0.00100       0.02427      49.24654      -0.00379      49.26169      -0.00379       0.00000       0.00000
    2.3756       0.00100       0.02427      49.24654      -0.00379      49.26169      -0.00379       0.00000       0.00000
    2.3763       0.00100       0.02427      49.24654      -0.00379      49.26169      -0.00379       0.00000       0.00000
    2.3769       0.00100       0.02427      49.24654      -0.00379      49.26169      -0.00379       0.00000       0.00000
    2.3775       0.00100       0.02427      49.24654      -0.00379      49.26169      -0.00379       0.00000       0.00000
    2.3781       0.00100       0.02427      49.24654      -0.00379      49.26169      -0.00379       0.00000       0.00000
    2.3788       0.00100       0.02427      49.24654      -0.00379      49.26169      -0.00379       0.00000       0.00000
    2.3794       0.00100       0.02427      49.24654      -0.00379      49.26169      -0.00379       0.00000       0.00000
    2.3800       0.00100       0.02427      49.24654      -0.00379      49.26169      -0.00379       0.00000       0.00000
    2.3806       0.00100       0.02427      49.24654      -0.00379      49.26169      -0.00379       0.00000       0.00000
    2.3813       0.00100       0.02427      49.24654      -0.00379      49.26169      -0.00379       0.00000       0.00000
    2.3819       0.00100       0.02427      49.24654      -0.00379      49.26169      -0.00379       0.00000       0.00000
    2.3825       0.00100       0.02427      49.24654      -0.00379      49.26169      -0.00379       0.00000       0.00000
    2.3831       0.00100       0.02427      49.24654      -0.00379      49.26169      -0.00379       0.00000       0.00000
    2.3838       0.00100       0.02427      49.24654      -0.00379      49.26169      -0.00379       0.00000       0.00000
    2.3844       0.00100       0.02427      49.24654      -0.00379      49.26169      -0.00379       0.00000       0.00000
    2.3850       0.00100       0.02427      49.24654      -0.00379      49.26169      -0.00379       0.00000       0.00000
    2.3856       0.00100       0.02427      49.24654      -0.00379      49.26169      -0.00379       0.00000       0.00000
    2.3863       0.00100       0.02427      49.24654      -0.00379      49.26169      -0.00379       0.00000       0.00000
    2.3869       0.00100       0.02427      49.24654      -0.00379      49.26169      -0.00379       0.00000       0.00000
    2.3875       0.00100       0.02427      49.24654      -0.00379      49.26169      -0.00379       0.00000       0.00000
    2.3881       0.00100       0.02427      49.24654      -0.00379      49.26169      -0.00379       0.00000       0.00000
    2.3888       0.00100       0.02427      49.24654      -0.00379      49.26169      -0.00379       0.00000       0.00000
    2.3894       0.00100       0.02427      49.24654      -0.00379      49.26169      -0.00379       0.00000       0.00000
    2.3900       0.00100       0.02427      49.24654      -0.00379      49.26169      -0.00379       0.00000       0.00000
    2.3906       0.00100       0.02427      49.24654      -0.00379      49.26169      -0.00379       0.00000       0.00000
    2.3913       0.00100       0.02427      49.24654      -0.00379      49.26169      -0.00379       0.00000       0.00000
    2.3919       0.00100       0.02427      49.24654      -0.00379      49.26169      -0.00379       0.00000       0.00000
    2.3925       0.00100       0.02427      49.24654      -0.00379      49.26169      -0.00379       0.00000       0.00000
    2.3931       0.00100       0.02427      49.24654      -0.00379      49.26169      -0.00379       0.00000       0.00000
    2.3938       0.00100       0.02427      49.24654      -0.00379      49.26169      -0.00379       0.00000       0.00000
    2.3944       0.00100       0.02427      49.24654      -0.00379      49.26169      -0.00379       0.00000       0.00000
    2.3950       0.00100       0.02427      49.24654      -0.00379      49.26169      -0.00379       0.00000       0.00000
    2.3956       0.00100       0.02427      49.24654      -0.00379      49.26169      -0.00379       0.00000       0.00000
    2.3963       0.00100       0.02427      49.24654      -0.00379      49.26169      -0.00379       0.00000       0.00000
    2.3969       0.00100       0.02427      49.24654      -0.00379      49.26169      -0.00379       0.00000       0.00000
    2.3975       0.00100       0.02427      49.24654      -0.00379      49.26169      -0.00379       0.00000       0.00000
    2.3981       0.00100       0.02427      49.24654      -0.00379      49.26169      -0.00379       0.00000       0.00000
    2.3988       0.00100       0.02427      49.24654      -0.00379      49.26169      -0.00379       0.00000       0.00000
    2.3994       0.00100       0.02427      49.24654      -0.00379      49.26169      -0.00379       0.00000       0.00000
    2.4000       0.00100       0.02427      49.24654      -0.00379      49.26169      -0.00379       0.00000       0.00000
    2.4006       0.00100       0.02427      49.24654      -0.00379      49.26169      -0.00379       0.00000       0.00000
    2.4013       0.00100       0.02427      49.24654      -0.00379      49.26169      -0.00379       0.00000       0.00000
    2.4019       0.00100       0.02427      49.24654      -0.00379      49.26169      -0.00379       0.00000       0.00000
    2.4025       0.00100       0.02427      49.24654      -0.00379      49.26169      -0.00379       0.00000       0.00000
    2.4031       0.00100       0.02427      49.24654      -0.00379      49.26169      -0.00379       0.00000       0.00000
    2.4038       0.00100       0.02427      49.24654      -0.00379      49.26169      -0.00379       0.00000       0.00000
    2.4044       0.00100       0.02427      49.24654      -0.00379      49.26169      -0.00379       0.00000       0.00000
    2.4050       0.00100       0.02427      49.24654      -0.00379      49.26169      -0.00379       0.00000       0.00000
    2.4056       0.00100       0.02427      49.24654      -0.00379      49.26169      -0.00379       0.00000       0.00000
    2.4063       0.00100       0.02427      49.24654      -0.00379      49.26169      -0.00379       0.00000       0.00000
    2.4069       0.00100       0.02427      49.24654      -0.00379      49.26169      -0.00379       0.00000       0.00000
    2.4075       0.00100       0.02427      49.24654      -0.00379      49.26169      -0.00379       0.00000       0.00000
    2.4081       0.00100       0.02427      49.24654      -0.00379      49.26169      -0.00379       0.00000       0.00000
    2.4088       0.00100       0.02427      49.24654      -0.00379      49.26169      -0.00379       0.00000       0.00000
    2.4094       0.00100       0.02427      49.24654      -0.00379      49.26169      -0.00379       0.00000       0.00000
    2.4100       0.00100       0.02427      49.24654      -0.00379      49.26169      -0.00379       0.00000       0.00000
    2.4106       0.00100       0.02427      49.24654      -0.00379      49.26169      -0.00379       0.00000       0.00000
    2.4113       0.00100       0.02427      49.24654      -0.00379      49.26169      -0.00379       0.00000       0.00000
    2.4119       0.00100       0.02427      49.24654      -0.00379      49.26169      -0.00379       0.00000       0.00000
    2.4125       0.00100       0.02427      49.24654      -0.00379      49.26169      -0.00379       0.00000       0.00000
    2.4131       0.00100       0.02427      49.24654      -0.00379      49.26169      -0.00379       0.00000       0.00000
    2.4138       0.00100       0.02427      49.24654      -0.00379      49.26169      -0.00379       0.00000       0.00000
    2.4144       0.00100       0.02427      49.24654      -0.00379      49.26169      -0.00379       0.00000       0.00000
    2.4150       0.00100       0.02427      49.24654      -0.00379      49.26169      -0.00379       0.00000       0.00000
    2.4156       0.00100       0.02427      49.24654      -0.00379      49.26169      -0.00379       0.00000       0.00000
    2.4163       0.00100       0.02427      49.24654      -0.00379      49.26169      -0.00379       0.00000       0.00000
    2.4169       0.00100       0.02427      49.24654      -0.00379      49.26169      -0.00379       0.00000       0.00000
    2.4175       0.00100       0.02427      49.24654      -0.00379      49.26169      -0.00379       0.00000       0.00000
    2.4181       0.00100       0.02427      49.24654      -0.00379      49.26169      -0.00379       0.00000       0.00000
    2.4188       0.00100       0.02427      49.24654      -0.00379      49.26169      -0.00379       0.00000       0.00000
    2.4194       0.00100       0.02427      49.24654      -0.00379      49.26169      -0.00379       0.00000       0.00000
    2.4200       0.00100       0.02427      49.24654      -0.00379      49.26169      -0.00379       0.00000       0.00000
    2.4206       0.00100       0.02427      49.24654      -0.00379      49.26169      -0.00379       0.00000       0.00000
    2.4213       0.00100       0.02427      49.24654      -0.00379      49.26169      -0.00379       0.00000       0.00000
    2.4219       0.00100       0.02427      49.24654      -0.00379      49.26169      -0.00379       0.00000       0.00000
    2.4225       0.00100       0.02427      49.24654      -0.00379      49.26169      -0.00379       0.00000       0.00000
    2.4231       0.00100       0.02427      49.24654      -0.00379      49.26169      -0.00379       0.00000       0.00000
    2.4238       0.00100       0.02427      49.24654      -0.00379      49.26169      -0.00379       0.00000       0.00000
    2.4244       0.00100       0.02427      49.24654      -0.00379      49.26169      -0.00379       0.00000       0.00000
    2.4250       0.00100       0.02427      49.24654      -0.00379      49.26169      -0.00379       0.00000       0.00000
    2.4256       0.00100       0.02427      49.24654      -0.00379      49.26169      -0.00379       0.00000       0.00000
    2.4263       0.00100       0.02427      49.24654      -0.00379      49.26169      -0.00379       0.00000       0.00000
    2.4269       0.00100       0.02427      49.24654      -0.00379      49.26169      -0.00379       0.00000       0.00000
    2.4275       0.00100       0.02427      49.24654      -0.00379      49.26169      -0.00379       0.00000       0.00000
    2.4281       0.00100       0.02427      49.24654      -0.00379      49.26169      -0.00379       0.00000       0.00000
    2.4288       0.00100       0.02427      49.24654      -0.00379      49.26169      -0.00379       0.00000       0.00000
    2.4294       0.00100       0.02427      49.24654      -0.00379      49.26169      -0.00379       0.00000       0.00000
    2.4300       0.00100       0.02427      49.24654      -0.00379      49.26169      -0.00379       0.00000       0.00000
    2.4306       0.00100       0.02427      49.24654      -0.00379      49.26169      -0.00379       0.00000       0.00000
    2.4313       0.00100       0.02427      49.24654      -0.00379      49.26169      -0.00379       0.00000       0.00000
    2.4319       0.00100       0.02427      49.24654      -0.00379      49.26169      -0.00379       0.00000       0.00000
    2.4325       0.00100       0.02427      49.24654      -0.00379      49.26169      -0.00379       0.00000       0.00000
    2.4331       0.00100       0.02427      49.24654      -0.00379      49.26169      -0.00379       0.00000       0.00000
    2.4338       0.00100       0.02427      49.24654      -0.00379      49.26169      -0.00379       0.00000       0.00000
    2.4344       0.00100       0.02427      49.24654      -0.00379      49.26169      -0.00379       0.00000       0.00000
    2.4350       0.00100       0.02427      49.24654      -0.00379      49.26169      -0.00379       0.00000       0.00000
    2.4356       0.00100       0.02427      49.24654      -0.00379      49.26169      -0.00379       0.00000       0.00000
    2.4363       0.00100       0.02427      49.24654      -0.00379      49.26169      -0.00379       0.00000       0.00000
    2.4369       0.00100       0.02427      49.24654      -0.00379      49.26169      -0.00379       0.00000       0.00000
    2.4375       0.00100       0.02427      49.24654      -0.00379      49.26169      -0.00379       0.00000       0.00000
    2.4381       0.00100       0.02427      49.24654      -0.00379      49.26169      -0.00379       0.00000       0.00000
    2.4388       0.00100       0.02427      49.24654      -0.00379      49.26169      -0.00379       0.00000       0.00000
    2.4394       0.00100       0.02427      49.24654      -0.00379      49.26169      -0.00379       0.00000       0.00000
    2.4400       0.00100       0.02427      49.24654      -0.00379      49.26169      -0.00379       0.00000       0.00000
    2.4406       0.00100       0.02427      49.24654      -0.00379      49.26169      -0.00379       0.00000       0.00000
    2.4413       0.00100       0.02427      49.24654      -0.00379      49.26169      -0.00379       0.00000       0.00000
    2.4419       0.00100       0.02427      49.24654      -0.00379      49.26169      -0.00379       0.00000       0.00000
    2.4425       0.00100       0.02427      49.24654      -0.00379      49.26169      -0.00379       0.00000       0.00000
    2.4431       0.00100       0.02427      49.24654      -0.00379      49.26169      -0.00379       0.00000       0.00000
    2.4438       0.00100       0.02427      49.24654      -0.00379      49.26169      -0.00379       0.00000       0.00000
    2.4444       0.00100       0.02427      49.24654      -0.00379      49.26169      -0.00379       0.00000       0.00000
    2.4450       0.00100       0.02427      49.24654      -0.00379      49.26169      -0.00379       0.00000       0.00000
    2.4456       0.00100       0.02427      49.24654      -0.00379      49.26169      -0.00379       0.00000       0.00000
    2.4463       0.00100       0.02427      49.24654      -0.00379      49.26169      -0.00379       0.00000       0.00000
    2.4469       0.00100       0.02427      49.24654      -0.00379      49.26169      -0.00379       0.00000       0.00000
    2.4475       0.00100       0.02427      49.24654      -0.00379      49.26169      -0.00379       0.00000       0.00000
    2.4481       0.00100       0.02427      49.24654      -0.00379      49.26169      -0.00379       0.00000       0.00000
    2.4488       0.00100       0.02427      49.24654      -0.00379      49.26169      -0.00379       0.00000       0.00000
    2.4494       0.00100       0.02427      49.24654      -0.00379      49.26169      -0.00379       0.00000       0.00000
    2.4500       0.00100       0.02427      49.24654      -0.00379      49.26169      -0.00379       0.00000       0.00000
    2.4506       0.00100       0.02427      49.24654      -0.00379      49.26169      -0.00379       0.00000       0.00000
    2.4513       0.00100       0.02427      49.24654      -0.00379      49.26169      -0.00379       0.00000       0.00000
    2.4519       0.00100       0.02427      49.24654      -0.00379      49.26169      -0.00379       0.00000       0.00000
    2.4525       0.00100       0.02427      49.24654      -0.00379      49.26169      -0.00379       0.00000       0.00000
    2.4531       0.00100       0.02427      49.24654      -0.00379      49.26169      -0.00379       0.00000       0.00000
    2.4538       0.00100       0.02427      49.24654      -0.00379      49.26169      -0.00379       0.00000       0.00000
    2.4544       0.00100       0.02427      49.24654      -0.00379      49.26169      -0.00379       0.00000       0.00000
    2.4550       0.00100       0.02427      49.24654      -0.00379      49.26169      -0.00379       0.00000       0.00000
    2.4556       0.00100       0.02427      49.24654      -0.00379      49.26169      -0.00379       0.00000       0.00000
    2.4563       0.00100       0.02427      49.24654      -0.00379      49.26169      -0.00379       0.00000       0.00000
    2.4569       0.00100       0.02427      49.24654      -0.00379      49.26169      -0.00379       0.00000       0.00000
    2.4575       0.00100       0.02427      49.24654      -0.00379      49.26169      -0.00379       0.00000       0.00000
    2.4581       0.00100       0.02427      49.24654      -0.00379      49.26169      -0.00379       0.00000       0.00000
    2.4588       0.00100       0.02427      49.24654      -0.00379      49.26169      -0.00379       0.00000       0.00000
    2.4594       0.00100       0.02427      49.24654      -0.00379      49.26169      -0.00379       0.00000       0.00000
    2.4600       0.00100       0.02427      49.24654      -0.00379      49.26169      -0.00379       0.00000       0.00000
    2.4606       0.00100       0.02427      49.24654      -0.00379      49.26169      -0.00379       0.00000       0.00000
    2.4613       0.00100       0.02427      49.24654      -0.00379      49.26169      -0.00379       0.00000       0.00000
    2.4619       0.00100       0.02427      49.24654      -0.00379      49.26169      -0.00379       0.00000       0.00000
    2.4625       0.00100       0.02427      49.24654      -0.00379      49.26169      -0.00379       0.00000       0.00000
    2.4631       0.00100       0.02427      49.24654      -0.00379      49.26169      -0.00379       0.00000       0.00000
    2.4638       0.00100       0.02427      49.24654      -0.00379      49.26169      -0.00379       0.00000       0.00000
    2.4644       0.00100       0.02427      49.24654      -0.00379      49.26169      -0.00379       0.00000       0.00000
    2.4650       0.00100       0.02427      49.24654      -0.00379      49.26169      -0.00379       0.00000       0.00000
    2.4656       0.00100       0.02427      49.24654      -0.00379      49.26169      -0.00379       0.00000       0.00000
    2.4663       0.00100       0.02427      49.24654      -0.00379      49.26169      -0.00379       0.00000       0.00000
    2.4669       0.00100       0.02427      49.24654      -0.00379      49.26169      -0.00379       0.00000       0.00000
    2.4675       0.00100       0.02427      49.24654      -0.00379      49.26169      -0.00379       0.00000       0.00000
    2.4681       0.00100       0.02427      49.24654      -0.00379      49.26169      -0.00379       0.00000       0.00000
    2.4688       0.00100       0.02427      49.24654      -0.00379      49.26169      -0.00379       0.00000       0.00000
    2.4694       0.00100       0.02427      49.24654      -0.00379      49.26169      -0.00379       0.00000       0.00000
    2.4700       0.00100       0.02427      49.24654      -0.00379      49.26169      -0.00379       0.00000       0.00000
    2.4706       0.00100       0.02427      49.24654      -0.00379      49.26169      -0.00379       0.00000       0.00000
    2.4713       0.00100       0.02427      49.24654      -0.00379      49.26169      -0.00379       0.00000       0.00000
    2.4719       0.00100       0.02427      49.24654      -0.00379      49.26169      -0.00379       0.00000       0.00000
    2.4725       0.00100       0.02427      49.24654      -0.00379      49.26169      -0.00379       0.00000       0.00000
    2.4731       0.00100       0.02427      49.24654      -0.00379      49.26169      -0.00379       0.00000       0.00000
    2.4738       0.00100       0.02427      49.24654      -0.00379      49.26169      -0.00379       0.00000       0.00000
    2.4744       0.00100       0.02427      49.24654      -0.00379      49.26169      -0.00379       0.00000       0.00000
    2.4750       0.00100       0.02427      49.24654      -0.00379      49.26169      -0.00379       0.00000       0.00000
    2.4756       0.00100       0.02427      49.24654      -0.00379      49.26169      -0.00379       0.00000       0.00000
    2.4763       0.00100       0.02427      49.24654      -0.00379      49.26169      -0.00379       0.00000       0.00000
    2.4769       0.00100       0.02427      49.24654      -0.00379      49.26169      -0.00379       0.00000       0.00000
    2.4775       0.00100       0.02427      49.24654      -0.00379      49.26169      -0.00379       0.00000       0.00000
    2.4781       0.00100       0.02427      49.24654      -0.00379      49.26169      -0.00379       0.00000       0.00000
    2.4788       0.00100       0.02427      49.24654      -0.00379      49.26169      -0.00379       0.00000       0.00000
    2.4794       0.00100       0.02427      49.24654      -0.00379      49.26169      -0.00379       0.00000       0.00000
    2.4800       0.00100       0.02427      49.24654      -0.00379      49.26169      -0.00379       0.00000       0.00000
    2.4806       0.00100       0.02427      49.24654      -0.00379      49.26169      -0.00379       0.00000       0.00000
    2.4813       0.00100       0.02427      49.24654      -0.00379      49.26169      -0.00379       0.00000       0.00000
    2.4819       0.00100       0.02427      49.24654      -0.00379      49.26169      -0.00379       0.00000       0.00000
    2.4825       0.00100       0.02427      49.24654      -0.00379      49.26169      -0.00379       0.00000       0.00000
    2.4831       0.00100       0.02427      49.24654      -0.00379      49.26169      -0.00379       0.00000       0.00000
    2.4838       0.00100       0.02427      49.24654      -0.00379      49.26169      -0.00379       0.00000       0.00000
    2.4844       0.00100       0.02427      49.24654      -0.00379      49.26169      -0.00379       0.00000       0.00000
    2.4850       0.00100       0.02427      49.24654      -0.00379      49.26169      -0.00379       0.00000       0.00000
    2.4856       0.00100       0.02427      49.24654      -0.00379      49.26169      -0.00379       0.00000       0.00000
    2.4863       0.00100       0.02427      49.24654      -0.00379      49.26169      -0.00379       0.00000       0.00000
    2.4869       0.00100       0.02427      49.24654      -0.00379      49.26169      -0.00379       0.00000       0.00000
    2.4875       0.00100       0.02427      49.24654      -0.00379      49.26169      -0.00379       0.00000       0.00000
    2.4881       0.00100       0.02427      49.24654      -0.00379      49.26169      -0.00379       0.00000       0.00000
    2.4888       0.00100       0.02427      49.24654      -0.00379      49.26169      -0.00379       0.00000       0.00000
    2.4894       0.00100       0.02427      49.24654      -0.00379      49.26169      -0.00379       0.00000       0.00000
    2.4900       0.00100       0.02427      49.24654      -0.00379      49.26169      -0.00379       0.00000       0.00000
    2.4906       0.00100       0.02427      49.24654      -0.00379      49.26169      -0.00379       0.00000       0.00000
    2.4913       0.00100       0.02427      49.24654      -0.00379      49.26169      -0.00379       0.00000       0.00000
    2.4919       0.00100       0.02427      49.24654      -0.00379      49.26169      -0.00379       0.00000       0.00000
    2.4925       0.00100       0.02427      49.24654      -0.00379      49.26169      -0.00379       0.00000       0.00000
    2.4931       0.00100       0.02427      49.24654      -0.00379      49.26169      -0.00379       0.00000       0.00000
    2.4938       0.00100       0.02427      49.24654      -0.00379      49.26169      -0.00379       0.00000       0.00000
    2.4944       0.00100       0.02427      49.24654      -0.00379      49.26169      -0.00379       0.00000       0.00000
    2.4950       0.00100       0.02427      49.24654      -0.00379      49.26169      -0.00379       0.00000       0.00000
    2.4956       0.00100       0.02427      49.24654      -0.00379      49.26169      -0.00379       0.00000       0.00000
    2.4963       0.00100       0.02427      49.24654      -0.00379      49.26169      -0.00379       0.00000       0.00000
    2.4969       0.00100       0.02427      49.24654      -0.00379      49.26169      -0.00379       0.00000       0.00000
    2.4975       0.00100       0.02427      49.24654      -0.00379      49.26169      -0.00379       0.00000       0.00000
    2.4981       0.00100       0.02427      49.24654      -0.00379      49.26169      -0.00379       0.00000       0.00000
    2.4988       0.00100       0.02427      49.24654      -0.00379      49.26169      -0.00379       0.00000       0.00000
    2.4994       0.00100       0.02427      49.24654      -0.00379      49.26169      -0.00379       0.00000       0.00000
    2.5000       0.00100       0.02427      49.24654      -0.00379      49.26169      -0.00379       0.00000       0.00000
    2.5006       0.00100       0.02427      49.24654      -0.00379      49.26169      -0.00379       0.00000       0.00000
    2.5013       0.00100       0.02427      49.24654      -0.00379      49.26169      -0.00379       0.00000       0.00000
    2.5019       0.00100       0.02427      49.24654      -0.00379      49.26169      -0.00379       0.00000       0.00000
    2.5025       0.00100       0.02427      49.24654      -0.00379      49.26169      -0.00379       0.00000       0.00000
    2.5031       0.00100       0.02427      49.24654      -0.00379      49.26169      -0.00379       0.00000       0.00000
    2.5038       0.00100       0.02427      49.24654      -0.00379      49.26169      -0.00379       0.00000       0.00000
    2.5044       0.00100       0.02427      49.24654      -0.00379      49.26169      -0.00379       0.00000       0.00000
    2.5050       0.00100       0.02427      49.24654      -0.00379      49.26169      -0.00379       0.00000       0.00000
    2.5056       0.00100       0.02427      49.24654      -0.00379      49.26169      -0.00379       0.00000       0.00000
    2.5063       0.00100       0.02427      49.24654      -0.00379      49.26169      -0.00379       0.00000       0.00000
    2.5069       0.00100       0.02427      49.24654      -0.00379      49.26169      -0.00379       0.00000       0.00000
    2.5075       0.00100       0.02427      49.24654      -0.00379      49.26169      -0.00379       0.00000       0.00000
    2.5081       0.00100       0.02427      49.24654      -0.00379      49.26169      -0.00379       0.00000       0.00000
    2.5088       0.00100       0.02427      49.24654      -0.00379      49.26169      -0.00379       0.00000       0.00000
    2.5094       0.00100       0.02427      49.24654      -0.00379      49.26169      -0.00379       0.00000       0.00000
    2.5100       0.00100       0.02427      49.24654      -0.00379      49.26169      -0.00379       0.00000       0.00000
    2.5106       0.00100       0.02427      49.24654      -0.00379      49.26169      -0.00379       0.00000       0.00000
    2.5113       0.00100       0.02427      49.24654      -0.00379      49.26169      -0.00379       0.00000       0.00000
    2.5119       0.00100       0.02427      49.24654      -0.00379      49.26169      -0.00379       0.00000       0.00000
    2.5125       0.00100       0.02427      49.24654      -0.00379      49.26169      -0.00379       0.00000       0.00000
    2.5131       0.00100       0.02427      49.24654      -0.00379      49.26169      -0.00379       0.00000       0.00000
    2.5138       0.00100       0.02427      49.24654      -0.00379      49.26169      -0.00379       0.00000       0.00000
    2.5144       0.00100       0.02427      49.24654      -0.00379      49.26169      -0.00379       0.00000       0.00000
    2.5150       0.00100       0.02427      49.24654      -0.00379      49.26169      -0.00379       0.00000       0.00000
    2.5156       0.00100       0.02427      49.24654      -0.00379      49.26169      -0.00379       0.00000       0.00000
    2.5163       0.00100       0.02427      49.24654      -0.00379      49.26169      -0.00379       0.00000       0.00000
    2.5169       0.00100       0.02427      49.24654      -0.00379      49.26169      -0.00379       0.00000       0.00000
    2.5175       0.00100       0.02427      49.24654      -0.00379      49.26169      -0.00379       0.00000       0.00000
    2.5181       0.00100       0.02427      49.24654      -0.00379      49.26169      -0.00379       0.00000       0.00000
    2.5188       0.00100       0.02427      49.24654      -0.00379      49.26169      -0.00379       0.00000       0.00000
    2.5194       0.00100       0.02427      49.24654      -0.00379      49.26169      -0.00379       0.00000       0.00000
    2.5200       0.00100       0.02427      49.24654      -0.00379      49.26169      -0.00379       0.00000       0.00000
    2.5206       0.00100       0.02427      49.24654      -0.00379      49.26169      -0.00379       0.00000       0.00000
    2.5213       0.00100       0.02427      49.24654      -0.00379      49.26169      -0.00379       0.00000       0.00000
    2.5219       0.00100       0.02427      49.24654      -0.00379      49.26169      -0.00379       0.00000       0.00000
    2.5225       0.00100       0.02427      49.24654      -0.00379      49.26169      -0.00379       0.00000       0.00000
    2.5231       0.00100       0.02427      49.24654      -0.00379      49.26169      -0.00379       0.00000       0.00000
    2.5238       0.00100       0.02427      49.24654      -0.00379      49.26169      -0.00379       0.00000       0.00000
    2.5244       0.00100       0.02427      49.24654      -0.00379      49.26169      -0.00379       0.00000       0.00000
    2.5250       0.00100       0.02427      49.24654      -0.00379      49.26169      -0.00379       0.00000       0.00000
    2.5256       0.00100       0.02427      49.24654      -0.00379      49.26169      -0.00379       0.00000       0.00000
    2.5263       0.00100       0.02427      49.24654      -0.00379      49.26169      -0.00379       0.00000       0.00000
    2.5269       0.00100       0.02427      49.24654      -0.00379      49.26169      -0.00379       0.00000       0.00000
    2.5275       0.00100       0.02427      49.24654      -0.00379      49.26169      -0.00379       0.00000       0.00000
    2.5281       0.00100       0.02427      49.24654      -0.00379      49.26169      -0.00379       0.00000       0.00000
    2.5288       0.00100       0.02427      49.24654      -0.00379      49.26169      -0.00379       0.00000       0.00000
    2.5294       0.00100       0.02427      49.24654      -0.00379      49.26169      -0.00379       0.00000       0.00000
    2.5300       0.00100       0.02427      49.24654      -0.00379      49.26169      -0.00379       0.00000       0.00000
    2.5306       0.00100       0.02427      49.24654      -0.00379      49.26169      -0.00379       0.00000       0.00000
    2.5313       0.00100       0.02427      49.24654      -0.00379      49.26169      -0.00379       0.00000       0.00000
    2.5319       0.00100       0.02427      49.24654      -0.00379      49.26169      -0.00379       0.00000       0.00000
    2.5325       0.00100       0.02427      49.24654      -0.00379      49.26169      -0.00379       0.00000       0.00000
    2.5331       0.00100       0.02427      49.24654      -0.00379      49.26169      -0.00379       0.00000       0.00000
    2.5338       0.00100       0.02427      49.24654      -0.00379      49.26169      -0.00379       0.00000       0.00000
    2.5344       0.00100       0.02427      49.24654      -0.00379      49.26169      -0.00379       0.00000       0.00000
    2.5350       0.00100       0.02427      49.24654      -0.00379      49.26169      -0.00379       0.00000       0.00000
    2.5356       0.00100       0.02427      49.24654      -0.00379      49.26169      -0.00379       0.00000       0.00000
    2.5363       0.00100       0.02427      49.24654      -0.00379      49.26169      -0.00379       0.00000       0.00000
    2.5369       0.00100       0.02427      49.24654      -0.00379      49.26169      -0.00379       0.00000       0.00000
    2.5375       0.00100       0.02427      49.24654      -0.00379      49.26169      -0.00379       0.00000       0.00000
    2.5381       0.00100       0.02427      49.24654      -0.00379      49.26169      -0.00379       0.00000       0.00000
    2.5388       0.00100       0.02427      49.24654      -0.00379      49.26169      -0.00379       0.00000       0.00000
    2.5394       0.00100       0.02427      49.24654      -0.00379      49.26169      -0.00379       0.00000       0.00000
    2.5400       0.00100       0.02427      49.24654      -0.00379      49.26169      -0.00379       0.00000       0.00000
    2.5406       0.00100       0.02427      49.24654      -0.00379      49.26169      -0.00379       0.00000       0.00000
    2.5413       0.00100       0.02427      49.24654      -0.00379      49.26169      -0.00379       0.00000       0.00000
    2.5419       0.00100       0.02427      49.24654      -0.00379      49.26169      -0.00379       0.00000       0.00000
    2.5425       0.00100       0.02427      49.24654      -0.00379      49.26169      -0.00379       0.00000       0.00000
    2.5431       0.00100       0.02427      49.24654      -0.00379      49.26169      -0.00379       0.00000       0.00000
    2.5438       0.00100       0.02427      49.24654      -0.00379      49.26169      -0.00379       0.00000       0.00000
    2.5444       0.00100       0.02427      49.24654      -0.00379      49.26169      -0.00379       0.00000       0.00000
    2.5450       0.00100       0.02427      49.24654      -0.00379      49.26169      -0.00379       0.00000       0.00000
    2.5456       0.00100       0.02427      49.24654      -0.00379      49.26169      -0.00379       0.00000       0.00000
    2.5463       0.00100       0.02427      49.24654      -0.00379      49.26169      -0.00379       0.00000       0.00000
    2.5469       0.00100       0.02427      49.24654      -0.00379      49.26169      -0.00379       0.00000       0.00000
    2.5475       0.00100       0.02427      49.24654      -0.00379      49.26169      -0.00379       0.00000       0.00000
    2.5481       0.00100       0.02427      49.24654      -0.00379      49.26169      -0.00379       0.00000       0.00000
    2.5488       0.00100       0.02427      49.24654      -0.00379      49.26169      -0.00379       0.00000       0.00000
    2.5494       0.00100       0.02427      49.24654      -0.00379      49.26169      -0.00379       0.00000       0.00000
    2.5500       0.00100       0.02427      49.24654      -0.00379      49.26169      -0.00379       0.00000       0.00000
    2.5506       0.00100       0.02427      49.24654      -0.00379      49.26169      -0.00379       0.00000       0.00000
    2.5513       0.00100       0.02427      49.24654      -0.00379      49.26169      -0.00379       0.00000       0.00000
    2.5519       0.00100       0.02427      49.24654      -0.00379      49.26169      -0.00379       0.00000       0.00000
    2.5525       0.00100       0.02427      49.24654      -0.00379      49.26169      -0.00379       0.00000       0.00000
    2.5531       0.00100       0.02427      49.24654      -0.00379      49.26169      -0.00379       0.00000       0.00000
    2.5538       0.00100       0.02427      49.24654      -0.00379      49.26169      -0.00379       0.00000       0.00000
    2.5544       0.00100       0.02427      49.24654      -0.00379      49.26169      -0.00379       0.00000       0.00000
    2.5550       0.00100       0.02427      49.24654      -0.00379      49.26169      -0.00379       0.00000       0.00000
    2.5556       0.00100       0.02427      49.24654      -0.00379      49.26169      -0.00379       0.00000       0.00000
    2.5563       0.00100       0.02427      49.24654      -0.00379      49.26169      -0.00379       0.00000       0.00000
    2.5569       0.00100       0.02427      49.24654      -0.00379      49.26169      -0.00379       0.00000       0.00000
    2.5575       0.00100       0.02427      49.24654      -0.00379      49.26169      -0.00379       0.00000       0.00000
    2.5581       0.00100       0.02427      49.24654      -0.00379      49.26169      -0.00379       0.00000       0.00000
    2.5588       0.00100       0.02427      49.24654      -0.00379      49.26169      -0.00379       0.00000       0.00000
    2.5594       0.00100       0.02427      49.24654      -0.00379      49.26169      -0.00379       0.00000       0.00000
    2.5600       0.00100       0.02427      49.24654      -0.00379      49.26169      -0.00379       0.00000       0.00000
    2.5606       0.00100       0.02427      49.24654      -0.00379      49.26169      -0.00379       0.00000       0.00000
    2.5613       0.00100       0.02427      49.24654      -0.00379      49.26169      -0.00379       0.00000       0.00000
    2.5619       0.00100       0.02427      49.24654      -0.00379      49.26169      -0.00379       0.00000       0.00000
    2.5625       0.00100       0.02427      49.24654      -0.00379      49.26169      -0.00379       0.00000       0.00000
    2.5631       0.00100       0.02427      49.24654      -0.00379      49.26169      -0.00379       0.00000       0.00000
    2.5638       0.00100       0.02427      49.24654      -0.00379      49.26169      -0.00379       0.00000       0.00000
    2.5644       0.00100       0.02427      49.24654      -0.00379      49.26169      -0.00379       0.00000       0.00000
    2.5650       0.00100       0.02427      49.24654      -0.00379      49.26169      -0.00379       0.00000       0.00000
    2.5656       0.00100       0.02427      49.24654      -0.00379      49.26169      -0.00379       0.00000       0.00000
    2.5663       0.00100       0.02427      49.24654      -0.00379      49.26169      -0.00379       0.00000       0.00000
    2.5669       0.00100       0.02427      49.24654      -0.00379      49.26169      -0.00379       0.00000       0.00000
    2.5675       0.00100       0.02427      49.24654      -0.00379      49.26169      -0.00379       0.00000       0.00000
    2.5681       0.00100       0.02427      49.24654      -0.00379      49.26169      -0.00379       0.00000       0.00000
    2.5688       0.00100       0.02427      49.24654      -0.00379      49.26169      -0.00379       0.00000       0.00000
    2.5694       0.00100       0.02427      49.24654      -0.00379      49.26169      -0.00379       0.00000       0.00000
    2.5700       0.00100       0.02427      49.24654      -0.00379      49.26169      -0.00379       0.00000       0.00000
    2.5706       0.00100       0.02427      49.24654      -0.00379      49.26169      -0.00379       0.00000       0.00000
    2.5713       0.00100       0.02427      49.24654      -0.00379      49.26169      -0.00379       0.00000       0.00000
    2.5719       0.00100       0.02427      49.24654      -0.00379      49.26169      -0.00379       0.00000       0.00000
    2.5725       0.00100       0.02427      49.24654      -0.00379      49.26169      -0.00379       0.00000       0.00000
    2.5731       0.00100       0.02427      49.24654      -0.00379      49.26169      -0.00379       0.00000       0.00000
    2.5738       0.00100       0.02427      49.24654      -0.00379      49.26169      -0.00379       0.00000       0.00000
    2.5744       0.00100       0.02427      49.24654      -0.00379      49.26169      -0.00379       0.00000       0.00000
    2.5750       0.00100       0.02427      49.24654      -0.00379      49.26169      -0.00379       0.00000       0.00000
    2.5756       0.00100       0.02427      49.24654      -0.00379      49.26169      -0.00379       0.00000       0.00000
    2.5763       0.00100       0.02427      49.24654      -0.00379      49.26169      -0.00379       0.00000       0.00000
    2.5769       0.00100       0.02427      49.24654      -0.00379      49.26169      -0.00379       0.00000       0.00000
    2.5775       0.00100       0.02427      49.24654      -0.00379      49.26169      -0.00379       0.00000       0.00000
    2.5781       0.00100       0.02427      49.24654      -0.00379      49.26169      -0.00379       0.00000       0.00000
    2.5788       0.00100       0.02427      49.24654      -0.00379      49.26169      -0.00379       0.00000       0.00000
    2.5794       0.00100       0.02427      49.24654      -0.00379      49.26169      -0.00379       0.00000       0.00000
    2.5800       0.00100       0.02427      49.24654      -0.00379      49.26169      -0.00379       0.00000       0.00000
    2.5806       0.00100       0.02427      49.24654      -0.00379      49.26169      -0.00379       0.00000       0.00000
    2.5813       0.00100       0.02427      49.24654      -0.00379      49.26169      -0.00379       0.00000       0.00000
    2.5819       0.00100       0.02427      49.24654      -0.00379      49.26169      -0.00379       0.00000       0.00000
    2.5825       0.00100       0.02427      49.24654      -0.00379      49.26169      -0.00379       0.00000       0.00000
    2.5831       0.00100       0.02427      49.24654      -0.00379      49.26169      -0.00379       0.00000       0.00000
    2.5838       0.00100       0.02427      49.24654      -0.00379      49.26169      -0.00379       0.00000       0.00000
    2.5844       0.00100       0.02427      49.24654      -0.00379      49.26169      -0.00379       0.00000       0.00000
    2.5850       0.00100       0.02427      49.24654      -0.00379      49.26169      -0.00379       0.00000       0.00000
    2.5856       0.00100       0.02427      49.24654      -0.00379      49.26169      -0.00379       0.00000       0.00000
    2.5863       0.00100       0.02427      49.24654      -0.00379      49.26169      -0.00379       0.00000       0.00000
    2.5869       0.00100       0.02427      49.24654      -0.00379      49.26169      -0.00379       0.00000       0.00000
    2.5875       0.00100       0.02427      49.24654      -0.00379      49.26169      -0.00379       0.00000       0.00000
    2.5881       0.00100       0.02427      49.24654      -0.00379      49.26169      -0.00379       0.00000       0.00000
    2.5888       0.00100       0.02427      49.24654      -0.00379      49.26169      -0.00379       0.00000       0.00000
    2.5894       0.00100       0.02427      49.24654      -0.00379      49.26169      -0.00379       0.00000       0.00000
    2.5900       0.00100       0.02427      49.24654      -0.00379      49.26169      -0.00379       0.00000       0.00000
    2.5906       0.00100       0.02427      49.24654      -0.00379      49.26169      -0.00379       0.00000       0.00000
    2.5913       0.00100       0.02427      49.24654      -0.00379      49.26169      -0.00379       0.00000       0.00000
    2.5919       0.00100       0.02427      49.24654      -0.00379      49.26169      -0.00379       0.00000       0.00000
    2.5925       0.00100       0.02427      49.24654      -0.00379      49.26169      -0.00379       0.00000       0.00000
    2.5931       0.00100       0.02427      49.24654      -0.00379      49.26169      -0.00379       0.00000       0.00000
    2.5938       0.00100       0.02427      49.24654      -0.00379      49.26169      -0.00379       0.00000       0.00000
    2.5944       0.00100       0.02427      49.24654      -0.00379      49.26169      -0.00379       0.00000       0.00000
    2.5950       0.00100       0.02427      49.24654      -0.00379      49.26169      -0.00379       0.00000       0.00000
    2.5956       0.00100       0.02427      49.24654      -0.00379      49.26169      -0.00379       0.00000       0.00000
    2.5963       0.00100       0.02427      49.24654      -0.00379      49.26169      -0.00379       0.00000       0.00000
    2.5969       0.00100       0.02427      49.24654      -0.00379      49.26169      -0.00379       0.00000       0.00000
    2.5975       0.00100       0.02427      49.24654      -0.00379      49.26169      -0.00379       0.00000       0.00000
    2.5981       0.00100       0.02427      49.24654      -0.00379      49.26169      -0.00379       0.00000       0.00000
    2.5988       0.00100       0.02427      49.24654      -0.00379      49.26169      -0.00379       0.00000       0.00000
    2.5994       0.00100       0.02427      49.24654      -0.00379      49.26169      -0.00379       0.00000       0.00000
    2.6000       0.00100       0.02427      49.24654      -0.00379      49.26169      -0.00379       0.00000       0.00000
    2.6006       0.00100       0.02427      49.24654      -0.00379      49.26169      -0.00379       0.00000       0.00000
    2.6013       0.00100       0.02427      49.24654      -0.00379      49.26169      -0.00379       0.00000       0.00000
    2.6019       0.00100       0.02427      49.24654      -0.00379      49.26169      -0.00379       0.00000       0.00000
    2.6025       0.00100       0.02427      49.24654      -0.00379      49.26169      -0.00379       0.00000       0.00000
    2.6031       0.00100       0.02427      49.24654      -0.00379      49.26169      -0.00379       0.00000       0.00000
    2.6038       0.00100       0.02427      49.24654      -0.00379      49.26169      -0.00379       0.00000       0.00000
    2.6044       0.00100       0.02427      49.24654      -0.00379      49.26169      -0.00379       0.00000       0.00000
    2.6050       0.00100       0.02427      49.24654      -0.00379      49.26169      -0.00379       0.00000       0.00000
    2.6056       0.00100       0.02427      49.24654      -0.00379      49.26169      -0.00379       0.00000       0.00000
    2.6063       0.00100       0.02427      49.24654      -0.00379      49.26169      -0.00379       0.00000       0.00000
    2.6069       0.00100       0.02427      49.24654      -0.00379      49.26169      -0.00379       0.00000       0.00000
    2.6075       0.00100       0.02427      49.24654      -0.00379      49.26169      -0.00379       0.00000       0.00000
    2.6081       0.00100       0.02427      49.24654      -0.00379      49.26169      -0.00379       0.00000       0.00000
    2.6088       0.00100       0.02427      49.24654      -0.00379      49.26169      -0.00379       0.00000       0.00000
    2.6094       0.00100       0.02427      49.24654      -0.00379      49.26169      -0.00379       0.00000       0.00000
    2.6100       0.00100       0.02427      49.24654      -0.00379      49.26169      -0.00379       0.00000       0.00000
    2.6106       0.00100       0.02427      49.24654      -0.00379      49.26169      -0.00379       0.00000       0.00000
    2.6113       0.00100       0.02427      49.24654      -0.00379      49.26169      -0.00379       0.00000       0.00000
    2.6119       0.00100       0.02427      49.24654      -0.00379      49.26169      -0.00379       0.00000       0.00000
    2.6125       0.00100       0.02427      49.24654      -0.00379      49.26169      -0.00379       0.00000       0.00000
    2.6131       0.00100       0.02427      49.24654      -0.00379      49.26169      -0.00379       0.00000       0.00000
    2.6138       0.00100       0.02427      49.24654      -0.00379      49.26169      -0.00379       0.00000       0.00000
    2.6144       0.00100       0.02427      49.24654      -0.00379      49.26169      -0.00379       0.00000       0.00000
    2.6150       0.00100       0.02427      49.24654      -0.00379      49.26169      -0.00379       0.00000       0.00000
    2.6156       0.00100       0.02427      49.24654      -0.00379      49.26169      -0.00379       0.00000       0.00000
    2.6163       0.00100       0.02427      49.24654      -0.00379      49.26169      -0.00379       0.00000       0.00000
    2.6169       0.00100       0.02427      49.24654      -0.00379      49.26169      -0.00379       0.00000       0.00000
    2.6175       0.00100       0.02427      49.24654      -0.00379      49.26169      -0.00379       0.00000       0.00000
    2.6181       0.00100       0.02427      49.24654      -0.00379      49.26169      -0.00379       0.00000       0.00000
    2.6188       0.00100       0.02427      49.24654      -0.00379      49.26169      -0.00379       0.00000       0.00000
    2.6194       0.00100       0.02427      49.24654      -0.00379      49.26169      -0.00379       0.00000       0.00000
    2.6200       0.00100       0.02427      49.24654      -0.00379      49.26169      -0.00379       0.00000       0.00000
    2.6206       0.00100       0.02427      49.24654      -0.00379      49.26169      -0.00379       0.00000       0.00000
    2.6213       0.00100       0.02427      49.24654      -0.00379      49.26169      -0.00379       0.00000       0.00000
    2.6219       0.00100       0.02427      49.24654      -0.00379      49.26169      -0.00379       0.00000       0.00000
    2.6225       0.00100       0.02427      49.24654      -0.00379      49.26169      -0.00379       0.00000       0.00000
    2.6231       0.00100       0.02427      49.24654      -0.00379      49.26169      -0.00379       0.00000       0.00000
    2.6238       0.00100       0.02427      49.24654      -0.00379      49.26169      -0.00379       0.00000       0.00000
    2.6244       0.00100       0.02427      49.24654      -0.00379      49.26169      -0.00379       0.00000       0.00000
    2.6250       0.00100       0.02427      49.24654      -0.00379      49.26169      -0.00379       0.00000       0.00000
    2.6256       0.00100       0.02427      49.24654      -0.00379      49.26169      -0.00379       0.00000       0.00000
    2.6263       0.00100       0.02427      49.24654      -0.00379      49.26169      -0.00379       0.00000       0.00000
    2.6269       0.00100       0.02427      49.24654      -0.00379      49.26169      -0.00379       0.00000       0.00000
    2.6275       0.00100       0.02427      49.24654      -0.00379      49.26169      -0.00379       0.00000       0.00000
    2.6281       0.00100       0.02427      49.24654      -0.00379      49.26169      -0.00379       0.00000       0.00000
    2.6288       0.00100       0.02427      49.24654      -0.00379      49.26169      -0.00379       0.00000       0.00000
    2.6294       0.00100       0.02427      49.24654      -0.00379      49.26169      -0.00379       0.00000       0.00000
    2.6300       0.00100       0.02427      49.24654      -0.00379      49.26169      -0.00379       0.00000       0.00000
    2.6306       0.00100       0.02427      49.24654      -0.00379      49.26169      -0.00379       0.00000       0.00000
    2.6313       0.00100       0.02427      49.24654      -0.00379      49.26169      -0.00379       0.00000       0.00000
    2.6319       0.00100       0.02427      49.24654      -0.00379      49.26169      -0.00379       0.00000       0.00000
    2.6325       0.00100       0.02427      49.24654      -0.00379      49.26169      -0.00379       0.00000       0.00000
    2.6331       0.00100       0.02427      49.24654      -0.00379      49.26169      -0.00379       0.00000       0.00000
    2.6338       0.00100       0.02427      49.24654      -0.00379      49.26169      -0.00379       0.00000       0.00000
    2.6344       0.00100       0.02427      49.24654      -0.00379      49.26169      -0.00379       0.00000       0.00000
    2.6350       0.00100       0.02427      49.24654      -0.00379      49.26169      -0.00379       0.00000       0.00000
    2.6356       0.00100       0.02427      49.24654      -0.00379      49.26169      -0.00379       0.00000       0.00000
    2.6363       0.00100       0.02427      49.24654      -0.00379      49.26169      -0.00379       0.00000       0.00000
    2.6369       0.00100       0.02427      49.24654      -0.00379      49.26169      -0.00379       0.00000       0.00000
    2.6375       0.00100       0.02427      49.24654      -0.00379      49.26169      -0.00379       0.00000       0.00000
    2.6381       0.00100       0.02427      49.24654      -0.00379      49.26169      -0.00379       0.00000       0.00000
    2.6388       0.00100       0.02427      49.24654      -0.00379      49.26169      -0.00379       0.00000       0.00000
    2.6394       0.00100       0.02427      49.24654      -0.00379      49.26169      -0.00379       0.00000       0.00000
    2.6400       0.00100       0.02427      49.24654      -0.00379      49.26169      -0.00379       0.00000       0.00000
    2.6406       0.00100       0.02427      49.24654      -0.00379      49.26169      -0.00379       0.00000       0.00000
    2.6413       0.00100       0.02427      49.24654      -0.00379      49.26169      -0.00379       0.00000       0.00000
    2.6419       0.00100       0.02427      49.24654      -0.00379      49.26169      -0.00379       0.00000       0.00000
    2.6425       0.00100       0.02427      49.24654      -0.00379      49.26169      -0.00379       0.00000       0.00000
    2.6431       0.00100       0.02427      49.24654      -0.00379      49.26169      -0.00379       0.00000       0.00000
    2.6438       0.00100       0.02427      49.24654      -0.00379      49.26169      -0.00379       0.00000       0.00000
    2.6444       0.00100       0.02427      49.24654      -0.00379      49.26169      -0.00379       0.00000       0.00000
    2.6450       0.00100       0.02427      49.24654      -0.00379      49.26169      -0.00379       0.00000       0.00000
    2.6456       0.00100       0.02427      49.24654      -0.00379      49.26169      -0.00379       0.00000       0.00000
    2.6463       0.00100       0.02427      49.24654      -0.00379      49.26169      -0.00379       0.00000       0.00000
    2.6469       0.00100       0.02427      49.24654      -0.00379      49.26169      -0.00379       0.00000       0.00000
    2.6475       0.00100       0.02427      49.24654      -0.00379      49.26169      -0.00379       0.00000       0.00000
    2.6481       0.00100       0.02427      49.24654      -0.00379      49.26169      -0.00379       0.00000       0.00000
    2.6488       0.00100       0.02427      49.24654      -0.00379      49.26169      -0.00379       0.00000       0.00000
    2.6494       0.00100       0.02427      49.24654      -0.00379      49.26169      -0.00379       0.00000       0.00000
    2.6500       0.00100       0.02427      49.24654      -0.00379      49.26169      -0.00379       0.00000       0.00000
    2.6506       0.00100       0.02427      49.24654      -0.00379      49.26169      -0.00379       0.00000       0.00000
    2.6513       0.00100       0.02427      49.24654      -0.00379      49.26169      -0.00379       0.00000       0.00000
    2.6519       0.00100       0.02427      49.24654      -0.00379      49.26169      -0.00379       0.00000       0.00000
    2.6525       0.00100       0.02427      49.24654      -0.00379      49.26169      -0.00379       0.00000       0.00000
    2.6531       0.00100       0.02427      49.24654      -0.00379      49.26169      -0.00379       0.00000       0.00000
    2.6538       0.00100       0.02427      49.24654      -0.00379      49.26169      -0.00379       0.00000       0.00000
    2.6544       0.00100       0.02427      49.24654      -0.00379      49.26169      -0.00379       0.00000       0.00000
    2.6550       0.00100       0.02427      49.24654      -0.00379      49.26169      -0.00379       0.00000       0.00000
    2.6556       0.00100       0.02427      49.24654      -0.00379      49.26169      -0.00379       0.00000       0.00000
    2.6563       0.00100       0.02427      49.24654      -0.00379      49.26169      -0.00379       0.00000       0.00000
    2.6569       0.00100       0.02427      49.24654      -0.00379      49.26169      -0.00379       0.00000       0.00000
    2.6575       0.00100       0.02427      49.24654      -0.00379      49.26169      -0.00379       0.00000       0.00000
    2.6581       0.00100       0.02427      49.24654      -0.00379      49.26169      -0.00379       0.00000       0.00000
    2.6588       0.00100       0.02427      49.24654      -0.00379      49.26169      -0.00379       0.00000       0.00000
    2.6594       0.00100       0.02427      49.24654      -0.00379      49.26169      -0.00379       0.00000       0.00000
    2.6600       0.00100       0.02427      49.24654      -0.00379      49.26169      -0.00379       0.00000       0.00000
    2.6606       0.00100       0.02427      49.24654      -0.00379      49.26169      -0.00379       0.00000       0.00000
    2.6613       0.00100       0.02427      49.24654      -0.00379      49.26169      -0.00379       0.00000       0.00000
    2.6619       0.00100       0.02427      49.24654      -0.00379      49.26169      -0.00379       0.00000       0.00000
    2.6625       0.00100       0.02427      49.24654      -0.00379      49.26169      -0.00379       0.00000       0.00000
    2.6631       0.00100       0.02427      49.24654      -0.00379      49.26169      -0.00379       0.00000       0.00000
    2.6638       0.00100       0.02427      49.24654      -0.00379      49.26169      -0.00379       0.00000       0.00000
    2.6644       0.00100       0.02427      49.24654      -0.00379      49.26169      -0.00379       0.00000       0.00000
    2.6650       0.00100       0.02427      49.24654      -0.00379      49.26169      -0.00379       0.00000       0.00000
    2.6656       0.00100       0.02427      49.24654      -0.00379      49.26169      -0.00379       0.00000       0.00000
    2.6663       0.00100       0.02427      49.24654      -0.00379      49.26169      -0.00379       0.00000       0.00000
    2.6669       0.00100       0.02427      49.24654      -0.00379      49.26169      -0.00379       0.00000       0.00000
    2.6675       0.00100       0.02427      49.24654      -0.00379      49.26169      -0.00379       0.00000       0.00000
    2.6681       0.00100       0.02427      49.24654      -0.00379      49.26169      -0.00379       0.00000       0.00000
    2.6688       0.00100       0.02427      49.24654      -0.00379      49.26169      -0.00379       0.00000       0.00000
    2.6694       0.00100       0.02427      49.24654      -0.00379      49.26169      -0.00379       0.00000       0.00000
    2.6700       0.00100       0.02427      49.24654      -0.00379      49.26169      -0.00379       0.00000       0.00000
    2.6706       0.00100       0.02427      49.24654      -0.00379      49.26169      -0.00379       0.00000       0.00000
    2.6713       0.00100       0.02427      49.24654      -0.00379      49.26169      -0.00379       0.00000       0.00000
    2.6719       0.00100       0.02427      49.24654      -0.00379      49.26169      -0.00379       0.00000       0.00000
    2.6725       0.00100       0.02427      49.24654      -0.00379      49.26169      -0.00379       0.00000       0.00000
    2.6731       0.00100       0.02427      49.24654      -0.00379      49.26169      -0.00379       0.00000       0.00000
    2.6738       0.00100       0.02427      49.24654      -0.00379      49.26169      -0.00379       0.00000       0.00000
    2.6744       0.00100       0.02427      49.24654      -0.00379      49.26169      -0.00379       0.00000       0.00000
    2.6750       0.00100       0.02427      49.24654      -0.00379      49.26169      -0.00379       0.00000       0.00000
    2.6756       0.00100       0.02427      49.24654      -0.00379      49.26169      -0.00379       0.00000       0.00000
    2.6763       0.00100       0.02427      49.24654      -0.00379      49.26169      -0.00379       0.00000       0.00000
    2.6769       0.00100       0.02427      49.24654      -0.00379      49.26169      -0.00379       0.00000       0.00000
    2.6775       0.00100       0.02427      49.24654      -0.00379      49.26169      -0.00379       0.00000       0.00000
    2.6781       0.00100       0.02427      49.24654      -0.00379      49.26169      -0.00379       0.00000       0.00000
    2.6788       0.00100       0.02427      49.24654      -0.00379      49.26169      -0.00379       0.00000       0.00000
    2.6794       0.00100       0.02427      49.24654      -0.00379      49.26169      -0.00379       0.00000       0.00000
    2.6800       0.00100       0.02427      49.24654      -0.00379      49.26169      -0.00379       0.00000       0.00000
    2.6806       0.00100       0.02427      49.24654      -0.00379      49.26169      -0.00379       0.00000       0.00000
    2.6813       0.00100       0.02427      49.24654      -0.00379      49.26169      -0.00379       0.00000       0.00000
    2.6819       0.00100       0.02427      49.24654      -0.00379      49.26169      -0.00379       0.00000       0.00000
    2.6825       0.00100       0.02427      49.24654      -0.00379      49.26169      -0.00379       0.00000       0.00000
    2.6831       0.00100       0.02427      49.24654      -0.00379      49.26169      -0.00379       0.00000       0.00000
    2.6838       0.00100       0.02427      49.24654      -0.00379      49.26169      -0.00379       0.00000       0.00000
    2.6844       0.00100       0.02427      49.24654      -0.00379      49.26169      -0.00379       0.00000       0.00000
    2.6850       0.00100       0.02427      49.24654      -0.00379      49.26169      -0.00379       0.00000       0.00000
    2.6856       0.00100       0.02427      49.24654      -0.00379      49.26169      -0.00379       0.00000       0.00000
    2.6863       0.00100       0.02427      49.24654      -0.00379      49.26169      -0.00379       0.00000       0.00000
    2.6869       0.00100       0.02427      49.24654      -0.00379      49.26169      -0.00379       0.00000       0.00000
    2.6875       0.00100       0.02427      49.24654      -0.00379      49.26169      -0.00379       0.00000       0.00000
    2.6881       0.00100       0.02427      49.24654      -0.00379      49.26169      -0.00379       0.00000       0.00000
    2.6888       0.00100       0.02427      49.24654      -0.00379      49.26169      -0.00379       0.00000       0.00000
    2.6894       0.00100       0.02427      49.24654      -0.00379      49.26169      -0.00379       0.00000       0.00000
    2.6900       0.00100       0.02427      49.24654      -0.00379      49.26169      -0.00379       0.00000       0.00000
    2.6906       0.00100       0.02427      49.24654      -0.00379      49.26169      -0.00379       0.00000       0.00000
    2.6913       0.00100       0.02427      49.24654      -0.00379      49.26169      -0.00379       0.00000       0.00000
    2.6919       0.00100       0.02427      49.24654      -0.00379      49.26169      -0.00379       0.00000       0.00000
    2.6925       0.00100       0.02427      49.24654      -0.00379      49.26169      -0.00379       0.00000       0.00000
    2.6931       0.00100       0.02427      49.24654      -0.00379      49.26169      -0.00379       0.00000       0.00000
    2.6937       0.00100       0.02427      49.24654      -0.00379      49.26169      -0.00379       0.00000       0.00000
    2.6944       0.00100       0.02427      49.24654      -0.00379      49.26169      -0.00379       0.00000       0.00000
    2.6950       0.00100       0.02427      49.24654      -0.00379      49.26169      -0.00379       0.00000       0.00000
    2.6956       0.00100       0.02427      49.24654      -0.00379      49.26169      -0.00379       0.00000       0.00000
    2.6962       0.00100       0.02427      49.24654      -0.00379      49.26169      -0.00379       0.00000       0.00000
    2.6969       0.00100       0.02427      49.24654      -0.00379      49.26169      -0.00379       0.00000       0.00000
    2.6975       0.00100       0.02427      49.24654      -0.00379      49.26169      -0.00379       0.00000       0.00000
    2.6981       0.00100       0.02427      49.24654      -0.00379      49.26169      -0.00379       0.00000       0.00000
    2.6987       0.00100       0.02427      49.24654      -0.00379      49.26169      -0.00379       0.00000       0.00000
    2.6994       0.00100       0.02427      49.24654      -0.00379      49.26169      -0.00379       0.00000       0.00000
    2.7000       0.00100       0.02427      49.24654      -0.00379      49.26169      -0.00379       0.00000       0.00000
    2.7006       0.00100       0.02427      49.24654      -0.00379      49.26169      -0.00379       0.00000       0.00000
    2.7012       0.00100       0.02427      49.24654      -0.00379      49.26169      -0.00379       0.00000       0.00000
    2.7019       0.00100       0.02427      49.24654      -0.00379      49.26169      -0.00379       0.00000       0.00000
    2.7025       0.00100       0.02427      49.24654      -0.00379      49.26169      -0.00379       0.00000       0.00000
    2.7031       0.00100       0.02427      49.24654      -0.00379      49.26169      -0.00379       0.00000       0.00000
    2.7037       0.00100       0.02427      49.24654      -0.00379      49.26169      -0.00379       0.00000       0.00000
    2.7044       0.00100       0.02427      49.24654      -0.00379      49.26169      -0.00379       0.00000       0.00000
    2.7050       0.00100       0.02427      49.24654      -0.00379      49.26169      -0.00379       0.00000       0.00000
    2.7056       0.00100       0.02427      49.24654      -0.00379      49.26169      -0.00379       0.00000       0.00000
    2.7062       0.00100       0.02427      49.24654      -0.00379      49.26169      -0.00379       0.00000       0.00000
    2.7069       0.00100       0.02427      49.24654      -0.00379      49.26169      -0.00379       0.00000       0.00000
    2.7075       0.00100       0.02427      49.24654      -0.00379      49.26169      -0.00379       0.00000       0.00000
    2.7081       0.00100       0.02427      49.24654      -0.00379      49.26169      -0.00379       0.00000       0.00000
    2.7087       0.00100       0.02427      49.24654      -0.00379      49.26169      -0.00379       0.00000       0.00000
    2.7094       0.00100       0.02427      49.24654      -0.00379      49.26169      -0.00379       0.00000       0.00000
    2.7100       0.00100       0.02427      49.24654      -0.00379      49.26169      -0.00379       0.00000       0.00000
    2.7106       0.00100       0.02427      49.24654      -0.00379      49.26169      -0.00379       0.00000       0.00000
    2.7112       0.00100       0.02427      49.24654      -0.00379      49.26169      -0.00379       0.00000       0.00000
    2.7119       0.00100       0.02427      49.24654      -0.00379      49.26169      -0.00379       0.00000       0.00000
    2.7125       0.00100       0.02427      49.24654      -0.00379      49.26169      -0.00379       0.00000       0.00000
    2.7131       0.00100       0.02427      49.24654      -0.00379      49.26169      -0.00379       0.00000       0.00000
    2.7137       0.00100       0.02427      49.24654      -0.00379      49.26169      -0.00379       0.00000       0.00000
    2.7144       0.00100       0.02427      49.24654      -0.00379      49.26169      -0.00379       0.00000       0.00000
    2.7150       0.00100       0.02427      49.24654      -0.00379      49.26169      -0.00379       0.00000       0.00000
    2.7156       0.00100       0.02427      49.24654      -0.00379      49.26169      -0.00379       0.00000       0.00000
    2.7162       0.00100       0.02427      49.24654      -0.00379      49.26169      -0.00379       0.00000       0.00000
    2.7169       0.00100       0.02427      49.24654      -0.00379      49.26169      -0.00379       0.00000       0.00000
    2.7175       0.00100       0.02427      49.24654      -0.00379      49.26169      -0.00379       0.00000       0.00000
    2.7181       0.00100       0.02427      49.24654      -0.00379      49.26169      -0.00379       0.00000       0.00000
    2.7187       0.00100       0.02427      49.24654      -0.00379      49.26169      -0.00379       0.00000       0.00000
    2.7194       0.00100       0.02427      49.24654      -0.00379      49.26169      -0.00379       0.00000       0.00000
    2.7200       0.00100       0.02427      49.24654      -0.00379      49.26169      -0.00379       0.00000       0.00000
    2.7206       0.00100       0.02427      49.24654      -0.00379      49.26169      -0.00379       0.00000       0.00000
    2.7212       0.00100       0.02427      49.24654      -0.00379      49.26169      -0.00379       0.00000       0.00000
    2.7219       0.00100       0.02427      49.24654      -0.00379      49.26169      -0.00379       0.00000       0.00000
    2.7225       0.00100       0.02427      49.24654      -0.00379      49.26169      -0.00379       0.00000       0.00000
    2.7231       0.00100       0.02427      49.24654      -0.00379      49.26169      -0.00379       0.00000       0.00000
    2.7237       0.00100       0.02427      49.24654      -0.00379      49.26169      -0.00379       0.00000       0.00000
    2.7244       0.00100       0.02427      49.24654      -0.00379      49.26169      -0.00379       0.00000       0.00000
    2.7250       0.00100       0.02427      49.24654      -0.00379      49.26169      -0.00379       0.00000       0.00000
    2.7256       0.00100       0.02427      49.24654      -0.00379      49.26169      -0.00379       0.00000       0.00000
    2.7262       0.00100       0.02427      49.24654      -0.00379      49.26169      -0.00379       0.00000       0.00000
    2.7269       0.00100       0.02427      49.24654      -0.00379      49.26169      -0.00379       0.00000       0.00000
    2.7275       0.00100       0.02427      49.24654      -0.00379      49.26169      -0.00379       0.00000       0.00000
    2.7281       0.00100       0.02427      49.24654      -0.00379      49.26169      -0.00379       0.00000       0.00000
    2.7287       0.00100       0.02427      49.24654      -0.00379      49.26169      -0.00379       0.00000       0.00000
    2.7294       0.00100       0.02427      49.24654      -0.00379      49.26169      -0.00379       0.00000       0.00000
    2.7300       0.00100       0.02427      49.24654      -0.00379      49.26169      -0.00379       0.00000       0.00000
    2.7306       0.00100       0.02427      49.24654      -0.00379      49.26169      -0.00379       0.00000       0.00000
    2.7312       0.00100       0.02427      49.24654      -0.00379      49.26169      -0.00379       0.00000       0.00000
    2.7319       0.00100       0.02427      49.24654      -0.00379      49.26169      -0.00379       0.00000       0.00000
    2.7325       0.00100       0.02427      49.24654      -0.00379      49.26169      -0.00379       0.00000       0.00000
    2.7331       0.00100       0.02427      49.24654      -0.00379      49.26169      -0.00379       0.00000       0.00000
    2.7337       0.00100       0.02427      49.24654      -0.00379      49.26169      -0.00379       0.00000       0.00000
    2.7344       0.00100       0.02427      49.24654      -0.00379      49.26169      -0.00379       0.00000       0.00000
    2.7350       0.00100       0.02427      49.24654      -0.00379      49.26169      -0.00379       0.00000       0.00000
    2.7356       0.00100       0.02427      49.24654      -0.00379      49.26169      -0.00379       0.00000       0.00000
    2.7362       0.00100       0.02427      49.24654      -0.00379      49.26169      -0.00379       0.00000       0.00000
    2.7369       0.00100       0.02427      49.24654      -0.00379      49.26169      -0.00379       0.00000       0.00000
    2.7375       0.00100       0.02427      49.24654      -0.00379      49.26169      -0.00379       0.00000       0.00000
    2.7381       0.00100       0.02427      49.24654      -0.00379      49.26169      -0.00379       0.00000       0.00000
    2.7387       0.00100       0.02427      49.24654      -0.00379      49.26169      -0.00379       0.00000       0.00000
    2.7394       0.00100       0.02427      49.24654      -0.00379      49.26169      -0.00379       0.00000       0.00000
    2.7400       0.00100       0.02427      49.24654      -0.00379      49.26169      -0.00379       0.00000       0.00000
    2.7406       0.00100       0.02427      49.24654      -0.00379      49.26169      -0.00379       0.00000       0.00000
    2.7412       0.00100       0.02427      49.24654      -0.00379      49.26169      -0.00379       0.00000       0.00000
    2.7419       0.00100       0.02427      49.24654      -0.00379      49.26169      -0.00379       0.00000       0.00000
    2.7425       0.00100       0.02427      49.24654      -0.00379      49.26169      -0.00379       0.00000       0.00000
    2.7431       0.00100       0.02427      49.24654      -0.00379      49.26169      -0.00379       0.00000       0.00000
    2.7437       0.00100       0.02427      49.24654      -0.00379      49.26169      -0.00379       0.00000       0.00000
    2.7444       0.00100       0.02427      49.24654      -0.00379      49.26169      -0.00379       0.00000       0.00000
    2.7450       0.00100       0.02427      49.24654      -0.00379      49.26169      -0.00379       0.00000       0.00000
    2.7456       0.00100       0.02427      49.24654      -0.00379      49.26169      -0.00379       0.00000       0.00000
    2.7462       0.00100       0.02427      49.24654      -0.00379      49.26169      -0.00379       0.00000       0.00000
    2.7469       0.00100       0.02427      49.24654      -0.00379      49.26169      -0.00379       0.00000       0.00000
    2.7475       0.00100       0.02427      49.24654      -0.00379      49.26169      -0.00379       0.00000       0.00000
    2.7481       0.00100       0.02427      49.24654      -0.00379      49.26169      -0.00379       0.00000       0.00000
    2.7487       0.00100       0.02427      49.24654      -0.00379      49.26169      -0.00379       0.00000       0.00000
    2.7494       0.00100       0.02427      49.24654      -0.00379      49.26169      -0.00379       0.00000       0.00000
    2.7500       0.00100       0.02427      49.24654      -0.00379      49.26169      -0.00379       0.00000       0.00000
    2.7506       0.00100       0.02427      49.24654      -0.00379      49.26169      -0.00379       0.00000       0.00000
    2.7512       0.00100       0.02427      49.24654      -0.00379      49.26169      -0.00379       0.00000       0.00000
    2.7519       0.00100       0.02427      49.24654      -0.00379      49.26169      -0.00379       0.00000       0.00000
    2.7525       0.00100       0.02427      49.24654      -0.00379      49.26169      -0.00379       0.00000       0.00000
    2.7531       0.00100       0.02427      49.24654      -0.00379      49.26169      -0.00379       0.00000       0.00000
    2.7537       0.00100       0.02427      49.24654      -0.00379      49.26169      -0.00379       0.00000       0.00000
    2.7544       0.00100       0.02427      49.24654      -0.00379      49.26169      -0.00379       0.00000       0.00000
    2.7550       0.00100       0.02427      49.24654      -0.00379      49.26169      -0.00379       0.00000       0.00000
    2.7556       0.00100       0.02427      49.24654      -0.00379      49.26169      -0.00379       0.00000       0.00000
    2.7562       0.00100       0.02427      49.24654      -0.00379      49.26169      -0.00379       0.00000       0.00000
    2.7569       0.00100       0.02427      49.24654      -0.00379      49.26169      -0.00379       0.00000       0.00000
    2.7575       0.00100       0.02427      49.24654      -0.00379      49.26169      -0.00379       0.00000       0.00000
    2.7581       0.00100       0.02427      49.24654      -0.00379      49.26169      -0.00379       0.00000       0.00000
    2.7587       0.00100       0.02427      49.24654      -0.00379      49.26169      -0.00379       0.00000       0.00000
    2.7594       0.00100       0.02427      49.24654      -0.00379      49.26169      -0.00379       0.00000       0.00000
    2.7600       0.00100       0.02427      49.24654      -0.00379      49.26169      -0.00379       0.00000       0.00000
    2.7606       0.00100       0.02427      49.24654      -0.00379      49.26169      -0.00379       0.00000       0.00000
    2.7612       0.00100       0.02427      49.24654      -0.00379      49.26169      -0.00379       0.00000       0.00000
    2.7619       0.00100       0.02427      49.24654      -0.00379      49.26169      -0.00379       0.00000       0.00000
    2.7625       0.00100       0.02427      49.24654      -0.00379      49.26169      -0.00379       0.00000       0.00000
    2.7631       0.00100       0.02427      49.24654      -0.00379      49.26169      -0.00379       0.00000       0.00000
    2.7637       0.00100       0.02427      49.24654      -0.00379      49.26169      -0.00379       0.00000       0.00000
    2.7644       0.00100       0.02427      49.24654      -0.00379      49.26169      -0.00379       0.00000       0.00000
    2.7650       0.00100       0.02427      49.24654      -0.00379      49.26169      -0.00379       0.00000       0.00000
    2.7656       0.00100       0.02427      49.24654      -0.00379      49.26169      -0.00379       0.00000       0.00000
    2.7662       0.00100       0.02427      49.24654      -0.00379      49.26169      -0.00379       0.00000       0.00000
    2.7669       0.00100       0.02427      49.24654      -0.00379      49.26169      -0.00379       0.00000       0.00000
    2.7675       0.00100       0.02427      49.24654      -0.00379      49.26169      -0.00379       0.00000       0.00000
    2.7681       0.00100       0.02427      49.24654      -0.00379      49.26169      -0.00379       0.00000       0.00000
    2.7687       0.00100       0.02427      49.24654      -0.00379      49.26169      -0.00379       0.00000       0.00000
    2.7694       0.00100       0.02427      49.24654      -0.00379      49.26169      -0.00379       0.00000       0.00000
    2.7700       0.00100       0.02427      49.24654      -0.00379      49.26169      -0.00379       0.00000       0.00000
    2.7706       0.00100       0.02427      49.24654      -0.00379      49.26169      -0.00379       0.00000       0.00000
    2.7712       0.00100       0.02427      49.24654      -0.00379      49.26169      -0.00379       0.00000       0.00000
    2.7719       0.00100       0.02427      49.24654      -0.00379      49.26169      -0.00379       0.00000       0.00000
    2.7725       0.00100       0.02427      49.24654      -0.00379      49.26169      -0.00379       0.00000       0.00000
    2.7731       0.00100       0.02427      49.24654      -0.00379      49.26169      -0.00379       0.00000       0.00000
    2.7737       0.00100       0.02427      49.24654      -0.00379      49.26169      -0.00379       0.00000       0.00000
    2.7744       0.00100       0.02427      49.24654      -0.00379      49.26169      -0.00379       0.00000       0.00000
    2.7750       0.00100       0.02427      49.24654      -0.00379      49.26169      -0.00379       0.00000       0.00000
    2.7756       0.00100       0.02427      49.24654      -0.00379      49.26169      -0.00379       0.00000       0.00000
    2.7762       0.00100       0.02427      49.24654      -0.00379      49.26169      -0.00379       0.00000       0.00000
    2.7769       0.00100       0.02427      49.24654      -0.00379      49.26169      -0.00379       0.00000       0.00000
    2.7775       0.00100       0.02427      49.24654      -0.00379      49.26169      -0.00379       0.00000       0.00000
    2.7781       0.00100       0.02427      49.24654      -0.00379      49.26169      -0.00379       0.00000       0.00000
    2.7787       0.00100       0.02427      49.24654      -0.00379      49.26169      -0.00379       0.00000       0.00000
    2.7794       0.00100       0.02427      49.24654      -0.00379      49.26169      -0.00379       0.00000       0.00000
    2.7800       0.00100       0.02427      49.24654      -0.00379      49.26169      -0.00379       0.00000       0.00000
    2.7806       0.00100       0.02427      49.24654      -0.00379      49.26169      -0.00379       0.00000       0.00000
    2.7812       0.00100       0.02427      49.24654      -0.00379      49.26169      -0.00379       0.00000       0.00000
    2.7819       0.00100       0.02427      49.24654      -0.00379      49.26169      -0.00379       0.00000       0.00000
    2.7825       0.00100       0.02427      49.24654      -0.00379      49.26169      -0.00379       0.00000       0.00000
    2.7831       0.00100       0.02427      49.24654      -0.00379      49.26169      -0.00379       0.00000       0.00000
    2.7837       0.00100       0.02427      49.24654      -0.00379      49.26169      -0.00379       0.00000       0.00000
    2.7844       0.00100       0.02427      49.24654      -0.00379      49.26169      -0.00379       0.00000       0.00000
    2.7850       0.00100       0.02427      49.24654      -0.00379      49.26169      -0.00379       0.00000       0.00000
    2.7856       0.00100       0.02427      49.24654      -0.00379      49.26169      -0.00379       0.00000       0.00000
    2.7862       0.00100       0.02427      49.24654      -0.00379      49.26169      -0.00379       0.00000       0.00000
    2.7869       0.00100       0.02427      49.24654      -0.00379      49.26169      -0.00379       0.00000       0.00000
    2.7875       0.00100       0.02427      49.24654      -0.00379      49.26169      -0.00379       0.00000       0.00000
    2.7881       0.00100       0.02427      49.24654      -0.00379      49.26169      -0.00379       0.00000       0.00000
    2.7887       0.00100       0.02427      49.24654      -0.00379      49.26169      -0.00379       0.00000       0.00000
    2.7894       0.00100       0.02427      49.24654      -0.00379      49.26169      -0.00379       0.00000       0.00000
    2.7900       0.00100       0.02427      49.24654      -0.00379      49.26169      -0.00379       0.00000       0.00000
    2.7906       0.00100       0.02427      49.24654      -0.00379      49.26169      -0.00379       0.00000       0.00000
    2.7912       0.00100       0.02427      49.24654      -0.00379      49.26169      -0.00379       0.00000       0.00000
    2.7919       0.00100       0.02427      49.24654      -0.00379      49.26169      -0.00379       0.00000       0.00000
    2.7925       0.00100       0.02427      49.24654      -0.00379      49.26169      -0.00379       0.00000       0.00000
    2.7931       0.00100       0.02427      49.24654      -0.00379      49.26169      -0.00379       0.00000       0.00000
    2.7937       0.00100       0.02427      49.24654      -0.00379      49.26169      -0.00379       0.00000       0.00000
    2.7944       0.00100       0.02427      49.24654      -0.00379      49.26169      -0.00379       0.00000       0.00000
    2.7950       0.00100       0.02427      49.24654      -0.00379      49.26169      -0.00379       0.00000       0.00000
    2.7956       0.00100       0.02427      49.24654      -0.00379      49.26169      -0.00379       0.00000       0.00000
    2.7962       0.00100       0.02427      49.24654      -0.00379      49.26169      -0.00379       0.00000       0.00000
    2.7969       0.00100       0.02427      49.24654      -0.00379      49.26169      -0.00379       0.00000       0.00000
    2.7975       0.00100       0.02427      49.24654      -0.00379      49.26169      -0.00379       0.00000       0.00000
    2.7981       0.00100       0.02427      49.24654      -0.00379      49.26169      -0.00379       0.00000       0.00000
    2.7987       0.00100       0.02427      49.24654      -0.00379      49.26169      -0.00379       0.00000       0.00000
    2.7994       0.00100       0.02427      49.24654      -0.00379      49.26169      -0.00379       0.00000       0.00000
    2.8000       0.00100       0.02427      49.24654      -0.00379      49.26169      -0.00379       0.00000       0.00000
    2.8006       0.00100       0.02427      49.24654      -0.00379      49.26169      -0.00379       0.00000       0.00000
    2.8012       0.00100       0.02427      49.24654      -0.00379      49.26169      -0.00379       0.00000       0.00000
    2.8019       0.00100       0.02427      49.24654      -0.00379      49.26169      -0.00379       0.00000       0.00000
    2.8025       0.00100       0.02427      49.24654      -0.00379      49.26169      -0.00379       0.00000       0.00000
    2.8031       0.00100       0.02427      49.24654      -0.00379      49.26169      -0.00379       0.00000       0.00000
    2.8037       0.00100       0.02427      49.24654      -0.00379      49.26169      -0.00379       0.00000       0.00000
    2.8044       0.00100       0.02427      49.24654      -0.00379      49.26169      -0.00379       0.00000       0.00000
    2.8050       0.00100       0.02427      49.24654      -0.00379      49.26169      -0.00379       0.00000       0.00000
    2.8056       0.00100       0.02427      49.24654      -0.00379      49.26169      -0.00379       0.00000       0.00000
    2.8062       0.00100       0.02427      49.24654      -0.00379      49.26169      -0.00379       0.00000       0.00000
    2.8069       0.00100       0.02427      49.24654      -0.00379      49.26169      -0.00379       0.00000       0.00000
    2.8075       0.00100       0.02427      49.24654      -0.00379      49.26169      -0.00379       0.00000       0.00000
    2.8081       0.00100       0.02427      49.24654      -0.00379      49.26169      -0.00379       0.00000       0.00000
    2.8087       0.00100       0.02427      49.24654      -0.00379      49.26169      -0.00379       0.00000       0.00000
    2.8094       0.00100       0.02427      49.24654      -0.00379      49.26169      -0.00379       0.00000       0.00000
    2.8100       0.00100       0.02427      49.24654      -0.00379      49.26169      -0.00379       0.00000       0.00000
    2.8106       0.00100       0.02427      49.24654      -0.00379      49.26169      -0.00379       0.00000       0.00000
    2.8112       0.00100       0.02427      49.24654      -0.00379      49.26169      -0.00379       0.00000       0.00000
    2.8119       0.00100       0.02427      49.24654      -0.00379      49.26169      -0.00379       0.00000       0.00000
    2.8125       0.00100       0.02427      49.24654      -0.00379      49.26169      -0.00379       0.00000       0.00000
    2.8131       0.00100       0.02427      49.24654      -0.00379      49.26169      -0.00379       0.00000       0.00000
    2.8137       0.00100       0.02427      49.24654      -0.00379      49.26169      -0.00379       0.00000       0.00000
    2.8144       0.00100       0.02427      49.24654      -0.00379      49.26169      -0.00379       0.00000       0.00000
    2.8150       0.00100       0.02427      49.24654      -0.00379      49.26169      -0.00379       0.00000       0.00000
    2.8156       0.00100       0.02427      49.24654      -0.00379      49.26169      -0.00379       0.00000       0.00000
    2.8162       0.00100       0.02427      49.24654      -0.00379      49.26169      -0.00379       0.00000       0.00000
    2.8169       0.00100       0.02427      49.24654      -0.00379      49.26169      -0.00379       0.00000       0.00000
    2.8175       0.00100       0.02427      49.24654      -0.00379      49.26169      -0.00379       0.00000       0.00000
    2.8181       0.00100       0.02427      49.24654      -0.00379      49.26169      -0.00379       0.00000       0.00000
    2.8187       0.00100       0.02427      49.24654      -0.00379      49.26169      -0.00379       0.00000       0.00000
    2.8194       0.00100       0.02427      49.24654      -0.00379      49.26169      -0.00379       0.00000       0.00000
    2.8200       0.00100       0.02427      49.24654      -0.00379      49.26169      -0.00379       0.00000       0.00000
    2.8206       0.00100       0.02427      49.24654      -0.00379      49.26169      -0.00379       0.00000       0.00000
    2.8212       0.00100       0.02427      49.24654      -0.00379      49.26169      -0.00379       0.00000       0.00000
    2.8219       0.00100       0.02427      49.24654      -0.00379      49.26169      -0.00379       0.00000       0.00000
    2.8225       0.00100       0.02427      49.24654      -0.00379      49.26169      -0.00379       0.00000       0.00000
    2.8231       0.00100       0.02427      49.24654      -0.00379      49.26169      -0.00379       0.00000       0.00000
    2.8237       0.00100       0.02427      49.24654      -0.00379      49.26169      -0.00379       0.00000       0.00000
    2.8244       0.00100       0.02427      49.24654      -0.00379      49.26169      -0.00379       0.00000       0.00000
    2.8250       0.00100       0.02427      49.24654      -0.00379      49.26169      -0.00379       0.00000       0.00000
    2.8256       0.00100       0.02427      49.24654      -0.00379      49.26169      -0.00379       0.00000       0.00000
    2.8262       0.00100       0.02427      49.24654      -0.00379      49.26169      -0.00379       0.00000       0.00000
    2.8269       0.00100       0.02427      49.24654      -0.00379      49.26169      -0.00379       0.00000       0.00000
    2.8275       0.00100       0.02427      49.24654      -0.00379      49.26169      -0.00379       0.00000       0.00000
    2.8281       0.00100       0.02427      49.24654      -0.00379      49.26169      -0.00379       0.00000       0.00000
    2.8287       0.00100       0.02427      49.24654      -0.00379      49.26169      -0.00379       0.00000       0.00000
    2.8294       0.00100       0.02427      49.24654      -0.00379      49.26169      -0.00379       0.00000       0.00000
    2.8300       0.00100       0.02427      49.24654      -0.00379      49.26169      -0.00379       0.00000       0.00000
    2.8306       0.00100       0.02427      49.24654      -0.00379      49.26169      -0.00379       0.00000       0.00000
    2.8312       0.00100       0.02427      49.24654      -0.00379      49.26169      -0.00379       0.00000       0.00000
    2.8319       0.00100       0.02427      49.24654      -0.00379      49.26169      -0.00379       0.00000       0.00000
    2.8325       0.00100       0.02427      49.24654      -0.00379      49.26169      -0.00379       0.00000       0.00000
    2.8331       0.00100       0.02427      49.24654      -0.00379      49.26169      -0.00379       0.00000       0.00000
    2.8337       0.00100       0.02427      49.24654      -0.00379      49.26169      -0.00379       0.00000       0.00000
    2.8344       0.00100       0.02427      49.24654      -0.00379      49.26169      -0.00379       0.00000       0.00000
    2.8350       0.00100       0.02427      49.24654      -0.00379      49.26169      -0.00379       0.00000       0.00000
    2.8356       0.00100       0.02427      49.24654      -0.00379      49.26169      -0.00379       0.00000       0.00000
    2.8362       0.00100       0.02427      49.24654      -0.00379      49.26169      -0.00379       0.00000       0.00000
    2.8369       0.00100       0.02427      49.24654      -0.00379      49.26169      -0.00379       0.00000       0.00000
    2.8375       0.00100       0.02427      49.24654      -0.00379      49.26169      -0.00379       0.00000       0.00000
    2.8381       0.00100       0.02427      49.24654      -0.00379      49.26169      -0.00379       0.00000       0.00000
    2.8387       0.00100       0.02427      49.24654      -0.00379      49.26169      -0.00379       0.00000       0.00000
    2.8394       0.00100       0.02427      49.24654      -0.00379      49.26169      -0.00379       0.00000       0.00000
    2.8400       0.00100       0.02427      49.24654      -0.00379      49.26169      -0.00379       0.00000       0.00000
    2.8406       0.00100       0.02427      49.24654      -0.00379      49.26169      -0.00379       0.00000       0.00000
    2.8412       0.00100       0.02427      49.24654      -0.00379      49.26169      -0.00379       0.00000       0.00000
    2.8419       0.00100       0.02427      49.24654      -0.00379      49.26169      -0.00379       0.00000       0.00000
    2.8425       0.00100       0.02427      49.24654      -0.00379      49.26169      -0.00379       0.00000       0.00000
    2.8431       0.00100       0.02427      49.24654      -0.00379      49.26169      -0.00379       0.00000       0.00000
    2.8437       0.00100       0.02427      49.24654      -0.00379      49.26169      -0.00379       0.00000       0.00000
    2.8444       0.00100       0.02427      49.24654      -0.00379      49.26169      -0.00379       0.00000       0.00000
    2.8450       0.00100       0.02427      49.24654      -0.00379      49.26169      -0.00379       0.00000       0.00000
    2.8456       0.00100       0.02427      49.24654      -0.00379      49.26169      -0.00379       0.00000       0.00000
    2.8462       0.00100       0.02427      49.24654      -0.00379      49.26169      -0.00379       0.00000       0.00000
    2.8469       0.00100       0.02427      49.24654      -0.00379      49.26169      -0.00379       0.00000       0.00000
    2.8475       0.00100       0.02427      49.24654      -0.00379      49.26169      -0.00379       0.00000       0.00000
    2.8481       0.00100       0.02427      49.24654      -0.00379      49.26169      -0.00379       0.00000       0.00000
    2.8487       0.00100       0.02427      49.24654      -0.00379      49.26169      -0.00379       0.00000       0.00000
    2.8494       0.00100       0.02427      49.24654      -0.00379      49.26169      -0.00379       0.00000       0.00000
    2.8500       0.00100       0.02427      49.24654      -0.00379      49.26169      -0.00379       0.00000       0.00000
    2.8506       0.00100       0.02427      49.24654      -0.00379      49.26169      -0.00379       0.00000       0.00000
    2.8512       0.00100       0.02427      49.24654      -0.00379      49.26169      -0.00379       0.00000       0.00000
    2.8519       0.00100       0.02427      49.24654      -0.00379      49.26169      -0.00379       0.00000       0.00000
    2.8525       0.00100       0.02427      49.24654      -0.00379      49.26169      -0.00379       0.00000       0.00000
    2.8531       0.00100       0.02427      49.24654      -0.00379      49.26169      -0.00379       0.00000       0.00000
    2.8537       0.00100       0.02427      49.24654      -0.00379      49.26169      -0.00379       0.00000       0.00000
    2.8544       0.00100       0.02427      49.24654      -0.00379      49.26169      -0.00379       0.00000       0.00000
    2.8550       0.00100       0.02427      49.24654      -0.00379      49.26169      -0.00379       0.00000       0.00000
    2.8556       0.00100       0.02427      49.24654      -0.00379      49.26169      -0.00379       0.00000       0.00000
    2.8562       0.00100       0.02427      49.24654      -0.00379      49.26169      -0.00379       0.00000       0.00000
    2.8569       0.00100       0.02427      49.24654      -0.00379      49.26169      -0.00379       0.00000       0.00000
    2.8575       0.00100       0.02427      49.24654      -0.00379      49.26169      -0.00379       0.00000       0.00000
    2.8581       0.00100       0.02427      49.24654      -0.00379      49.26169      -0.00379       0.00000       0.00000
    2.8587       0.00100       0.02427      49.24654      -0.00379      49.26169      -0.00379       0.00000       0.00000
    2.8594       0.00100       0.02427      49.24654      -0.00379      49.26169      -0.00379       0.00000       0.00000
    2.8600       0.00100       0.02427      49.24654      -0.00379      49.26169      -0.00379       0.00000       0.00000
    2.8606       0.00100       0.02427      49.24654      -0.00379      49.26169      -0.00379       0.00000       0.00000
    2.8612       0.00100       0.02427      49.24654      -0.00379      49.26169      -0.00379       0.00000       0.00000
    2.8619       0.00100       0.02427      49.24654      -0.00379      49.26169      -0.00379       0.00000       0.00000
    2.8625       0.00100       0.02427      49.24654      -0.00379      49.26169      -0.00379       0.00000       0.00000
    2.8631       0.00100       0.02427      49.24654      -0.00379      49.26169      -0.00379       0.00000       0.00000
    2.8637       0.00100       0.02427      49.24654      -0.00379      49.26169      -0.00379       0.00000       0.00000
    2.8644       0.00100       0.02427      49.24654      -0.00379      49.26169      -0.00379       0.00000       0.00000
    2.8650       0.00100       0.02427      49.24654      -0.00379      49.26169      -0.00379       0.00000       0.00000
    2.8656       0.00100       0.02427      49.24654      -0.00379      49.26169      -0.00379       0.00000       0.00000
    2.8662       0.00100       0.02427      49.24654      -0.00379      49.26169      -0.00379       0.00000       0.00000
    2.8669       0.00100       0.02427      49.24654      -0.00379      49.26169      -0.00379       0.00000       0.00000
    2.8675       0.00100       0.02427      49.24654      -0.00379      49.26169      -0.00379       0.00000       0.00000
    2.8681       0.00100       0.02427      49.24654      -0.00379      49.26169      -0.00379       0.00000       0.00000
    2.8687       0.00100       0.02427      49.24654      -0.00379      49.26169      -0.00379       0.00000       0.00000
    2.8694       0.00100       0.02427      49.24654      -0.00379      49.26169      -0.00379       0.00000       0.00000
    2.8700       0.00100       0.02427      49.24654      -0.00379      49.26169      -0.00379       0.00000       0.00000
    2.8706       0.00100       0.02427      49.24654      -0.00379      49.26169      -0.00379       0.00000       0.00000
    2.8712       0.00100       0.02427      49.24654      -0.00379      49.26169      -0.00379       0.00000       0.00000
    2.8719       0.00100       0.02427      49.24654      -0.00379      49.26169      -0.00379       0.00000       0.00000
    2.8725       0.00100       0.02427      49.24654      -0.00379      49.26169      -0.00379       0.00000       0.00000
    2.8731       0.00100       0.02427      49.24654      -0.00379      49.26169      -0.00379       0.00000       0.00000
    2.8737       0.00100       0.02427      49.24654      -0.00379      49.26169      -0.00379       0.00000       0.00000
    2.8744       0.00100       0.02427      49.24654      -0.00379      49.26169      -0.00379       0.00000       0.00000
    2.8750       0.00100       0.02427      49.24654      -0.00379      49.26169      -0.00379       0.00000       0.00000
    2.8756       0.00100       0.02427      49.24654      -0.00379      49.26169      -0.00379       0.00000       0.00000
    2.8762       0.00100       0.02427      49.24654      -0.00379      49.26169      -0.00379       0.00000       0.00000
    2.8769       0.00100       0.02427      49.24654      -0.00379      49.26169      -0.00379       0.00000       0.00000
    2.8775       0.00100       0.02427      49.24654      -0.00379      49.26169      -0.00379       0.00000       0.00000
    2.8781       0.00100       0.02427      49.24654      -0.00379      49.26169      -0.00379       0.00000       0.00000
    2.8787       0.00100       0.02427      49.24654      -0.00379      49.26169      -0.00379       0.00000       0.00000
    2.8794       0.00100       0.02427      49.24654      -0.00379      49.26169      -0.00379       0.00000       0.00000
    2.8800       0.00100       0.02427      49.24654      -0.00379      49.26169      -0.00379       0.00000       0.00000
    2.8806       0.00100       0.02427      49.24654      -0.00379      49.26169      -0.00379       0.00000       0.00000
    2.8812       0.00100       0.02427      49.24654      -0.00379      49.26169      -0.00379       0.00000       0.00000
    2.8819       0.00100       0.02427      49.24654      -0.00379      49.26169      -0.00379       0.00000       0.00000
    2.8825       0.00100       0.02427      49.24654      -0.00379      49.26169      -0.00379       0.00000       0.00000
    2.8831       0.00100       0.02427      49.24654      -0.00379      49.26169      -0.00379       0.00000       0.00000
    2.8837       0.00100       0.02427      49.24654      -0.00379      49.26169      -0.00379       0.00000       0.00000
    2.8844       0.00100       0.02427      49.24654      -0.00379      49.26169      -0.00379       0.00000       0.00000
    2.8850       0.00100       0.02427      49.24654      -0.00379      49.26169      -0.00379       0.00000       0.00000
    2.8856       0.00100       0.02427      49.24654      -0.00379      49.26169      -0.00379       0.00000       0.00000
    2.8862       0.00100       0.02427      49.24654      -0.00379      49.26169      -0.00379       0.00000       0.00000
    2.8869       0.00100       0.02427      49.24654      -0.00379      49.26169      -0.00379       0.00000       0.00000
    2.8875       0.00100       0.02427      49.24654      -0.00379      49.26169      -0.00379       0.00000       0.00000
    2.8881       0.00100       0.02427      49.24654      -0.00379      49.26169      -0.00379       0.00000       0.00000
    2.8887       0.00100       0.02427      49.24654      -0.00379      49.26169      -0.00379       0.00000       0.00000
    2.8894       0.00100       0.02427      49.24654      -0.00379      49.26169      -0.00379       0.00000       0.00000
    2.8900       0.00100       0.02427      49.24654      -0.00379      49.26169      -0.00379       0.00000       0.00000
    2.8906       0.00100       0.02427      49.24654      -0.00379      49.26169      -0.00379       0.00000       0.00000
    2.8912       0.00100       0.02427      49.24654      -0.00379      49.26169      -0.00379       0.00000       0.00000
    2.8919       0.00100       0.02427      49.24654      -0.00379      49.26169      -0.00379       0.00000       0.00000
    2.8925       0.00100       0.02427      49.24654      -0.00379      49.26169      -0.00379       0.00000       0.00000
    2.8931       0.00100       0.02427      49.24654      -0.00379      49.26169      -0.00379       0.00000       0.00000
    2.8937       0.00100       0.02427      49.24654      -0.00379      49.26169      -0.00379       0.00000       0.00000
    2.8944       0.00100       0.02427      49.24654      -0.00379      49.26169      -0.00379       0.00000       0.00000
    2.8950       0.00100       0.02427      49.24654      -0.00379      49.26169      -0.00379       0.00000       0.00000
    2.8956       0.00100       0.02427      49.24654      -0.00379      49.26169      -0.00379       0.00000       0.00000
    2.8962       0.00100       0.02427      49.24654      -0.00379      49.26169      -0.00379       0.00000       0.00000
    2.8969       0.00100       0.02427      49.24654      -0.00379      49.26169      -0.00379       0.00000       0.00000
    2.8975       0.00100       0.02427      49.24654      -0.00379      49.26169      -0.00379       0.00000       0.00000
    2.8981       0.00100       0.02427      49.24654      -0.00379      49.26169      -0.00379       0.00000       0.00000
    2.8987       0.00100       0.02427      49.24654      -0.00379      49.26169      -0.00379       0.00000       0.00000
    2.8994       0.00100       0.02427      49.24654      -0.00379      49.26169      -0.00379       0.00000       0.00000
    2.9000       0.00100       0.02427      49.24654      -0.00379      49.26169      -0.00379       0.00000       0.00000
    2.9006       0.00100       0.02427      49.24654      -0.00379      49.26169      -0.00379       0.00000       0.00000
    2.9012       0.00100       0.02427      49.24654      -0.00379      49.26169      -0.00379       0.00000       0.00000
    2.9019       0.00100       0.02427      49.24654      -0.00379      49.26169      -0.00379       0.00000       0.00000
    2.9025       0.00100       0.02427      49.24654      -0.00379      49.26169      -0.00379       0.00000       0.00000
    2.9031       0.00100       0.02427      49.24654      -0.00379      49.26169      -0.00379       0.00000       0.00000
    2.9037       0.00100       0.02427      49.24654      -0.00379      49.26169      -0.00379       0.00000       0.00000
    2.9044       0.00100       0.02427      49.24654      -0.00379      49.26169      -0.00379       0.00000       0.00000
    2.9050       0.00100       0.02427      49.24654      -0.00379      49.26169      -0.00379       0.00000       0.00000
    2.9056       0.00100       0.02427      49.24654      -0.00379      49.26169      -0.00379       0.00000       0.00000
    2.9062       0.00100       0.02427      49.24654      -0.00379      49.26169      -0.00379       0.00000       0.00000
    2.9069       0.00100       0.02427      49.24654      -0.00379      49.26169      -0.00379       0.00000       0.00000
    2.9075       0.00100       0.02427      49.24654      -0.00379      49.26169      -0.00379       0.00000       0.00000
    2.9081       0.00100       0.02427      49.24654      -0.00379      49.26169      -0.00379       0.00000       0.00000
    2.9087       0.00100       0.02427      49.24654      -0.00379      49.26169      -0.00379       0.00000       0.00000
    2.9094       0.00100       0.02427      49.24654      -0.00379      49.26169      -0.00379       0.00000       0.00000
    2.9100       0.00100       0.02427      49.24654      -0.00379      49.26169      -0.00379       0.00000       0.00000
    2.9106       0.00100       0.02427      49.24654      -0.00379      49.26169      -0.00379       0.00000       0.00000
    2.9112       0.00100       0.02427      49.24654      -0.00379      49.26169      -0.00379       0.00000       0.00000
    2.9119       0.00100       0.02427      49.24654      -0.00379      49.26169      -0.00379       0.00000       0.00000
    2.9125       0.00100       0.02427      49.24654      -0.00379      49.26169      -0.00379       0.00000       0.00000
    2.9131       0.00100       0.02427      49.24654      -0.00379      49.26169      -0.00379       0.00000       0.00000
    2.9137       0.00100       0.02427      49.24654      -0.00379      49.26169      -0.00379       0.00000       0.00000
    2.9144       0.00100       0.02427      49.24654      -0.00379      49.26169      -0.00379       0.00000       0.00000
    2.9150       0.00100       0.02427      49.24654      -0.00379      49.26169      -0.00379       0.00000       0.00000
    2.9156       0.00100       0.02427      49.24654      -0.00379      49.26169      -0.00379       0.00000       0.00000
    2.9162       0.00100       0.02427      49.24654      -0.00379      49.26169      -0.00379       0.00000       0.00000
    2.9169       0.00100       0.02427      49.24654      -0.00379      49.26169      -0.00379       0.00000       0.00000
    2.9175       0.00100       0.02427      49.24654      -0.00379      49.26169      -0.00379       0.00000       0.00000
    2.9181       0.00100       0.02427      49.24654      -0.00379      49.26169      -0.00379       0.00000       0.00000
    2.9187       0.00100       0.02427      49.24654      -0.00379      49.26169      -0.00379       0.00000       0.00000
    2.9194       0.00100       0.02427      49.24654      -0.00379      49.26169      -0.00379       0.00000       0.00000
    2.9200       0.00100       0.02427      49.24654      -0.00379      49.26169      -0.00379       0.00000       0.00000
    2.9206       0.00100       0.02427      49.24654      -0.00379      49.26169      -0.00379       0.00000       0.00000
    2.9212       0.00100       0.02427      49.24654      -0.00379      49.26169      -0.00379       0.00000       0.00000
    2.9219       0.00100       0.02427      49.24654      -0.00379      49.26169      -0.00379       0.00000       0.00000
    2.9225       0.00100       0.02427      49.24654      -0.00379      49.26169      -0.00379       0.00000       0.00000
    2.9231       0.00100       0.02427      49.24654      -0.00379      49.26169      -0.00379       0.00000       0.00000
    2.9237       0.00100       0.02427      49.24654      -0.00379      49.26169      -0.00379       0.00000       0.00000
    2.9244       0.00100       0.02427      49.24654      -0.00379      49.26169      -0.00379       0.00000       0.00000
    2.9250       0.00100       0.02427      49.24654      -0.00379      49.26169      -0.00379       0.00000       0.00000
    2.9256       0.00100       0.02427      49.24654      -0.00379      49.26169      -0.00379       0.00000       0.00000
    2.9262       0.00100       0.02427      49.24654      -0.00379      49.26169      -0.00379       0.00000       0.00000
    2.9269       0.00100       0.02427      49.24654      -0.00379      49.26169      -0.00379       0.00000       0.00000
    2.9275       0.00100       0.02427      49.24654      -0.00379      49.26169      -0.00379       0.00000       0.00000
    2.9281       0.00100       0.02427      49.24654      -0.00379      49.26169      -0.00379       0.00000       0.00000
    2.9287       0.00100       0.02427      49.24654      -0.00379      49.26169      -0.00379       0.00000       0.00000
    2.9294       0.00100       0.02427      49.24654      -0.00379      49.26169      -0.00379       0.00000       0.00000
    2.9300       0.00100       0.02427      49.24654      -0.00379      49.26169      -0.00379       0.00000       0.00000
    2.9306       0.00100       0.02427      49.24654      -0.00379      49.26169      -0.00379       0.00000       0.00000
    2.9312       0.00100       0.02427      49.24654      -0.00379      49.26169      -0.00379       0.00000       0.00000
    2.9319       0.00100       0.02427      49.24654      -0.00379      49.26169      -0.00379       0.00000       0.00000
    2.9325       0.00100       0.02427      49.24654      -0.00379      49.26169      -0.00379       0.00000       0.00000
    2.9331       0.00100       0.02427      49.24654      -0.00379      49.26169      -0.00379       0.00000       0.00000
    2.9337       0.00100       0.02427      49.24654      -0.00379      49.26169      -0.00379       0.00000       0.00000
    2.9344       0.00100       0.02427      49.24654      -0.00379      49.26169      -0.00379       0.00000       0.00000
    2.9350       0.00100       0.02427      49.24654      -0.00379      49.26169      -0.00379       0.00000       0.00000
    2.9356       0.00100       0.02427      49.24654      -0.00379      49.26169      -0.00379       0.00000       0.00000
    2.9362       0.00100       0.02427      49.24654      -0.00379      49.26169      -0.00379       0.00000       0.00000
    2.9369       0.00100       0.02427      49.24654      -0.00379      49.26169      -0.00379       0.00000       0.00000
    2.9375       0.00100       0.02427      49.24654      -0.00379      49.26169      -0.00379       0.00000       0.00000
    2.9381       0.00100       0.02427      49.24654      -0.00379      49.26169      -0.00379       0.00000       0.00000
    2.9387       0.00100       0.02427      49.24654      -0.00379      49.26169      -0.00379       0.00000       0.00000
    2.9394       0.00100       0.02427      49.24654      -0.00379      49.26169      -0.00379       0.00000       0.00000
    2.9400       0.00100       0.02427      49.24654      -0.00379      49.26169      -0.00379       0.00000       0.00000
    2.9406       0.00100       0.02427      49.24654      -0.00379      49.26169      -0.00379       0.00000       0.00000
    2.9412       0.00100       0.02427      49.24654      -0.00379      49.26169      -0.00379       0.00000       0.00000
    2.9419       0.00100       0.02427      49.24654      -0.00379      49.26169      -0.00379       0.00000       0.00000
    2.9425       0.00100       0.02427      49.24654      -0.00379      49.26169      -0.00379       0.00000       0.00000
    2.9431       0.00100       0.02427      49.24654      -0.00379      49.26169      -0.00379       0.00000       0.00000
    2.9437       0.00100       0.02427      49.24654      -0.00379      49.26169      -0.00379       0.00000       0.00000
    2.9444       0.00100       0.02427      49.24654      -0.00379      49.26169      -0.00379       0.00000       0.00000
    2.9450       0.00100       0.02427      49.24654      -0.00379      49.26169      -0.00379       0.00000       0.00000
    2.9456       0.00100       0.02427      49.24654      -0.00379      49.26169      -0.00379       0.00000       0.00000
    2.9462       0.00100       0.02427      49.24654      -0.00379      49.26169      -0.00379       0.00000       0.00000
    2.9469       0.00100       0.02427      49.24654      -0.00379      49.26169      -0.00379       0.00000       0.00000
    2.9475       0.00100       0.02427      49.24654      -0.00379      49.26169      -0.00379       0.00000       0.00000
    2.9481       0.00100       0.02427      49.24654      -0.00379      49.26169      -0.00379       0.00000       0.00000
    2.9487       0.00100       0.02427      49.24654      -0.00379      49.26169      -0.00379       0.00000       0.00000
    2.9494       0.00100       0.02427      49.24654      -0.00379      49.26169      -0.00379       0.00000       0.00000
    2.9500       0.00100       0.02427      49.24654      -0.00379      49.26169      -0.00379       0.00000       0.00000
    2.9506       0.00100       0.02427      49.24654      -0.00379      49.26169      -0.00379       0.00000       0.00000
    2.9512       0.00100       0.02427      49.24654      -0.00379      49.26169      -0.00379       0.00000       0.00000
    2.9519       0.00100       0.02427      49.24654      -0.00379      49.26169      -0.00379       0.00000       0.00000
    2.9525       0.00100       0.02427      49.24654      -0.00379      49.26169      -0.00379       0.00000       0.00000
    2.9531       0.00100       0.02427      49.24654      -0.00379      49.26169      -0.00379       0.00000       0.00000
    2.9537       0.00100       0.02427      49.24654      -0.00379      49.26169      -0.00379       0.00000       0.00000
    2.9544       0.00100       0.02427      49.24654      -0.00379      49.26169      -0.00379       0.00000       0.00000
    2.9550       0.00100       0.02427      49.24654      -0.00379      49.26169      -0.00379       0.00000       0.00000
    2.9556       0.00100       0.02427      49.24654      -0.00379      49.26169      -0.00379       0.00000       0.00000
    2.9562       0.00100       0.02427      49.24654      -0.00379      49.26169      -0.00379       0.00000       0.00000
    2.9569       0.00100       0.02427      49.24654      -0.00379      49.26169      -0.00379       0.00000       0.00000
    2.9575       0.00100       0.02427      49.24654      -0.00379      49.26169      -0.00379       0.00000       0.00000
    2.9581       0.00100       0.02427      49.24654      -0.00379      49.26169      -0.00379       0.00000       0.00000
    2.9587       0.00100       0.02427      49.24654      -0.00379      49.26169      -0.00379       0.00000       0.00000
    2.9594       0.00100       0.02427      49.24654      -0.00379      49.26169      -0.00379       0.00000       0.00000
    2.9600       0.00100       0.02427      49.24654      -0.00379      49.26169      -0.00379       0.00000       0.00000
    2.9606       0.00100       0.02427      49.24654      -0.00379      49.26169      -0.00379       0.00000       0.00000
    2.9612       0.00100       0.02427      49.24654      -0.00379      49.26169      -0.00379       0.00000       0.00000
    2.9619       0.00100       0.02427      49.24654      -0.00379      49.26169      -0.00379       0.00000       0.00000
    2.9625       0.00100       0.02427      49.24654      -0.00379      49.26169      -0.00379       0.00000       0.00000
    2.9631       0.00100       0.02427      49.24654      -0.00379      49.26169      -0.00379       0.00000       0.00000
    2.9637       0.00100       0.02427      49.24654      -0.00379      49.26169      -0.00379       0.00000       0.00000
    2.9644       0.00100       0.02427      49.24654      -0.00379      49.26169      -0.00379       0.00000       0.00000
    2.9650       0.00100       0.02427      49.24654      -0.00379      49.26169      -0.00379       0.00000       0.00000
    2.9656       0.00100       0.02427      49.24654      -0.00379      49.26169      -0.00379       0.00000       0.00000
    2.9662       0.00100       0.02427      49.24654      -0.00379      49.26169      -0.00379       0.00000       0.00000
    2.9669       0.00100       0.02427      49.24654      -0.00379      49.26169      -0.00379       0.00000       0.00000
    2.9675       0.00100       0.02427      49.24654      -0.00379      49.26169      -0.00379       0.00000       0.00000
    2.9681       0.00100       0.02427      49.24654      -0.00379      49.26169      -0.00379       0.00000       0.00000
    2.9687       0.00100       0.02427      49.24654      -0.00379      49.26169      -0.00379       0.00000       0.00000
    2.9694       0.00100       0.02427      49.24654      -0.00379      49.26169      -0.00379       0.00000       0.00000
    2.9700       0.00100       0.02427      49.24654      -0.00379      49.26169      -0.00379       0.00000       0.00000
    2.9706       0.00100       0.02427      49.24654      -0.00379      49.26169      -0.00379       0.00000       0.00000
    2.9712       0.00100       0.02427      49.24654      -0.00379      49.26169      -0.00379       0.00000       0.00000
    2.9719       0.00100       0.02427      49.24654      -0.00379      49.26169      -0.00379       0.00000       0.00000
    2.9725       0.00100       0.02427      49.24654      -0.00379      49.26169      -0.00379       0.00000       0.00000
    2.9731       0.00100       0.02427      49.24654      -0.00379      49.26169      -0.00379       0.00000       0.00000
    2.9737       0.00100       0.02427      49.24654      -0.00379      49.26169      -0.00379       0.00000       0.00000
    2.9744       0.00100       0.02427      49.24654      -0.00379      49.26169      -0.00379       0.00000       0.00000
    2.9750       0.00100       0.02427      49.24654      -0.00379      49.26169      -0.00379       0.00000       0.00000
    2.9756       0.00100       0.02427      49.24654      -0.00379      49.26169      -0.00379       0.00000       0.00000
    2.9762       0.00100       0.02427      49.24654      -0.00379      49.26169      -0.00379       0.00000       0.00000
    2.9769       0.00100       0.02427      49.24654      -0.00379      49.26169      -0.00379       0.00000       0.00000
    2.9775       0.00100       0.02427      49.24654      -0.00379      49.26169      -0.00379       0.00000       0.00000
    2.9781       0.00100       0.02427      49.24654      -0.00379      49.26169      -0.00379       0.00000       0.00000
    2.9787       0.00100       0.02427      49.24654      -0.00379      49.26169      -0.00379       0.00000       0.00000
    2.9794       0.00100       0.02427      49.24654      -0.00379      49.26169      -0.00379       0.00000       0.00000
    2.9800       0.00100       0.02427      49.24654      -0.00379      49.26169      -0.00379       0.00000       0.00000
    2.9806       0.00100       0.02427      49.24654      -0.00379      49.26169      -0.00379       0.00000       0.00000
    2.9812       0.00100       0.02427      49.24654      -0.00379      49.26169      -0.00379       0.00000       0.00000
    2.9819       0.00100       0.02427      49.24654      -0.00379      49.26169      -0.00379       0.00000       0.00000
    2.9825       0.00100       0.02427      49.24654      -0.00379      49.26169      -0.00379       0.00000       0.00000
    2.9831       0.00100       0.02427      49.24654      -0.00379      49.26169      -0.00379       0.00000       0.00000
    2.9837       0.00100       0.02427      49.24654      -0.00379      49.26169      -0.00379       0.00000       0.00000
    2.9844       0.00100       0.02427      49.24654      -0.00379      49.26169      -0.00379       0.00000       0.00000
    2.9850       0.00100       0.02427      49.24654      -0.00379      49.26169      -0.00379       0.00000       0.00000
    2.9856       0.00100       0.02427      49.24654      -0.00379      49.26169      -0.00379       0.00000       0.00000
    2.9862       0.00100       0.02427      49.24654      -0.00379      49.26169      -0.00379       0.00000       0.00000
    2.9869       0.00100       0.02427      49.24654      -0.00379      49.26169      -0.00379       0.00000       0.00000
    2.9875       0.00100       0.02427      49.24654      -0.00379      49.26169      -0.00379       0.00000       0.00000
    2.9881       0.00100       0.02427      49.24654      -0.00379      49.26169      -0.00379       0.00000       0.00000
    2.9887       0.00100       0.02427      49.24654      -0.00379      49.26169      -0.00379       0.00000       0.00000
    2.9894       0.00100       0.02427      49.24654      -0.00379      49.26169      -0.00379       0.00000       0.00000
    2.9900       0.00100       0.02427      49.24654      -0.00379      49.26169      -0.00379       0.00000       0.00000
    2.9906       0.00100       0.02427      49.24654      -0.00379      49.26169      -0.00379       0.00000       0.00000
    2.9912       0.00100       0.02427      49.24654      -0.00379      49.26169      -0.00379       0.00000       0.00000
    2.9919       0.00100       0.02427      49.24654      -0.00379      49.26169      -0.00379       0.00000       0.00000
    2.9925       0.00100       0.02427      49.24654      -0.00379      49.26169      -0.00379       0.00000       0.00000
    2.9931       0.00100       0.02427      49.24654      -0.00379      49.26169      -0.00379       0.00000       0.00000
    2.9937       0.00100       0.02427      49.24654      -0.00379      49.26169      -0.00379       0.00000       0.00000
    2.9944       0.00100       0.02427      49.24654      -0.00379      49.26169      -0.00379       0.00000       0.00000
    2.9950       0.00100       0.02427      49.24654      -0.00379      49.26169      -0.00379       0.00000       0.00000
    2.9956       0.00100       0.02427      49.24654      -0.00379      49.26169      -0.00379       0.00000       0.00000
    2.9962       0.00100       0.02427      49.24654      -0.00379      49.26169      -0.00379       0.00000       0.00000
    2.9969       0.00100       0.02427      49.24654      -0.00379      49.26169      -0.00379       0.00000       0.00000
    2.9975       0.00100       0.02427      49.24654      -0.00379      49.26169      -0.00379       0.00000       0.00000
    2.9981       0.00100       0.02427      49.24654      -0.00379      49.26169      -0.00379       0.00000       0.00000
    2.9987       0.00100       0.02427      49.24654      -0.00379      49.26169      -0.00379       0.00000       0.00000
    2.9994       0.00100       0.02427      49.24654      -0.00379      49.26169      -0.00379       0.00000       0.00000
    3.0000       0.00100       0.02427      49.24654      -0.00379      49.26169      -0.00379       0.00000       0.00000
    3.0006       0.00100       0.02427      49.24654      -0.00379      49.26169      -0.00379       0.00000       0.00000
